id,submission_id,category,fields_json,user,created_at
1,1,story,"{""age_appropriateness"": 1, ""clarity"": 1, ""creativity"": 0, ""language"": 0, ""message"": 1, ""literature"": 1, ""notes"": """"}",nprokopchuk,2025-10-16T19:27:22.269172
2,2,story,"{""age_appropriateness"": 1, ""clarity"": 1, ""creativity"": 1, ""language"": 1, ""message"": 0, ""literature"": 1, ""notes"": ""The \""message\"" of the story feels very random and doesn't fit that well with the rest of the generated text.""}",jjanosik,2025-10-22T17:42:52.732887
3,18,story,"{""age_appropriateness"": 1, ""clarity"": 1, ""creativity"": 1, ""language"": 1, ""message"": 0, ""literature"": 1, ""notes"": ""The final moral of the story isn't bad, but it feels a little bit forced. (Why would the storm be meant to be \""understood\""?)""}",jjanosik,2025-10-22T17:50:58.836080
4,28,story,"{""age_appropriateness"": 0, ""clarity"": 1, ""creativity"": 0, ""language"": 1, ""message"": 1, ""literature"": 1, ""notes"": ""The story's moral and language would maybe be more fitting for a little bit older children (around 6-7 years old). The story is also pretty basic (not so much creative).""}",jjanosik,2025-10-22T18:01:42.531200
5,12,story,"{""age_appropriateness"": 1, ""clarity"": 1, ""creativity"": 1, ""language"": 0, ""message"": 1, ""literature"": 1, ""notes"": ""The emoji disrupt the flow of the text. Also sometimes the phrasing feels unnatural, for example: \""Penny showed Benny how to roll in the mud (he giggled).\"".""}",jjanosik,2025-10-22T18:06:38.235195
6,19,story,"{""age_appropriateness"": 1, ""clarity"": 1, ""creativity"": 1, ""language"": 1, ""message"": 1, ""literature"": 0, ""notes"": """"}",ifurkert,2025-10-24T15:19:17.647359
7,27,story,"{""age_appropriateness"": 1, ""clarity"": 1, ""creativity"": 1, ""language"": 1, ""message"": 0, ""literature"": 0, ""notes"": """"}",ifurkert,2025-10-24T15:21:21.685503
8,20,story,"{""age_appropriateness"": 1, ""clarity"": 0, ""creativity"": 0, ""language"": 1, ""message"": 0, ""literature"": 0, ""notes"": """"}",ifurkert,2025-10-24T15:23:42.346380
9,11,story,"{""age_appropriateness"": 1, ""clarity"": 1, ""creativity"": 1, ""language"": 1, ""message"": 0, ""literature"": 1, ""notes"": """"}",ifurkert,2025-10-24T15:26:12.948305
10,9,story,"{""age_appropriateness"": 1, ""clarity"": 0, ""creativity"": 0, ""language"": 0, ""message"": 0, ""literature"": 0, ""notes"": """"}",ifurkert,2025-10-24T15:28:04.412244
11,1,story,"{""age_appropriateness"": 0, ""clarity"": 0, ""creativity"": 0, ""language"": 0, ""message"": 0, ""literature"": 0, ""notes"": """"}",ifurkert,2025-10-24T15:29:51.157995
12,25,story,"{""age_appropriateness"": 1, ""clarity"": 0, ""creativity"": 1, ""language"": 1, ""message"": 0, ""literature"": 0, ""notes"": """"}",ifurkert,2025-10-24T15:31:33.042775
13,10,theme,"{""theme_quality"": 0, ""theme_success"": 1, ""roleplaying"": 0, ""notes"": """"}",ifurkert,2025-10-24T15:33:32.769776
14,7,theme,"{""theme_quality"": 0, ""theme_success"": 1, ""roleplaying"": 1, ""notes"": """"}",ifurkert,2025-10-24T15:36:55.953303
15,15,education,"{""education_quality"": 1, ""naturalness"": 1, ""correctness"": 1, ""notes"": """"}",ifurkert,2025-10-24T15:40:18.940268
16,23,story,"{""age_appropriateness"": 1, ""clarity"": 0, ""creativity"": 0, ""language"": 0, ""message"": 0, ""literature"": 0, ""notes"": """"}",ifurkert,2025-10-25T11:06:11.343171
17,28,story,"{""age_appropriateness"": 1, ""clarity"": 0, ""creativity"": 0, ""language"": 1, ""message"": 1, ""literature"": 0, ""notes"": """"}",ifurkert,2025-10-25T11:07:32.350099
18,3,story,"{""age_appropriateness"": 0, ""clarity"": 0, ""creativity"": 1, ""language"": 0, ""message"": 0, ""literature"": 0, ""notes"": """"}",ifurkert,2025-10-26T08:21:01.325214
19,12,story,"{""age_appropriateness"": 1, ""clarity"": 0, ""creativity"": 0, ""language"": 0, ""message"": 0, ""literature"": 0, ""notes"": """"}",ifurkert,2025-10-26T08:23:54.684074
20,7,story,"{""age_appropriateness"": 1, ""clarity"": 1, ""creativity"": 0, ""language"": 0, ""message"": 0, ""literature"": 0, ""notes"": """"}",ifurkert,2025-10-26T08:25:50.974520
21,6,story,"{""age_appropriateness"": 0, ""clarity"": 1, ""creativity"": 1, ""language"": 1, ""message"": 0, ""literature"": 1, ""notes"": """"}",ifurkert,2025-10-26T08:27:44.748535
22,14,story,"{""age_appropriateness"": 1, ""clarity"": 1, ""creativity"": 0, ""language"": 0, ""message"": 0, ""literature"": 0, ""notes"": """"}",ifurkert,2025-10-26T08:29:44.935678
23,5,story,"{""age_appropriateness"": 0, ""clarity"": 0, ""creativity"": 0, ""language"": 0, ""message"": 0, ""literature"": 0, ""notes"": """"}",ifurkert,2025-10-26T08:31:43.854743
24,15,story,"{""age_appropriateness"": 1, ""clarity"": 1, ""creativity"": 0, ""language"": 1, ""message"": 1, ""literature"": 0, ""notes"": """"}",ifurkert,2025-10-26T08:34:17.506201
25,26,story,"{""age_appropriateness"": 1, ""clarity"": 0, ""creativity"": 0, ""language"": 0, ""message"": 0, ""literature"": 0, ""notes"": """"}",ifurkert,2025-10-26T08:35:36.494966
26,21,story,"{""age_appropriateness"": 0, ""clarity"": 0, ""creativity"": 0, ""language"": 0, ""message"": 1, ""literature"": 0, ""notes"": """"}",ifurkert,2025-10-26T08:37:35.378047
27,2,story,"{""age_appropriateness"": 1, ""clarity"": 1, ""creativity"": 0, ""language"": 1, ""message"": 0, ""literature"": 0, ""notes"": """"}",ifurkert,2025-10-26T08:39:21.808432
28,17,story,"{""age_appropriateness"": 1, ""clarity"": 0, ""creativity"": 1, ""language"": 1, ""message"": 0, ""literature"": 0, ""notes"": """"}",ifurkert,2025-10-26T08:40:30.919670
29,22,story,"{""age_appropriateness"": 1, ""clarity"": 1, ""creativity"": 1, ""language"": 1, ""message"": 0, ""literature"": 0, ""notes"": """"}",ifurkert,2025-10-26T08:41:39.099280
30,13,story,"{""age_appropriateness"": 1, ""clarity"": 0, ""creativity"": 0, ""language"": 0, ""message"": 0, ""literature"": 0, ""notes"": """"}",ifurkert,2025-10-26T08:43:09.615172
31,8,story,"{""age_appropriateness"": 1, ""clarity"": 0, ""creativity"": 0, ""language"": 0, ""message"": 0, ""literature"": 0, ""notes"": """"}",ifurkert,2025-10-26T08:44:43.869888
32,18,story,"{""age_appropriateness"": 1, ""clarity"": 0, ""creativity"": 1, ""language"": 1, ""message"": 0, ""literature"": 0, ""notes"": """"}",ifurkert,2025-10-26T08:48:45.624633
33,50,story,"{""age_appropriateness"": 1, ""clarity"": 0, ""creativity"": 0, ""language"": 0, ""message"": 0, ""literature"": 0, ""notes"": """"}",ifurkert,2025-10-26T08:50:28.862565
34,16,story,"{""age_appropriateness"": 1, ""clarity"": 0, ""creativity"": 1, ""language"": 1, ""message"": 1, ""literature"": 0, ""notes"": """"}",ifurkert,2025-10-26T08:53:05.998128
35,24,story,"{""age_appropriateness"": 1, ""clarity"": 1, ""creativity"": 0, ""language"": 1, ""message"": 0, ""literature"": 0, ""notes"": """"}",ifurkert,2025-10-26T08:54:17.937753
36,10,story,"{""age_appropriateness"": 1, ""clarity"": 0, ""creativity"": 0, ""language"": 0, ""message"": 0, ""literature"": 0, ""notes"": """"}",ifurkert,2025-10-26T08:55:51.018731
37,4,story,"{""age_appropriateness"": 1, ""clarity"": 0, ""creativity"": 0, ""language"": 0, ""message"": 0, ""literature"": 0, ""notes"": """"}",ifurkert,2025-10-26T08:56:56.009851
38,2,theme,"{""theme_quality"": 1, ""theme_success"": 1, ""roleplaying"": 1, ""notes"": """"}",ifurkert,2025-10-26T08:58:55.143542
39,45,theme,"{""theme_quality"": 0, ""theme_success"": 1, ""roleplaying"": 1, ""notes"": """"}",ifurkert,2025-10-26T09:10:14.520934
40,1,theme,"{""theme_quality"": 0, ""theme_success"": 0, ""roleplaying"": 0, ""notes"": """"}",ifurkert,2025-10-26T09:24:35.164096
41,16,theme,"{""theme_quality"": 0, ""theme_success"": 0, ""roleplaying"": 0, ""notes"": """"}",ifurkert,2025-10-26T09:29:04.504045
42,8,theme,"{""theme_quality"": 0, ""theme_success"": 1, ""roleplaying"": 1, ""notes"": """"}",ifurkert,2025-10-26T09:30:14.671509
43,15,theme,"{""theme_quality"": 0, ""theme_success"": 0, ""roleplaying"": 0, ""notes"": """"}",ifurkert,2025-10-26T09:34:38.882729
44,22,theme,"{""theme_quality"": 0, ""theme_success"": 1, ""roleplaying"": 0, ""notes"": """"}",ifurkert,2025-10-26T10:18:59.335410
45,18,theme,"{""theme_quality"": 0, ""theme_success"": 1, ""roleplaying"": 0, ""notes"": """"}",ifurkert,2025-10-26T10:20:24.705542
46,12,theme,"{""theme_quality"": 0, ""theme_success"": 1, ""roleplaying"": 1, ""notes"": """"}",ifurkert,2025-10-26T10:20:57.286305
47,11,theme,"{""theme_quality"": 0, ""theme_success"": 0, ""roleplaying"": 0, ""notes"": """"}",ifurkert,2025-10-26T10:22:40.247868
48,9,theme,"{""theme_quality"": 1, ""theme_success"": 1, ""roleplaying"": 1, ""notes"": """"}",ifurkert,2025-10-26T10:24:04.285673
49,4,theme,"{""theme_quality"": 0, ""theme_success"": 0, ""roleplaying"": 0, ""notes"": """"}",ifurkert,2025-10-26T10:24:58.979199
50,23,theme,"{""theme_quality"": 1, ""theme_success"": 1, ""roleplaying"": 0, ""notes"": """"}",ifurkert,2025-10-26T10:26:10.199323
51,20,theme,"{""theme_quality"": 0, ""theme_success"": 1, ""roleplaying"": 0, ""notes"": """"}",ifurkert,2025-10-26T10:30:18.984771
52,19,theme,"{""theme_quality"": 0, ""theme_success"": 0, ""roleplaying"": 0, ""notes"": """"}",ifurkert,2025-10-26T10:31:13.114326
53,6,theme,"{""theme_quality"": 0, ""theme_success"": 0, ""roleplaying"": 1, ""notes"": """"}",ifurkert,2025-10-26T10:32:21.582419
54,14,theme,"{""theme_quality"": 0, ""theme_success"": 1, ""roleplaying"": 1, ""notes"": """"}",ifurkert,2025-10-26T10:33:31.610458
55,21,theme,"{""theme_quality"": 0, ""theme_success"": 1, ""roleplaying"": 0, ""notes"": """"}",ifurkert,2025-10-26T10:35:16.747273
56,25,theme,"{""theme_quality"": 0, ""theme_success"": 1, ""roleplaying"": 0, ""notes"": """"}",ifurkert,2025-10-26T10:36:48.117586
57,17,theme,"{""theme_quality"": 1, ""theme_success"": 1, ""roleplaying"": 1, ""notes"": """"}",ifurkert,2025-10-26T10:37:47.123202
58,13,theme,"{""theme_quality"": 0, ""theme_success"": 0, ""roleplaying"": 0, ""notes"": """"}",ifurkert,2025-10-26T10:40:44.604938
59,3,theme,"{""theme_quality"": 0, ""theme_success"": 1, ""roleplaying"": 1, ""notes"": """"}",ifurkert,2025-10-26T10:41:41.558330
60,5,theme,"{""theme_quality"": 0, ""theme_success"": 0, ""roleplaying"": 0, ""notes"": """"}",ifurkert,2025-10-26T10:42:02.478546
61,24,theme,"{""theme_quality"": 0, ""theme_success"": 0, ""roleplaying"": 0, ""notes"": """"}",ifurkert,2025-10-26T10:43:27.038279
62,7,education,"{""education_quality"": 0, ""naturalness"": 0, ""correctness"": 1, ""notes"": """"}",ifurkert,2025-10-26T10:44:53.692565
63,12,education,"{""education_quality"": 0, ""naturalness"": 0, ""correctness"": 1, ""notes"": """"}",ifurkert,2025-10-26T10:46:21.697224
64,4,education,"{""education_quality"": 0, ""naturalness"": 0, ""correctness"": 0, ""notes"": """"}",ifurkert,2025-10-26T10:47:12.886756
65,9,education,"{""education_quality"": 0, ""naturalness"": 0, ""correctness"": 0, ""notes"": """"}",ifurkert,2025-10-26T10:47:38.306126
66,2,education,"{""education_quality"": 0, ""naturalness"": 0, ""correctness"": 1, ""notes"": """"}",ifurkert,2025-10-26T10:48:14.531098
67,14,education,"{""education_quality"": 0, ""naturalness"": 1, ""correctness"": 1, ""notes"": """"}",ifurkert,2025-10-26T10:50:27.591073
68,11,education,"{""education_quality"": 0, ""naturalness"": 1, ""correctness"": 1, ""notes"": """"}",ifurkert,2025-10-26T10:51:22.608684
69,19,education,"{""education_quality"": 0, ""naturalness"": 0, ""correctness"": 0, ""notes"": """"}",ifurkert,2025-10-26T10:59:47.614424
70,6,questions,"{""difficulty"": 1, ""completeness"": 1, ""correctness_of_responses"": 1, ""notes"": """"}",ifurkert,2025-10-26T11:03:08.668869
71,5,questions,"{""difficulty"": 1, ""completeness"": 1, ""correctness_of_responses"": 1, ""notes"": """"}",ifurkert,2025-10-26T11:03:35.311950
72,19,questions,"{""difficulty"": 0, ""completeness"": 1, ""correctness_of_responses"": 1, ""notes"": """"}",ifurkert,2025-10-26T11:04:30.300054
73,13,questions,"{""difficulty"": 1, ""completeness"": 1, ""correctness_of_responses"": 1, ""notes"": """"}",ifurkert,2025-10-26T11:04:51.948147
74,9,questions,"{""difficulty"": 1, ""completeness"": 1, ""correctness_of_responses"": 1, ""notes"": """"}",ifurkert,2025-10-26T11:05:34.145492
75,16,questions,"{""difficulty"": 0, ""completeness"": 0, ""correctness_of_responses"": 0, ""notes"": """"}",ifurkert,2025-10-26T11:06:04.149016
76,10,questions,"{""difficulty"": 1, ""completeness"": 1, ""correctness_of_responses"": 1, ""notes"": """"}",ifurkert,2025-10-26T11:06:43.573384
77,43,questions,"{""difficulty"": 0, ""completeness"": 0, ""correctness_of_responses"": 1, ""notes"": """"}",ifurkert,2025-10-26T11:07:40.244080
78,18,questions,"{""difficulty"": 0, ""completeness"": 0, ""correctness_of_responses"": 1, ""notes"": """"}",ifurkert,2025-10-26T11:10:05.250933
79,20,questions,"{""difficulty"": 1, ""completeness"": 1, ""correctness_of_responses"": 1, ""notes"": """"}",ifurkert,2025-10-26T11:10:48.736211
80,11,questions,"{""difficulty"": 1, ""completeness"": 1, ""correctness_of_responses"": 1, ""notes"": """"}",ifurkert,2025-10-26T11:11:21.942396
81,4,questions,"{""difficulty"": 0, ""completeness"": 0, ""correctness_of_responses"": 0, ""notes"": """"}",ifurkert,2025-10-26T11:11:58.918110
82,1,questions,"{""difficulty"": 1, ""completeness"": 1, ""correctness_of_responses"": 1, ""notes"": """"}",ifurkert,2025-10-26T11:12:31.755146
83,7,questions,"{""difficulty"": 1, ""completeness"": 1, ""correctness_of_responses"": 1, ""notes"": """"}",ifurkert,2025-10-26T11:12:53.441537
84,2,questions,"{""difficulty"": 0, ""completeness"": 1, ""correctness_of_responses"": 0, ""notes"": """"}",ifurkert,2025-10-26T11:13:13.838191
85,3,questions,"{""difficulty"": 0, ""completeness"": 0, ""correctness_of_responses"": 1, ""notes"": """"}",ifurkert,2025-10-26T11:14:17.747617
86,15,questions,"{""difficulty"": 0, ""completeness"": 0, ""correctness_of_responses"": 1, ""notes"": """"}",ifurkert,2025-10-26T11:14:42.243041
87,8,questions,"{""difficulty"": 1, ""completeness"": 1, ""correctness_of_responses"": 1, ""notes"": """"}",ifurkert,2025-10-26T11:15:24.566850
88,22,questions,"{""difficulty"": 0, ""completeness"": 0, ""correctness_of_responses"": 0, ""notes"": """"}",ifurkert,2025-10-26T11:15:41.585235
89,17,questions,"{""difficulty"": 1, ""completeness"": 1, ""correctness_of_responses"": 1, ""notes"": """"}",ifurkert,2025-10-26T11:16:15.556714
90,21,questions,"{""difficulty"": 1, ""completeness"": 1, ""correctness_of_responses"": 1, ""notes"": """"}",ifurkert,2025-10-26T11:16:30.188923
91,14,questions,"{""difficulty"": 1, ""completeness"": 1, ""correctness_of_responses"": 1, ""notes"": """"}",ifurkert,2025-10-26T11:19:39.236828
92,12,questions,"{""difficulty"": 0, ""completeness"": 1, ""correctness_of_responses"": 1, ""notes"": """"}",ifurkert,2025-10-26T11:20:01.784081
93,41,education,"{""education_quality"": 0, ""naturalness"": 0, ""correctness"": 0, ""notes"": """"}",ifurkert,2025-10-26T11:21:30.877374
94,16,education,"{""education_quality"": 0, ""naturalness"": 1, ""correctness"": 1, ""notes"": """"}",ifurkert,2025-10-26T11:22:35.107451
95,10,education,"{""education_quality"": 0, ""naturalness"": 0, ""correctness"": 1, ""notes"": """"}",ifurkert,2025-10-26T11:22:58.396012
96,1,education,"{""education_quality"": 0, ""naturalness"": 0, ""correctness"": 1, ""notes"": """"}",ifurkert,2025-10-26T11:23:24.399670
97,20,education,"{""education_quality"": 0, ""naturalness"": 0, ""correctness"": 1, ""notes"": """"}",ifurkert,2025-10-26T11:23:52.456177
98,5,education,"{""education_quality"": 0, ""naturalness"": 1, ""correctness"": 0, ""notes"": """"}",ifurkert,2025-10-26T11:24:29.842438
99,18,education,"{""education_quality"": 0, ""naturalness"": 0, ""correctness"": 0, ""notes"": """"}",ifurkert,2025-10-26T11:25:14.324243
100,6,education,"{""education_quality"": 0, ""naturalness"": 1, ""correctness"": 0, ""notes"": """"}",ifurkert,2025-10-26T11:25:24.243213
101,13,education,"{""education_quality"": 0, ""naturalness"": 0, ""correctness"": 0, ""notes"": """"}",ifurkert,2025-10-26T11:26:18.256978
102,3,education,"{""education_quality"": 0, ""naturalness"": 0, ""correctness"": 0, ""notes"": """"}",ifurkert,2025-10-26T11:26:39.894611
103,8,education,"{""education_quality"": 0, ""naturalness"": 0, ""correctness"": 1, ""notes"": """"}",ifurkert,2025-10-26T11:27:38.427001
104,17,education,"{""education_quality"": 0, ""naturalness"": 0, ""correctness"": 1, ""notes"": """"}",ifurkert,2025-10-26T11:28:16.810461
105,47,story,"{""age_appropriateness"": 0, ""clarity"": 1, ""creativity"": 1, ""language"": 0, ""message"": 1, ""literature"": 0, ""notes"": """"}",tgregorova,2025-10-28T09:03:31.310743
106,62,story,"{""age_appropriateness"": 0, ""clarity"": 1, ""creativity"": 0, ""language"": 0, ""message"": 1, ""literature"": 0, ""notes"": """"}",tgregorova,2025-10-28T09:04:09.626815
107,35,story,"{""age_appropriateness"": 1, ""clarity"": 1, ""creativity"": 0, ""language"": 1, ""message"": 1, ""literature"": 0, ""notes"": """"}",tgregorova,2025-10-28T09:04:30.139761
108,58,story,"{""age_appropriateness"": 0, ""clarity"": 1, ""creativity"": 0, ""language"": 1, ""message"": 0, ""literature"": 1, ""notes"": """"}",jkrajtl,2025-10-29T13:18:32.006914
109,100,story,"{""age_appropriateness"": 1, ""clarity"": 1, ""creativity"": 1, ""language"": 1, ""message"": 0, ""literature"": 1, ""notes"": """"}",jkrajtl,2025-10-29T18:07:47.108090
110,74,story,"{""age_appropriateness"": 1, ""clarity"": 1, ""creativity"": 1, ""language"": 1, ""message"": 1, ""literature"": 1, ""notes"": """"}",jkrajtl,2025-10-29T18:14:48.906124
111,96,story,"{""age_appropriateness"": 1, ""clarity"": 1, ""creativity"": 0, ""language"": 0, ""message"": 1, ""literature"": 0, ""notes"": """"}",jkrajtl,2025-10-29T18:19:35.502343
112,60,story,"{""age_appropriateness"": 0, ""clarity"": 0, ""creativity"": 1, ""language"": 0, ""message"": 0, ""literature"": 1, ""notes"": """"}",jkrajtl,2025-10-29T18:32:57.148987
113,75,story,"{""age_appropriateness"": 0, ""clarity"": 1, ""creativity"": 1, ""language"": 1, ""message"": 1, ""literature"": 1, ""notes"": """"}",jkrajtl,2025-10-31T08:07:40.521035
114,123,story,"{""age_appropriateness"": 0, ""clarity"": 0, ""creativity"": 1, ""language"": 0, ""message"": 0, ""literature"": 1, ""notes"": """"}",jkrajtl,2025-10-31T08:14:19.727062
115,86,story,"{""age_appropriateness"": 1, ""clarity"": 1, ""creativity"": 1, ""language"": 0, ""message"": 0, ""literature"": 1, ""notes"": """"}",jkrajtl,2025-10-31T08:25:10.913473
116,18,story,"{""age_appropriateness"": 1, ""clarity"": 1, ""creativity"": 0, ""language"": 1, ""message"": 0, ""literature"": 0, ""notes"": """"}",jkrajtl,2025-10-31T08:33:11.683098
117,78,story,"{""age_appropriateness"": 1, ""clarity"": 1, ""creativity"": 0, ""language"": 1, ""message"": 1, ""literature"": 1, ""notes"": """"}",jkrajtl,2025-10-31T08:36:38.135922
118,35,story,"{""age_appropriateness"": 1, ""clarity"": 1, ""creativity"": 1, ""language"": 1, ""message"": 0, ""literature"": 1, ""notes"": """"}",jkrajtl,2025-10-31T08:43:00.930105
119,110,story,"{""age_appropriateness"": 1, ""clarity"": 1, ""creativity"": 0, ""language"": 1, ""message"": 1, ""literature"": 0, ""notes"": """"}",jkrajtl,2025-10-31T08:47:16.586578
120,122,story,"{""age_appropriateness"": 0, ""clarity"": 1, ""creativity"": 0, ""language"": 1, ""message"": 0, ""literature"": 0, ""notes"": """"}",jkrajtl,2025-10-31T13:51:33.686312
121,85,story,"{""age_appropriateness"": 1, ""clarity"": 1, ""creativity"": 1, ""language"": 1, ""message"": 0, ""literature"": 1, ""notes"": """"}",jkrajtl,2025-10-31T13:57:53.120199
122,98,story,"{""age_appropriateness"": 1, ""clarity"": 1, ""creativity"": 1, ""language"": 1, ""message"": 0, ""literature"": 1, ""notes"": """"}",jkrajtl,2025-10-31T14:08:38.632715
123,117,story,"{""age_appropriateness"": 1, ""clarity"": 1, ""creativity"": 0, ""language"": 1, ""message"": 0, ""literature"": 0, ""notes"": """"}",jkrajtl,2025-10-31T14:13:53.885495
124,143,story,"{""age_appropriateness"": 1, ""clarity"": 1, ""creativity"": 1, ""language"": 1, ""message"": 1, ""literature"": 0, ""notes"": ""Could see this in a longer tale, where the character developpement would be more pronnounced. Here it is a bit hard to believe why the protagonist's character changed so quickly so much.""}",thladnik,2025-11-01T15:02:22.398345
125,192,story,"{""age_appropriateness"": 1, ""clarity"": 1, ""creativity"": 1, ""language"": 1, ""message"": 1, ""literature"": 0, ""notes"": """"}",tnadoh,2025-11-02T09:34:56.772000
126,56,story,"{""age_appropriateness"": 1, ""clarity"": 1, ""creativity"": 1, ""language"": 1, ""message"": 1, ""literature"": 1, ""notes"": """"}",tnadoh,2025-11-02T09:38:38.884650
127,186,story,"{""age_appropriateness"": 1, ""clarity"": 1, ""creativity"": 1, ""language"": 0, ""message"": 1, ""literature"": 0, ""notes"": """"}",tnadoh,2025-11-02T09:40:23.143766
128,91,story,"{""age_appropriateness"": 1, ""clarity"": 1, ""creativity"": 1, ""language"": 1, ""message"": 1, ""literature"": 0, ""notes"": """"}",tnadoh,2025-11-02T09:43:21.204323
129,113,story,"{""age_appropriateness"": 1, ""clarity"": 1, ""creativity"": 0, ""language"": 1, ""message"": 1, ""literature"": 0, ""notes"": """"}",tnadoh,2025-11-02T09:46:34.648797
130,128,story,"{""age_appropriateness"": 0, ""clarity"": 0, ""creativity"": 0, ""language"": 1, ""message"": 1, ""literature"": 0, ""notes"": """"}",tnadoh,2025-11-02T09:52:05.104529
131,81,story,"{""age_appropriateness"": 1, ""clarity"": 1, ""creativity"": 1, ""language"": 1, ""message"": 1, ""literature"": 1, ""notes"": """"}",tnadoh,2025-11-02T09:55:29.606067
132,78,story,"{""age_appropriateness"": 1, ""clarity"": 1, ""creativity"": 0, ""language"": 1, ""message"": 1, ""literature"": 0, ""notes"": """"}",tnadoh,2025-11-02T10:08:25.300135
133,87,story,"{""age_appropriateness"": 1, ""clarity"": 0, ""creativity"": 1, ""language"": 1, ""message"": 1, ""literature"": 0, ""notes"": """"}",tnadoh,2025-11-02T10:10:17.730076
134,127,theme,"{""theme_quality"": 1, ""theme_success"": 1, ""roleplaying"": 1, ""notes"": """"}",tnadoh,2025-11-02T12:35:05.829665
135,23,theme,"{""theme_quality"": 0, ""theme_success"": 1, ""roleplaying"": 0, ""notes"": """"}",tnadoh,2025-11-02T12:35:41.414496
136,4,theme,"{""theme_quality"": 1, ""theme_success"": 1, ""roleplaying"": 0, ""notes"": """"}",tnadoh,2025-11-02T12:37:39.494354
137,155,theme,"{""theme_quality"": 0, ""theme_success"": 1, ""roleplaying"": 0, ""notes"": """"}",tnadoh,2025-11-02T12:38:30.245267
138,156,theme,"{""theme_quality"": 0, ""theme_success"": 1, ""roleplaying"": 0, ""notes"": """"}",tnadoh,2025-11-02T12:38:43.549392
139,27,theme,"{""theme_quality"": 0, ""theme_success"": 1, ""roleplaying"": 0, ""notes"": """"}",tnadoh,2025-11-02T12:41:02.438152
140,183,story,"{""age_appropriateness"": 0, ""clarity"": 0, ""creativity"": 1, ""language"": 1, ""message"": 1, ""literature"": 0, ""notes"": """"}",tnadoh,2025-11-02T12:42:17.708494
141,10,story,"{""age_appropriateness"": 1, ""clarity"": 1, ""creativity"": 1, ""language"": 1, ""message"": 0, ""literature"": 0, ""notes"": """"}",tnadoh,2025-11-02T18:02:05.282643
142,193,story,"{""age_appropriateness"": 1, ""clarity"": 1, ""creativity"": 1, ""language"": 1, ""message"": 1, ""literature"": 0, ""notes"": """"}",tnadoh,2025-11-02T18:03:15.997942
143,20,story,"{""age_appropriateness"": 1, ""clarity"": 1, ""creativity"": 1, ""language"": 1, ""message"": 1, ""literature"": 0, ""notes"": """"}",tnadoh,2025-11-02T18:04:20.027717
144,33,story,"{""age_appropriateness"": 1, ""clarity"": 1, ""creativity"": 1, ""language"": 1, ""message"": 0, ""literature"": 0, ""notes"": """"}",tnadoh,2025-11-02T18:05:08.758991
145,198,story,"{""age_appropriateness"": 1, ""clarity"": 1, ""creativity"": 1, ""language"": 1, ""message"": 1, ""literature"": 0, ""notes"": """"}",tnadoh,2025-11-02T18:05:54.313542
146,69,story,"{""age_appropriateness"": 1, ""clarity"": 1, ""creativity"": 1, ""language"": 1, ""message"": 1, ""literature"": 0, ""notes"": """"}",tnadoh,2025-11-02T18:06:25.323642
147,195,story,"{""age_appropriateness"": 1, ""clarity"": 1, ""creativity"": 1, ""language"": 1, ""message"": 1, ""literature"": 0, ""notes"": """"}",tnadoh,2025-11-02T18:10:37.644686
148,139,story,"{""age_appropriateness"": 1, ""clarity"": 1, ""creativity"": 1, ""language"": 1, ""message"": 1, ""literature"": 0, ""notes"": """"}",tnadoh,2025-11-02T18:15:22.998443
149,8,story,"{""age_appropriateness"": 1, ""clarity"": 1, ""creativity"": 1, ""language"": 1, ""message"": 1, ""literature"": 0, ""notes"": """"}",tnadoh,2025-11-02T18:19:08.183816
150,149,story,"{""age_appropriateness"": 0, ""clarity"": 1, ""creativity"": 1, ""language"": 1, ""message"": 0, ""literature"": 0, ""notes"": """"}",tnadoh,2025-11-02T18:19:49.584164
151,53,story,"{""age_appropriateness"": 1, ""clarity"": 1, ""creativity"": 1, ""language"": 1, ""message"": 0, ""literature"": 0, ""notes"": """"}",tnadoh,2025-11-02T18:20:49.304383
152,27,story,"{""age_appropriateness"": 1, ""clarity"": 1, ""creativity"": 1, ""language"": 1, ""message"": 1, ""literature"": 1, ""notes"": """"}",tnadoh,2025-11-02T18:21:26.209590
153,137,story,"{""age_appropriateness"": 1, ""clarity"": 1, ""creativity"": 1, ""language"": 1, ""message"": 1, ""literature"": 1, ""notes"": """"}",tnadoh,2025-11-02T20:25:49.673208
154,52,story,"{""age_appropriateness"": 1, ""clarity"": 1, ""creativity"": 1, ""language"": 1, ""message"": 1, ""literature"": 0, ""notes"": """"}",tnadoh,2025-11-02T20:26:22.366229
155,39,story,"{""age_appropriateness"": 1, ""clarity"": 1, ""creativity"": 1, ""language"": 1, ""message"": 1, ""literature"": 0, ""notes"": """"}",tnadoh,2025-11-02T20:27:04.603216
156,205,story,"{""age_appropriateness"": 1, ""clarity"": 1, ""creativity"": 1, ""language"": 1, ""message"": 1, ""literature"": 1, ""notes"": """"}",tnadoh,2025-11-02T20:28:35.093973
157,92,story,"{""age_appropriateness"": 1, ""clarity"": 1, ""creativity"": 1, ""language"": 1, ""message"": 1, ""literature"": 0, ""notes"": """"}",tnadoh,2025-11-02T20:29:02.623404
158,93,story,"{""age_appropriateness"": 1, ""clarity"": 1, ""creativity"": 1, ""language"": 1, ""message"": 1, ""literature"": 0, ""notes"": """"}",tnadoh,2025-11-02T20:29:17.072957
159,209,story,"{""age_appropriateness"": 1, ""clarity"": 1, ""creativity"": 0, ""language"": 1, ""message"": 0, ""literature"": 0, ""notes"": """"}",tnadoh,2025-11-02T20:30:03.947892
160,60,story,"{""age_appropriateness"": 1, ""clarity"": 1, ""creativity"": 1, ""language"": 1, ""message"": 0, ""literature"": 0, ""notes"": """"}",tnadoh,2025-11-02T20:30:45.108428
161,114,education,"{""education_quality"": 0, ""naturalness"": 0, ""correctness"": 1, ""notes"": """"}",tnadoh,2025-11-02T20:31:19.767805
162,30,education,"{""education_quality"": 1, ""naturalness"": 1, ""correctness"": 1, ""notes"": """"}",tnadoh,2025-11-02T20:38:50.648204
163,72,questions,"{""difficulty"": 1, ""completeness"": 1, ""correctness_of_responses"": 1, ""notes"": """"}",tnadoh,2025-11-02T20:40:27.398277
164,127,education,"{""education_quality"": 1, ""naturalness"": 1, ""correctness"": 1, ""notes"": """"}",tnadoh,2025-11-02T20:41:16.677895
165,139,story,"{""age_appropriateness"": 1, ""clarity"": 1, ""creativity"": 0, ""language"": 1, ""message"": 0, ""literature"": 0, ""notes"": """"}",jkrajtl,2025-11-03T08:31:25.849915
166,165,story,"{""age_appropriateness"": 0, ""clarity"": 0, ""creativity"": 0, ""language"": 0, ""message"": 0, ""literature"": 0, ""notes"": """"}",jkrajtl,2025-11-03T08:33:31.957176
167,76,theme,"{""theme_quality"": 1, ""theme_success"": 1, ""roleplaying"": 1, ""notes"": """"}",tnadoh,2025-11-03T08:37:43.163083
168,116,theme,"{""theme_quality"": 1, ""theme_success"": 1, ""roleplaying"": 1, ""notes"": """"}",tnadoh,2025-11-03T08:38:34.638747
169,185,story,"{""age_appropriateness"": 1, ""clarity"": 1, ""creativity"": 0, ""language"": 1, ""message"": 1, ""literature"": 0, ""notes"": """"}",jkrajtl,2025-11-03T08:41:05.790046
170,60,theme,"{""theme_quality"": 1, ""theme_success"": 1, ""roleplaying"": 1, ""notes"": """"}",tnadoh,2025-11-03T08:43:26.112917
171,160,theme,"{""theme_quality"": 1, ""theme_success"": 1, ""roleplaying"": 1, ""notes"": """"}",tnadoh,2025-11-03T08:44:16.593285
172,81,theme,"{""theme_quality"": 1, ""theme_success"": 1, ""roleplaying"": 1, ""notes"": """"}",tnadoh,2025-11-03T08:49:24.778215
173,182,theme,"{""theme_quality"": 1, ""theme_success"": 1, ""roleplaying"": 1, ""notes"": """"}",tnadoh,2025-11-03T08:50:31.263007
174,43,theme,"{""theme_quality"": 1, ""theme_success"": 1, ""roleplaying"": 1, ""notes"": """"}",tnadoh,2025-11-03T08:52:01.333354
175,159,story,"{""age_appropriateness"": 0, ""clarity"": 0, ""creativity"": 0, ""language"": 1, ""message"": 0, ""literature"": 0, ""notes"": """"}",ikarazija,2025-11-03T15:55:29.550999
176,26,story,"{""age_appropriateness"": 1, ""clarity"": 1, ""creativity"": 0, ""language"": 1, ""message"": 1, ""literature"": 0, ""notes"": """"}",ikarazija,2025-11-03T15:59:06.243063
177,28,story,"{""age_appropriateness"": 1, ""clarity"": 1, ""creativity"": 0, ""language"": 1, ""message"": 1, ""literature"": 1, ""notes"": """"}",ikarazija,2025-11-03T16:00:46.014723
178,64,story,"{""age_appropriateness"": 0, ""clarity"": 1, ""creativity"": 0, ""language"": 1, ""message"": 1, ""literature"": 1, ""notes"": """"}",ikarazija,2025-11-03T16:03:03.049976
179,172,story,"{""age_appropriateness"": 0, ""clarity"": 1, ""creativity"": 1, ""language"": 1, ""message"": 0, ""literature"": 0, ""notes"": """"}",ikarazija,2025-11-03T16:04:21.903472
180,148,story,"{""age_appropriateness"": 1, ""clarity"": 1, ""creativity"": 0, ""language"": 1, ""message"": 1, ""literature"": 0, ""notes"": """"}",ikarazija,2025-11-03T16:05:32.072134
181,240,story,"{""age_appropriateness"": 1, ""clarity"": 1, ""creativity"": 0, ""language"": 0, ""message"": 1, ""literature"": 0, ""notes"": """"}",ikarazija,2025-11-03T16:06:55.808037
182,181,story,"{""age_appropriateness"": 1, ""clarity"": 1, ""creativity"": 0, ""language"": 1, ""message"": 1, ""literature"": 0, ""notes"": """"}",ikarazija,2025-11-03T16:08:47.813099
183,170,story,"{""age_appropriateness"": 0, ""clarity"": 0, ""creativity"": 1, ""language"": 1, ""message"": 0, ""literature"": 0, ""notes"": """"}",ikarazija,2025-11-03T16:09:48.708322
184,221,story,"{""age_appropriateness"": 0, ""clarity"": 1, ""creativity"": 1, ""language"": 1, ""message"": 0, ""literature"": 1, ""notes"": """"}",ikarazija,2025-11-03T16:11:15.294472
185,194,story,"{""age_appropriateness"": 1, ""clarity"": 1, ""creativity"": 0, ""language"": 1, ""message"": 0, ""literature"": 0, ""notes"": """"}",ikarazija,2025-11-03T16:12:28.458010
186,65,story,"{""age_appropriateness"": 1, ""clarity"": 1, ""creativity"": 0, ""language"": 1, ""message"": 1, ""literature"": 0, ""notes"": """"}",ikarazija,2025-11-03T16:13:45.010486
187,4,story,"{""age_appropriateness"": 1, ""clarity"": 1, ""creativity"": 0, ""language"": 0, ""message"": 1, ""literature"": 0, ""notes"": """"}",ikarazija,2025-11-03T16:15:08.209304
188,177,story,"{""age_appropriateness"": 0, ""clarity"": 0, ""creativity"": 0, ""language"": 1, ""message"": 0, ""literature"": 0, ""notes"": """"}",ikarazija,2025-11-03T16:16:13.233338
189,146,story,"{""age_appropriateness"": 1, ""clarity"": 1, ""creativity"": 1, ""language"": 1, ""message"": 1, ""literature"": 0, ""notes"": """"}",ikarazija,2025-11-03T16:17:28.611583
190,207,story,"{""age_appropriateness"": 1, ""clarity"": 1, ""creativity"": 1, ""language"": 0, ""message"": 0, ""literature"": 0, ""notes"": """"}",ikarazija,2025-11-03T16:18:30.397888
191,98,story,"{""age_appropriateness"": 1, ""clarity"": 1, ""creativity"": 1, ""language"": 1, ""message"": 0, ""literature"": 0, ""notes"": """"}",ikarazija,2025-11-03T16:21:41.882939
192,9,story,"{""age_appropriateness"": 1, ""clarity"": 1, ""creativity"": 0, ""language"": 1, ""message"": 1, ""literature"": 0, ""notes"": """"}",ikarazija,2025-11-03T16:23:20.900302
193,205,story,"{""age_appropriateness"": 1, ""clarity"": 1, ""creativity"": 0, ""language"": 1, ""message"": 1, ""literature"": 1, ""notes"": """"}",ikarazija,2025-11-03T16:24:56.086778
194,195,story,"{""age_appropriateness"": 1, ""clarity"": 1, ""creativity"": 0, ""language"": 1, ""message"": 1, ""literature"": 0, ""notes"": """"}",ikarazija,2025-11-03T16:26:42.339015
195,15,story,"{""age_appropriateness"": 0, ""clarity"": 1, ""creativity"": 1, ""language"": 1, ""message"": 1, ""literature"": 0, ""notes"": """"}",ikarazija,2025-11-03T16:29:06.355380
196,232,story,"{""age_appropriateness"": 0, ""clarity"": 1, ""creativity"": 1, ""language"": 1, ""message"": 1, ""literature"": 0, ""notes"": """"}",ikarazija,2025-11-03T16:30:42.546821
197,124,story,"{""age_appropriateness"": 0, ""clarity"": 1, ""creativity"": 0, ""language"": 1, ""message"": 1, ""literature"": 0, ""notes"": """"}",ikarazija,2025-11-03T16:31:59.871023
198,96,story,"{""age_appropriateness"": 1, ""clarity"": 0, ""creativity"": 1, ""language"": 1, ""message"": 1, ""literature"": 0, ""notes"": """"}",ikarazija,2025-11-03T16:33:46.778248
199,52,story,"{""age_appropriateness"": 1, ""clarity"": 1, ""creativity"": 1, ""language"": 1, ""message"": 0, ""literature"": 1, ""notes"": """"}",ikarazija,2025-11-03T16:36:16.263808
200,214,story,"{""age_appropriateness"": 0, ""clarity"": 1, ""creativity"": 1, ""language"": 1, ""message"": 0, ""literature"": 0, ""notes"": """"}",ikarazija,2025-11-03T16:38:26.738866
201,244,story,"{""age_appropriateness"": 1, ""clarity"": 1, ""creativity"": 1, ""language"": 1, ""message"": 1, ""literature"": 0, ""notes"": """"}",ikarazija,2025-11-03T16:40:05.973139
202,168,story,"{""age_appropriateness"": 0, ""clarity"": 0, ""creativity"": 1, ""language"": 1, ""message"": 0, ""literature"": 0, ""notes"": """"}",ikarazija,2025-11-03T16:40:57.459126
203,70,story,"{""age_appropriateness"": 1, ""clarity"": 1, ""creativity"": 1, ""language"": 1, ""message"": 1, ""literature"": 0, ""notes"": """"}",ikarazija,2025-11-03T16:42:12.268325
204,145,story,"{""age_appropriateness"": 1, ""clarity"": 1, ""creativity"": 1, ""language"": 0, ""message"": 1, ""literature"": 0, ""notes"": """"}",ikarazija,2025-11-03T16:43:21.169175
205,229,story,"{""age_appropriateness"": 1, ""clarity"": 1, ""creativity"": 1, ""language"": 1, ""message"": 1, ""literature"": 0, ""notes"": """"}",ikarazija,2025-11-03T18:48:23.936510
206,86,story,"{""age_appropriateness"": 1, ""clarity"": 1, ""creativity"": 1, ""language"": 1, ""message"": 1, ""literature"": 1, ""notes"": """"}",ikarazija,2025-11-03T18:50:28.661189
207,158,story,"{""age_appropriateness"": 0, ""clarity"": 1, ""creativity"": 0, ""language"": 1, ""message"": 0, ""literature"": 0, ""notes"": """"}",tnadoh,2025-11-03T18:51:14.602969
208,142,story,"{""age_appropriateness"": 0, ""clarity"": 1, ""creativity"": 1, ""language"": 1, ""message"": 0, ""literature"": 0, ""notes"": """"}",tnadoh,2025-11-03T18:52:00.527069
209,180,story,"{""age_appropriateness"": 1, ""clarity"": 1, ""creativity"": 0, ""language"": 1, ""message"": 1, ""literature"": 0, ""notes"": """"}",ikarazija,2025-11-03T18:52:15.161421
210,197,story,"{""age_appropriateness"": 0, ""clarity"": 1, ""creativity"": 0, ""language"": 1, ""message"": 1, ""literature"": 0, ""notes"": """"}",ikarazija,2025-11-03T18:53:20.319544
211,32,story,"{""age_appropriateness"": 1, ""clarity"": 0, ""creativity"": 1, ""language"": 1, ""message"": 0, ""literature"": 0, ""notes"": """"}",ikarazija,2025-11-03T18:55:34.635054
212,69,story,"{""age_appropriateness"": 1, ""clarity"": 1, ""creativity"": 0, ""language"": 1, ""message"": 1, ""literature"": 0, ""notes"": """"}",ikarazija,2025-11-03T18:56:49.867247
213,105,story,"{""age_appropriateness"": 1, ""clarity"": 1, ""creativity"": 0, ""language"": 1, ""message"": 1, ""literature"": 0, ""notes"": """"}",ikarazija,2025-11-03T18:58:18.742719
214,57,story,"{""age_appropriateness"": 1, ""clarity"": 1, ""creativity"": 1, ""language"": 1, ""message"": 0, ""literature"": 0, ""notes"": """"}",ikarazija,2025-11-03T19:01:11.063198
215,53,story,"{""age_appropriateness"": 1, ""clarity"": 1, ""creativity"": 0, ""language"": 1, ""message"": 0, ""literature"": 1, ""notes"": """"}",ikarazija,2025-11-03T19:03:38.110547
216,50,story,"{""age_appropriateness"": 1, ""clarity"": 1, ""creativity"": 0, ""language"": 1, ""message"": 0, ""literature"": 0, ""notes"": """"}",ikarazija,2025-11-03T19:05:29.735980
217,216,story,"{""age_appropriateness"": 1, ""clarity"": 1, ""creativity"": 0, ""language"": 1, ""message"": 1, ""literature"": 0, ""notes"": """"}",ikarazija,2025-11-03T19:08:16.131748
218,92,story,"{""age_appropriateness"": 1, ""clarity"": 1, ""creativity"": 1, ""language"": 1, ""message"": 1, ""literature"": 0, ""notes"": """"}",ikarazija,2025-11-03T19:10:27.840663
219,60,story,"{""age_appropriateness"": 1, ""clarity"": 1, ""creativity"": 1, ""language"": 1, ""message"": 0, ""literature"": 0, ""notes"": """"}",ikarazija,2025-11-03T19:11:59.567509
220,29,story,"{""age_appropriateness"": 1, ""clarity"": 1, ""creativity"": 1, ""language"": 1, ""message"": 1, ""literature"": 0, ""notes"": """"}",ikarazija,2025-11-03T19:14:53.797486
221,35,story,"{""age_appropriateness"": 1, ""clarity"": 1, ""creativity"": 0, ""language"": 1, ""message"": 1, ""literature"": 0, ""notes"": """"}",ikarazija,2025-11-03T19:17:48.605928
222,228,story,"{""age_appropriateness"": 0, ""clarity"": 1, ""creativity"": 0, ""language"": 1, ""message"": 1, ""literature"": 0, ""notes"": """"}",ikarazija,2025-11-03T19:19:09.142482
223,231,story,"{""age_appropriateness"": 1, ""clarity"": 1, ""creativity"": 0, ""language"": 1, ""message"": 1, ""literature"": 0, ""notes"": """"}",ikarazija,2025-11-03T19:20:26.041112
224,82,story,"{""age_appropriateness"": 1, ""clarity"": 1, ""creativity"": 0, ""language"": 1, ""message"": 1, ""literature"": 0, ""notes"": """"}",ikarazija,2025-11-03T19:22:11.006169
225,44,story,"{""age_appropriateness"": 1, ""clarity"": 1, ""creativity"": 1, ""language"": 1, ""message"": 0, ""literature"": 0, ""notes"": """"}",ikarazija,2025-11-03T19:24:57.302392
226,230,story,"{""age_appropriateness"": 1, ""clarity"": 1, ""creativity"": 0, ""language"": 1, ""message"": 1, ""literature"": 0, ""notes"": """"}",ikarazija,2025-11-03T19:27:59.635959
227,164,story,"{""age_appropriateness"": 0, ""clarity"": 0, ""creativity"": 0, ""language"": 1, ""message"": 0, ""literature"": 0, ""notes"": """"}",ikarazija,2025-11-03T19:28:43.791817
228,179,story,"{""age_appropriateness"": 0, ""clarity"": 0, ""creativity"": 0, ""language"": 1, ""message"": 0, ""literature"": 0, ""notes"": """"}",ikarazija,2025-11-03T19:29:26.616630
229,186,story,"{""age_appropriateness"": 1, ""clarity"": 1, ""creativity"": 0, ""language"": 1, ""message"": 1, ""literature"": 1, ""notes"": """"}",ikarazija,2025-11-03T19:30:33.233588
230,84,story,"{""age_appropriateness"": 1, ""clarity"": 0, ""creativity"": 0, ""language"": 1, ""message"": 1, ""literature"": 0, ""notes"": """"}",ikarazija,2025-11-03T19:32:53.315555
231,192,story,"{""age_appropriateness"": 1, ""clarity"": 1, ""creativity"": 0, ""language"": 1, ""message"": 1, ""literature"": 0, ""notes"": """"}",ikarazija,2025-11-03T19:34:26.783917
232,184,story,"{""age_appropriateness"": 1, ""clarity"": 1, ""creativity"": 0, ""language"": 1, ""message"": 1, ""literature"": 0, ""notes"": """"}",ikarazija,2025-11-03T19:37:09.220111
233,227,story,"{""age_appropriateness"": 1, ""clarity"": 1, ""creativity"": 0, ""language"": 1, ""message"": 1, ""literature"": 0, ""notes"": """"}",ikarazija,2025-11-03T19:38:41.069367
234,235,story,"{""age_appropriateness"": 1, ""clarity"": 1, ""creativity"": 0, ""language"": 1, ""message"": 1, ""literature"": 0, ""notes"": """"}",ikarazija,2025-11-03T19:40:59.005310
235,250,story,"{""age_appropriateness"": 1, ""clarity"": 1, ""creativity"": 0, ""language"": 1, ""message"": 1, ""literature"": 0, ""notes"": """"}",ikarazija,2025-11-03T19:42:30.142477
236,250,story,"{""age_appropriateness"": 1, ""clarity"": 1, ""creativity"": 0, ""language"": 1, ""message"": 1, ""literature"": 0, ""notes"": """"}",ikarazija,2025-11-03T19:42:30.498186
237,175,story,"{""age_appropriateness"": 0, ""clarity"": 0, ""creativity"": 1, ""language"": 1, ""message"": 0, ""literature"": 0, ""notes"": """"}",ikarazija,2025-11-03T19:43:47.077426
238,148,theme,"{""theme_quality"": 0, ""theme_success"": 1, ""roleplaying"": 1, ""notes"": """"}",ikarazija,2025-11-04T11:48:39.818717
239,228,theme,"{""theme_quality"": 0, ""theme_success"": 1, ""roleplaying"": 1, ""notes"": """"}",ikarazija,2025-11-04T11:52:26.533947
240,73,theme,"{""theme_quality"": 0, ""theme_success"": 1, ""roleplaying"": 1, ""notes"": """"}",ikarazija,2025-11-04T11:54:17.333871
241,175,theme,"{""theme_quality"": 0, ""theme_success"": 1, ""roleplaying"": 1, ""notes"": """"}",ikarazija,2025-11-04T11:56:31.683879
242,154,theme,"{""theme_quality"": 0, ""theme_success"": 0, ""roleplaying"": 1, ""notes"": """"}",ikarazija,2025-11-04T11:58:01.084791
243,168,theme,"{""theme_quality"": 0, ""theme_success"": 0, ""roleplaying"": 1, ""notes"": """"}",ikarazija,2025-11-04T12:02:43.292105
244,236,theme,"{""theme_quality"": 1, ""theme_success"": 1, ""roleplaying"": 1, ""notes"": """"}",ikarazija,2025-11-04T12:05:00.816169
245,139,theme,"{""theme_quality"": 0, ""theme_success"": 1, ""roleplaying"": 0, ""notes"": """"}",ikarazija,2025-11-04T12:06:30.008986
246,141,theme,"{""theme_quality"": 0, ""theme_success"": 1, ""roleplaying"": 1, ""notes"": """"}",ikarazija,2025-11-04T12:07:43.834369
247,75,theme,"{""theme_quality"": 0, ""theme_success"": 1, ""roleplaying"": 1, ""notes"": """"}",ikarazija,2025-11-04T12:09:26.340885
248,177,theme,"{""theme_quality"": 1, ""theme_success"": 1, ""roleplaying"": 1, ""notes"": """"}",ikarazija,2025-11-04T12:11:52.980351
249,100,theme,"{""theme_quality"": 0, ""theme_success"": 1, ""roleplaying"": 0, ""notes"": """"}",ikarazija,2025-11-04T12:14:06.094145
250,8,theme,"{""theme_quality"": 0, ""theme_success"": 1, ""roleplaying"": 1, ""notes"": """"}",ikarazija,2025-11-04T12:15:39.080065
251,224,theme,"{""theme_quality"": 0, ""theme_success"": 1, ""roleplaying"": 1, ""notes"": """"}",ikarazija,2025-11-04T12:17:37.351446
252,44,theme,"{""theme_quality"": 0, ""theme_success"": 1, ""roleplaying"": 0, ""notes"": """"}",ikarazija,2025-11-04T12:20:57.133426
253,156,theme,"{""theme_quality"": 0, ""theme_success"": 1, ""roleplaying"": 0, ""notes"": """"}",ikarazija,2025-11-04T15:15:22.522566
254,145,theme,"{""theme_quality"": 0, ""theme_success"": 1, ""roleplaying"": 0, ""notes"": """"}",ikarazija,2025-11-04T15:18:32.837790
255,218,theme,"{""theme_quality"": 0, ""theme_success"": 0, ""roleplaying"": 0, ""notes"": """"}",ikarazija,2025-11-04T15:24:47.484834
256,221,theme,"{""theme_quality"": 0, ""theme_success"": 0, ""roleplaying"": 1, ""notes"": """"}",ikarazija,2025-11-04T15:29:13.104366
257,96,theme,"{""theme_quality"": 1, ""theme_success"": 1, ""roleplaying"": 1, ""notes"": """"}",ikarazija,2025-11-04T15:33:09.743547
258,30,theme,"{""theme_quality"": 0, ""theme_success"": 1, ""roleplaying"": 1, ""notes"": """"}",ikarazija,2025-11-04T15:38:23.512634
259,82,theme,"{""theme_quality"": 0, ""theme_success"": 1, ""roleplaying"": 0, ""notes"": """"}",ikarazija,2025-11-04T15:43:11.792919
260,7,theme,"{""theme_quality"": 0, ""theme_success"": 1, ""roleplaying"": 0, ""notes"": """"}",ikarazija,2025-11-04T15:46:17.044109
261,187,theme,"{""theme_quality"": 0, ""theme_success"": 1, ""roleplaying"": 1, ""notes"": """"}",ikarazija,2025-11-04T15:48:22.490498
262,93,theme,"{""theme_quality"": 1, ""theme_success"": 1, ""roleplaying"": 1, ""notes"": """"}",ikarazija,2025-11-04T15:54:55.460423
263,55,theme,"{""theme_quality"": 0, ""theme_success"": 1, ""roleplaying"": 0, ""notes"": """"}",ikarazija,2025-11-04T15:58:48.475426
264,99,theme,"{""theme_quality"": 0, ""theme_success"": 1, ""roleplaying"": 0, ""notes"": """"}",ikarazija,2025-11-04T16:02:23.596586
265,89,theme,"{""theme_quality"": 0, ""theme_success"": 1, ""roleplaying"": 1, ""notes"": """"}",ikarazija,2025-11-04T16:08:06.237566
266,135,theme,"{""theme_quality"": 0, ""theme_success"": 1, ""roleplaying"": 1, ""notes"": """"}",ikarazija,2025-11-04T16:09:59.297602
267,150,theme,"{""theme_quality"": 0, ""theme_success"": 1, ""roleplaying"": 1, ""notes"": """"}",ikarazija,2025-11-04T16:13:23.587946
268,27,education,"{""education_quality"": 0, ""naturalness"": 0, ""correctness"": 1, ""notes"": """"}",ikarazija,2025-11-04T16:18:19.529286
269,55,education,"{""education_quality"": 1, ""naturalness"": 1, ""correctness"": 1, ""notes"": """"}",ikarazija,2025-11-04T16:20:59.439951
270,61,education,"{""education_quality"": 1, ""naturalness"": 1, ""correctness"": 1, ""notes"": """"}",ikarazija,2025-11-04T16:29:09.136129
271,8,education,"{""education_quality"": 1, ""naturalness"": 1, ""correctness"": 1, ""notes"": """"}",ikarazija,2025-11-04T16:31:54.547407
272,43,education,"{""education_quality"": 0, ""naturalness"": 0, ""correctness"": 1, ""notes"": """"}",ikarazija,2025-11-04T19:36:04.958172
273,12,education,"{""education_quality"": 1, ""naturalness"": 0, ""correctness"": 1, ""notes"": """"}",ikarazija,2025-11-04T19:45:39.640686
274,14,education,"{""education_quality"": 0, ""naturalness"": 1, ""correctness"": 1, ""notes"": ""The resulting story doesn't sound like it follows the original one (feels completely irrelevant)""}",ikarazija,2025-11-04T19:52:57.709239
275,67,education,"{""education_quality"": 0, ""naturalness"": 0, ""correctness"": 1, ""notes"": """"}",ikarazija,2025-11-04T19:56:47.187949
276,15,education,"{""education_quality"": 0, ""naturalness"": 1, ""correctness"": 0, ""notes"": """"}",ikarazija,2025-11-04T20:04:20.137241
277,59,education,"{""education_quality"": 0, ""naturalness"": 0, ""correctness"": 1, ""notes"": """"}",ikarazija,2025-11-04T20:09:22.718492
278,149,education,"{""education_quality"": 0, ""naturalness"": 1, ""correctness"": 1, ""notes"": """"}",ikarazija,2025-11-04T20:14:35.842199
279,96,education,"{""education_quality"": 0, ""naturalness"": 1, ""correctness"": 1, ""notes"": """"}",ikarazija,2025-11-04T20:21:13.669829
280,101,education,"{""education_quality"": 0, ""naturalness"": 0, ""correctness"": 1, ""notes"": """"}",ikarazija,2025-11-04T20:24:40.723643
281,60,education,"{""education_quality"": 0, ""naturalness"": 1, ""correctness"": 1, ""notes"": """"}",ikarazija,2025-11-04T20:33:33.922972
282,107,education,"{""education_quality"": 0, ""naturalness"": 0, ""correctness"": 0, ""notes"": """"}",ikarazija,2025-11-04T20:36:26.878757
283,153,education,"{""education_quality"": 0, ""naturalness"": 0, ""correctness"": 1, ""notes"": """"}",ikarazija,2025-11-04T20:47:03.503924
284,26,education,"{""education_quality"": 0, ""naturalness"": 1, ""correctness"": 1, ""notes"": """"}",ikarazija,2025-11-04T20:52:22.789922
285,147,education,"{""education_quality"": 0, ""naturalness"": 1, ""correctness"": 1, ""notes"": """"}",ikarazija,2025-11-04T20:58:27.235993
286,56,education,"{""education_quality"": 1, ""naturalness"": 1, ""correctness"": 1, ""notes"": """"}",ikarazija,2025-11-05T09:14:05.487644
287,104,education,"{""education_quality"": 0, ""naturalness"": 0, ""correctness"": 0, ""notes"": ""The output is not a story""}",ikarazija,2025-11-05T09:16:39.809428
288,17,education,"{""education_quality"": 0, ""naturalness"": 1, ""correctness"": 1, ""notes"": """"}",ikarazija,2025-11-05T09:19:38.222750
289,100,education,"{""education_quality"": 0, ""naturalness"": 0, ""correctness"": 0, ""notes"": ""The output isn't a story""}",ikarazija,2025-11-05T09:21:00.252670
290,3,questions,"{""difficulty"": 1, ""completeness"": 1, ""correctness_of_responses"": 1, ""notes"": """"}",ikarazija,2025-11-05T09:28:04.713669
291,33,questions,"{""difficulty"": 1, ""completeness"": 1, ""correctness_of_responses"": 1, ""notes"": """"}",ikarazija,2025-11-05T09:37:32.548386
292,146,questions,"{""difficulty"": 1, ""completeness"": 1, ""correctness_of_responses"": 1, ""notes"": """"}",ikarazija,2025-11-05T09:44:44.683035
293,38,questions,"{""difficulty"": 1, ""completeness"": 0, ""correctness_of_responses"": 1, ""notes"": """"}",ikarazija,2025-11-05T09:59:12.974446
294,144,story,"{""age_appropriateness"": 1, ""clarity"": 1, ""creativity"": 0, ""language"": 1, ""message"": 1, ""literature"": 0, ""notes"": """"}",jkrajtl,2025-11-05T16:02:37.012667
295,234,story,"{""age_appropriateness"": 1, ""clarity"": 1, ""creativity"": 1, ""language"": 1, ""message"": 1, ""literature"": 0, ""notes"": """"}",jkrajtl,2025-11-05T16:06:56.050949
296,77,story,"{""age_appropriateness"": 1, ""clarity"": 0, ""creativity"": 0, ""language"": 1, ""message"": 0, ""literature"": 1, ""notes"": """"}",jkrajtl,2025-11-05T16:12:44.180531
297,222,story,"{""age_appropriateness"": 0, ""clarity"": 1, ""creativity"": 1, ""language"": 1, ""message"": 0, ""literature"": 0, ""notes"": """"}",jkrajtl,2025-11-05T16:18:42.765459
298,39,story,"{""age_appropriateness"": 1, ""clarity"": 0, ""creativity"": 1, ""language"": 0, ""message"": 0, ""literature"": 0, ""notes"": """"}",jkrajtl,2025-11-05T16:22:44.769425
299,186,story,"{""age_appropriateness"": 1, ""clarity"": 1, ""creativity"": 0, ""language"": 1, ""message"": 1, ""literature"": 0, ""notes"": """"}",jkrajtl,2025-11-05T16:27:08.955688
300,131,story,"{""age_appropriateness"": 0, ""clarity"": 0, ""creativity"": 1, ""language"": 0, ""message"": 0, ""literature"": 0, ""notes"": """"}",jkrajtl,2025-11-05T16:33:05.353318
301,219,story,"{""age_appropriateness"": 0, ""clarity"": 1, ""creativity"": 1, ""language"": 0, ""message"": 1, ""literature"": 1, ""notes"": """"}",jkrajtl,2025-11-05T16:37:10.166161
302,126,story,"{""age_appropriateness"": 1, ""clarity"": 1, ""creativity"": 1, ""language"": 1, ""message"": 1, ""literature"": 1, ""notes"": """"}",jkrajtl,2025-11-05T16:40:39.544605
303,133,story,"{""age_appropriateness"": 1, ""clarity"": 0, ""creativity"": 1, ""language"": 0, ""message"": 0, ""literature"": 1, ""notes"": """"}",jkrajtl,2025-11-05T16:44:26.202669
304,212,story,"{""age_appropriateness"": 1, ""clarity"": 1, ""creativity"": 0, ""language"": 0, ""message"": 1, ""literature"": 0, ""notes"": """"}",jkrajtl,2025-11-05T16:50:00.006975
305,108,story,"{""age_appropriateness"": 1, ""clarity"": 1, ""creativity"": 0, ""language"": 1, ""message"": 0, ""literature"": 0, ""notes"": """"}",jkrajtl,2025-11-05T16:54:02.588860
306,171,story,"{""age_appropriateness"": 0, ""clarity"": 1, ""creativity"": 1, ""language"": 0, ""message"": 0, ""literature"": 0, ""notes"": """"}",jkrajtl,2025-11-05T16:55:58.043791
307,73,story,"{""age_appropriateness"": 1, ""clarity"": 1, ""creativity"": 1, ""language"": 1, ""message"": 1, ""literature"": 0, ""notes"": """"}",jkrajtl,2025-11-05T16:59:33.503976
308,194,story,"{""age_appropriateness"": 1, ""clarity"": 1, ""creativity"": 0, ""language"": 1, ""message"": 1, ""literature"": 1, ""notes"": """"}",jkrajtl,2025-11-05T17:03:11.124806
309,245,story,"{""age_appropriateness"": 0, ""clarity"": 0, ""creativity"": 1, ""language"": 1, ""message"": 0, ""literature"": 0, ""notes"": """"}",ifurkert,2025-11-05T18:06:54.726060
310,179,story,"{""age_appropriateness"": 0, ""clarity"": 0, ""creativity"": 0, ""language"": 0, ""message"": 0, ""literature"": 0, ""notes"": """"}",ifurkert,2025-11-05T18:07:54.799385
311,64,story,"{""age_appropriateness"": 1, ""clarity"": 1, ""creativity"": 0, ""language"": 1, ""message"": 0, ""literature"": 0, ""notes"": """"}",ifurkert,2025-11-05T18:08:59.063384
312,182,story,"{""age_appropriateness"": 1, ""clarity"": 1, ""creativity"": 0, ""language"": 1, ""message"": 1, ""literature"": 0, ""notes"": """"}",nprokopchuk,2025-11-05T18:09:44.800130
313,235,story,"{""age_appropriateness"": 1, ""clarity"": 1, ""creativity"": 0, ""language"": 1, ""message"": 1, ""literature"": 1, ""notes"": """"}",ifurkert,2025-11-05T18:10:33.246238
314,258,story,"{""age_appropriateness"": 0, ""clarity"": 0, ""creativity"": 0, ""language"": 1, ""message"": 0, ""literature"": 0, ""notes"": """"}",ifurkert,2025-11-05T18:11:58.798638
315,162,story,"{""age_appropriateness"": 0, ""clarity"": 0, ""creativity"": 0, ""language"": 0, ""message"": 0, ""literature"": 0, ""notes"": """"}",ifurkert,2025-11-05T18:12:41.388291
316,208,story,"{""age_appropriateness"": 0, ""clarity"": 1, ""creativity"": 0, ""language"": 0, ""message"": 0, ""literature"": 0, ""notes"": """"}",ifurkert,2025-11-05T18:14:04.412980
317,79,story,"{""age_appropriateness"": 1, ""clarity"": 1, ""creativity"": 0, ""language"": 1, ""message"": 1, ""literature"": 0, ""notes"": """"}",ifurkert,2025-11-05T18:14:45.904228
318,137,story,"{""age_appropriateness"": 1, ""clarity"": 1, ""creativity"": 1, ""language"": 1, ""message"": 1, ""literature"": 1, ""notes"": """"}",nprokopchuk,2025-11-05T18:14:49.438848
319,160,story,"{""age_appropriateness"": 0, ""clarity"": 0, ""creativity"": 1, ""language"": 0, ""message"": 0, ""literature"": 0, ""notes"": """"}",ifurkert,2025-11-05T18:15:32.933161
320,115,story,"{""age_appropriateness"": 1, ""clarity"": 1, ""creativity"": 1, ""language"": 1, ""message"": 1, ""literature"": 1, ""notes"": """"}",ifurkert,2025-11-05T18:16:22.561459
321,162,story,"{""age_appropriateness"": 0, ""clarity"": 1, ""creativity"": 1, ""language"": 1, ""message"": 1, ""literature"": 1, ""notes"": """"}",nprokopchuk,2025-11-05T18:17:03.672151
322,257,story,"{""age_appropriateness"": 0, ""clarity"": 0, ""creativity"": 0, ""language"": 0, ""message"": 0, ""literature"": 0, ""notes"": """"}",ifurkert,2025-11-05T18:17:14.181142
323,113,story,"{""age_appropriateness"": 1, ""clarity"": 0, ""creativity"": 1, ""language"": 1, ""message"": 0, ""literature"": 1, ""notes"": """"}",ifurkert,2025-11-05T18:18:02.601503
324,109,story,"{""age_appropriateness"": 1, ""clarity"": 1, ""creativity"": 1, ""language"": 1, ""message"": 1, ""literature"": 1, ""notes"": """"}",nprokopchuk,2025-11-05T18:18:28.699360
325,227,story,"{""age_appropriateness"": 1, ""clarity"": 1, ""creativity"": 1, ""language"": 1, ""message"": 1, ""literature"": 0, ""notes"": """"}",ifurkert,2025-11-05T18:18:42.490174
326,112,story,"{""age_appropriateness"": 1, ""clarity"": 0, ""creativity"": 1, ""language"": 1, ""message"": 0, ""literature"": 0, ""notes"": """"}",ifurkert,2025-11-05T18:19:30.679925
327,187,story,"{""age_appropriateness"": 0, ""clarity"": 0, ""creativity"": 0, ""language"": 0, ""message"": 0, ""literature"": 0, ""notes"": """"}",ifurkert,2025-11-05T18:20:16.321826
328,251,story,"{""age_appropriateness"": 1, ""clarity"": 1, ""creativity"": 1, ""language"": 1, ""message"": 1, ""literature"": 1, ""notes"": """"}",nprokopchuk,2025-11-05T18:27:34.284372
329,118,story,"{""age_appropriateness"": 1, ""clarity"": 1, ""creativity"": 1, ""language"": 1, ""message"": 1, ""literature"": 1, ""notes"": """"}",nprokopchuk,2025-11-05T18:41:02.048121
330,48,story,"{""age_appropriateness"": 1, ""clarity"": 1, ""creativity"": 1, ""language"": 1, ""message"": 0, ""literature"": 1, ""notes"": """"}",nprokopchuk,2025-11-05T18:41:48.256620
331,209,story,"{""age_appropriateness"": 1, ""clarity"": 1, ""creativity"": 0, ""language"": 1, ""message"": 1, ""literature"": 1, ""notes"": """"}",nprokopchuk,2025-11-05T18:42:24.551243
332,190,story,"{""age_appropriateness"": 1, ""clarity"": 1, ""creativity"": 1, ""language"": 1, ""message"": 1, ""literature"": 1, ""notes"": """"}",nprokopchuk,2025-11-05T18:44:30.140368
333,73,story,"{""age_appropriateness"": 1, ""clarity"": 1, ""creativity"": 1, ""language"": 1, ""message"": 1, ""literature"": 1, ""notes"": """"}",nprokopchuk,2025-11-05T18:45:03.665234
334,46,story,"{""age_appropriateness"": 1, ""clarity"": 1, ""creativity"": 1, ""language"": 1, ""message"": 0, ""literature"": 1, ""notes"": """"}",nprokopchuk,2025-11-05T18:45:42.198580
335,117,story,"{""age_appropriateness"": 1, ""clarity"": 1, ""creativity"": 1, ""language"": 1, ""message"": 1, ""literature"": 1, ""notes"": """"}",nprokopchuk,2025-11-05T18:49:36.161164
336,26,story,"{""age_appropriateness"": 1, ""clarity"": 1, ""creativity"": 1, ""language"": 1, ""message"": 1, ""literature"": 1, ""notes"": """"}",nprokopchuk,2025-11-05T18:50:11.039285
337,185,story,"{""age_appropriateness"": 1, ""clarity"": 1, ""creativity"": 1, ""language"": 1, ""message"": 1, ""literature"": 1, ""notes"": """"}",nprokopchuk,2025-11-05T18:50:49.172142
338,106,story,"{""age_appropriateness"": 1, ""clarity"": 0, ""creativity"": 1, ""language"": 1, ""message"": 1, ""literature"": 0, ""notes"": """"}",nprokopchuk,2025-11-05T18:51:28.386630
339,177,story,"{""age_appropriateness"": 1, ""clarity"": 1, ""creativity"": 1, ""language"": 1, ""message"": 1, ""literature"": 1, ""notes"": """"}",nprokopchuk,2025-11-05T18:52:15.442154
340,82,story,"{""age_appropriateness"": 1, ""clarity"": 1, ""creativity"": 1, ""language"": 1, ""message"": 1, ""literature"": 1, ""notes"": """"}",nprokopchuk,2025-11-05T18:53:24.997247
341,226,story,"{""age_appropriateness"": 1, ""clarity"": 1, ""creativity"": 0, ""language"": 1, ""message"": 1, ""literature"": 0, ""notes"": """"}",nprokopchuk,2025-11-05T18:54:08.385062
342,243,story,"{""age_appropriateness"": 1, ""clarity"": 1, ""creativity"": 0, ""language"": 1, ""message"": 1, ""literature"": 1, ""notes"": """"}",nprokopchuk,2025-11-05T18:54:42.231851
343,96,story,"{""age_appropriateness"": 1, ""clarity"": 1, ""creativity"": 1, ""language"": 1, ""message"": 1, ""literature"": 1, ""notes"": """"}",nprokopchuk,2025-11-05T18:55:18.255152
344,132,story,"{""age_appropriateness"": 1, ""clarity"": 1, ""creativity"": 1, ""language"": 1, ""message"": 1, ""literature"": 1, ""notes"": """"}",nprokopchuk,2025-11-05T18:55:40.022113
345,163,story,"{""age_appropriateness"": 1, ""clarity"": 1, ""creativity"": 1, ""language"": 1, ""message"": 1, ""literature"": 1, ""notes"": """"}",nprokopchuk,2025-11-05T18:57:09.266239
346,61,questions,"{""difficulty"": 1, ""completeness"": 1, ""correctness_of_responses"": 1, ""notes"": """"}",ikarazija,2025-11-05T18:59:18.455688
347,121,story,"{""age_appropriateness"": 1, ""clarity"": 1, ""creativity"": 1, ""language"": 1, ""message"": 1, ""literature"": 1, ""notes"": """"}",nprokopchuk,2025-11-05T18:59:26.972806
348,78,story,"{""age_appropriateness"": 1, ""clarity"": 1, ""creativity"": 1, ""language"": 1, ""message"": 1, ""literature"": 1, ""notes"": """"}",nprokopchuk,2025-11-05T19:00:03.930214
349,149,story,"{""age_appropriateness"": 1, ""clarity"": 0, ""creativity"": 1, ""language"": 1, ""message"": 1, ""literature"": 1, ""notes"": """"}",nprokopchuk,2025-11-05T19:01:22.196575
350,50,questions,"{""difficulty"": 1, ""completeness"": 1, ""correctness_of_responses"": 1, ""notes"": """"}",ikarazija,2025-11-05T19:01:45.506326
351,141,story,"{""age_appropriateness"": 1, ""clarity"": 0, ""creativity"": 1, ""language"": 1, ""message"": 1, ""literature"": 0, ""notes"": """"}",nprokopchuk,2025-11-05T19:02:11.851802
352,85,story,"{""age_appropriateness"": 1, ""clarity"": 1, ""creativity"": 1, ""language"": 1, ""message"": 1, ""literature"": 0, ""notes"": """"}",nprokopchuk,2025-11-05T19:03:03.064401
353,217,story,"{""age_appropriateness"": 1, ""clarity"": 1, ""creativity"": 1, ""language"": 1, ""message"": 1, ""literature"": 1, ""notes"": """"}",nprokopchuk,2025-11-05T19:03:37.703477
354,254,story,"{""age_appropriateness"": 1, ""clarity"": 1, ""creativity"": 1, ""language"": 1, ""message"": 1, ""literature"": 1, ""notes"": """"}",nprokopchuk,2025-11-05T19:04:18.931339
355,97,story,"{""age_appropriateness"": 1, ""clarity"": 1, ""creativity"": 1, ""language"": 1, ""message"": 1, ""literature"": 1, ""notes"": """"}",nprokopchuk,2025-11-05T19:04:59.547720
356,45,questions,"{""difficulty"": 1, ""completeness"": 0, ""correctness_of_responses"": 1, ""notes"": ""Some of the questions don't pull information from the story itself""}",ikarazija,2025-11-05T19:05:43.377797
357,166,story,"{""age_appropriateness"": 1, ""clarity"": 1, ""creativity"": 1, ""language"": 1, ""message"": 1, ""literature"": 1, ""notes"": """"}",nprokopchuk,2025-11-05T19:07:20.412722
358,123,questions,"{""difficulty"": 1, ""completeness"": 1, ""correctness_of_responses"": 1, ""notes"": """"}",ikarazija,2025-11-05T19:08:33.571499
359,241,story,"{""age_appropriateness"": 1, ""clarity"": 1, ""creativity"": 1, ""language"": 1, ""message"": 1, ""literature"": 1, ""notes"": """"}",nprokopchuk,2025-11-05T19:09:54.793822
360,61,story,"{""age_appropriateness"": 1, ""clarity"": 1, ""creativity"": 1, ""language"": 1, ""message"": 1, ""literature"": 1, ""notes"": """"}",nprokopchuk,2025-11-05T19:10:23.337371
361,95,story,"{""age_appropriateness"": 1, ""clarity"": 1, ""creativity"": 1, ""language"": 1, ""message"": 1, ""literature"": 1, ""notes"": """"}",nprokopchuk,2025-11-05T19:10:52.008822
362,129,questions,"{""difficulty"": 1, ""completeness"": 1, ""correctness_of_responses"": 1, ""notes"": """"}",ikarazija,2025-11-05T19:11:00.717882
363,170,story,"{""age_appropriateness"": 1, ""clarity"": 1, ""creativity"": 1, ""language"": 1, ""message"": 1, ""literature"": 1, ""notes"": """"}",nprokopchuk,2025-11-05T19:12:30.570863
364,230,story,"{""age_appropriateness"": 1, ""clarity"": 1, ""creativity"": 1, ""language"": 1, ""message"": 1, ""literature"": 1, ""notes"": """"}",nprokopchuk,2025-11-05T19:13:02.959156
365,155,story,"{""age_appropriateness"": 1, ""clarity"": 1, ""creativity"": 0, ""language"": 1, ""message"": 1, ""literature"": 1, ""notes"": """"}",nprokopchuk,2025-11-05T19:13:24.296076
366,54,questions,"{""difficulty"": 1, ""completeness"": 0, ""correctness_of_responses"": 1, ""notes"": """"}",ikarazija,2025-11-05T19:13:50.293465
367,154,story,"{""age_appropriateness"": 1, ""clarity"": 1, ""creativity"": 1, ""language"": 1, ""message"": 1, ""literature"": 0, ""notes"": """"}",nprokopchuk,2025-11-05T19:14:28.085964
368,154,questions,"{""difficulty"": 0, ""completeness"": 0, ""correctness_of_responses"": 0, ""notes"": """"}",ikarazija,2025-11-05T19:14:29.458859
369,113,story,"{""age_appropriateness"": 1, ""clarity"": 0, ""creativity"": 1, ""language"": 0, ""message"": 1, ""literature"": 0, ""notes"": """"}",nprokopchuk,2025-11-05T19:15:43.066469
370,18,questions,"{""difficulty"": 1, ""completeness"": 1, ""correctness_of_responses"": 0, ""notes"": """"}",ikarazija,2025-11-05T19:17:41.316595
371,27,story,"{""age_appropriateness"": 1, ""clarity"": 1, ""creativity"": 1, ""language"": 1, ""message"": 1, ""literature"": 1, ""notes"": """"}",nprokopchuk,2025-11-05T19:18:08.859020
372,174,story,"{""age_appropriateness"": 0, ""clarity"": 1, ""creativity"": 1, ""language"": 1, ""message"": 1, ""literature"": 0, ""notes"": """"}",nprokopchuk,2025-11-05T19:19:16.985521
373,143,story,"{""age_appropriateness"": 1, ""clarity"": 1, ""creativity"": 1, ""language"": 1, ""message"": 1, ""literature"": 1, ""notes"": """"}",nprokopchuk,2025-11-05T19:19:40.424012
374,142,story,"{""age_appropriateness"": 1, ""clarity"": 1, ""creativity"": 1, ""language"": 1, ""message"": 1, ""literature"": 1, ""notes"": """"}",nprokopchuk,2025-11-05T19:20:33.413111
375,19,story,"{""age_appropriateness"": 1, ""clarity"": 1, ""creativity"": 1, ""language"": 1, ""message"": 1, ""literature"": 1, ""notes"": """"}",nprokopchuk,2025-11-05T19:20:56.972587
376,126,story,"{""age_appropriateness"": 1, ""clarity"": 1, ""creativity"": 1, ""language"": 1, ""message"": 1, ""literature"": 1, ""notes"": """"}",nprokopchuk,2025-11-05T19:21:10.360872
377,92,story,"{""age_appropriateness"": 1, ""clarity"": 1, ""creativity"": 1, ""language"": 1, ""message"": 1, ""literature"": 1, ""notes"": """"}",nprokopchuk,2025-11-05T19:21:25.329719
378,156,story,"{""age_appropriateness"": 1, ""clarity"": 0, ""creativity"": 0, ""language"": 1, ""message"": 1, ""literature"": 0, ""notes"": """"}",nprokopchuk,2025-11-05T19:22:03.536495
379,24,questions,"{""difficulty"": 1, ""completeness"": 1, ""correctness_of_responses"": 1, ""notes"": """"}",ikarazija,2025-11-05T19:22:49.105981
380,257,story,"{""age_appropriateness"": 1, ""clarity"": 1, ""creativity"": 1, ""language"": 1, ""message"": 1, ""literature"": 0, ""notes"": """"}",nprokopchuk,2025-11-05T19:23:11.292862
381,140,story,"{""age_appropriateness"": 1, ""clarity"": 1, ""creativity"": 1, ""language"": 1, ""message"": 1, ""literature"": 1, ""notes"": """"}",nprokopchuk,2025-11-05T19:26:02.603934
382,31,story,"{""age_appropriateness"": 1, ""clarity"": 1, ""creativity"": 1, ""language"": 1, ""message"": 1, ""literature"": 1, ""notes"": """"}",nprokopchuk,2025-11-05T19:27:21.179834
383,51,questions,"{""difficulty"": 1, ""completeness"": 1, ""correctness_of_responses"": 0, ""notes"": """"}",ikarazija,2025-11-05T19:27:31.340487
384,100,story,"{""age_appropriateness"": 1, ""clarity"": 1, ""creativity"": 1, ""language"": 1, ""message"": 1, ""literature"": 1, ""notes"": """"}",nprokopchuk,2025-11-05T19:27:47.205942
385,59,story,"{""age_appropriateness"": 1, ""clarity"": 1, ""creativity"": 1, ""language"": 1, ""message"": 0, ""literature"": 1, ""notes"": """"}",nprokopchuk,2025-11-05T19:28:39.896454
386,86,story,"{""age_appropriateness"": 1, ""clarity"": 1, ""creativity"": 1, ""language"": 1, ""message"": 1, ""literature"": 1, ""notes"": """"}",nprokopchuk,2025-11-05T19:29:21.999627
387,134,story,"{""age_appropriateness"": 1, ""clarity"": 0, ""creativity"": 0, ""language"": 1, ""message"": 1, ""literature"": 0, ""notes"": """"}",nprokopchuk,2025-11-05T19:31:53.773633
388,17,story,"{""age_appropriateness"": 1, ""clarity"": 1, ""creativity"": 1, ""language"": 1, ""message"": 1, ""literature"": 1, ""notes"": """"}",nprokopchuk,2025-11-05T19:32:18.681180
389,116,questions,"{""difficulty"": 1, ""completeness"": 0, ""correctness_of_responses"": 0, ""notes"": """"}",ikarazija,2025-11-05T19:33:04.456376
390,160,story,"{""age_appropriateness"": 1, ""clarity"": 1, ""creativity"": 0, ""language"": 1, ""message"": 1, ""literature"": 0, ""notes"": """"}",nprokopchuk,2025-11-05T19:33:55.166837
391,142,questions,"{""difficulty"": 0, ""completeness"": 1, ""correctness_of_responses"": 0, ""notes"": """"}",ikarazija,2025-11-05T19:35:03.235302
392,5,story,"{""age_appropriateness"": 0, ""clarity"": 0, ""creativity"": 1, ""language"": 1, ""message"": 1, ""literature"": 0, ""notes"": """"}",nprokopchuk,2025-11-05T19:35:58.779311
393,84,story,"{""age_appropriateness"": 1, ""clarity"": 1, ""creativity"": 1, ""language"": 1, ""message"": 1, ""literature"": 1, ""notes"": """"}",nprokopchuk,2025-11-05T19:36:24.675333
394,128,questions,"{""difficulty"": 1, ""completeness"": 1, ""correctness_of_responses"": 1, ""notes"": """"}",ikarazija,2025-11-05T19:36:32.426223
395,12,story,"{""age_appropriateness"": 1, ""clarity"": 1, ""creativity"": 1, ""language"": 1, ""message"": 1, ""literature"": 1, ""notes"": """"}",nprokopchuk,2025-11-05T19:37:03.994744
396,139,questions,"{""difficulty"": 1, ""completeness"": 0, ""correctness_of_responses"": 1, ""notes"": """"}",ikarazija,2025-11-05T19:40:34.865194
397,110,questions,"{""difficulty"": 1, ""completeness"": 0, ""correctness_of_responses"": 1, ""notes"": """"}",ikarazija,2025-11-05T19:46:03.207194
398,97,questions,"{""difficulty"": 0, ""completeness"": 0, ""correctness_of_responses"": 1, ""notes"": ""Most of the question themes aren't mentioned in the story itself""}",ikarazija,2025-11-05T19:48:48.892102
399,133,questions,"{""difficulty"": 1, ""completeness"": 1, ""correctness_of_responses"": 0, ""notes"": """"}",ikarazija,2025-11-05T19:55:20.675091
400,10,questions,"{""difficulty"": 1, ""completeness"": 1, ""correctness_of_responses"": 1, ""notes"": """"}",ikarazija,2025-11-05T19:57:20.284579
401,2,questions,"{""difficulty"": 0, ""completeness"": 0, ""correctness_of_responses"": 0, ""notes"": """"}",ikarazija,2025-11-05T20:01:44.678371
402,114,questions,"{""difficulty"": 1, ""completeness"": 1, ""correctness_of_responses"": 1, ""notes"": """"}",ikarazija,2025-11-05T20:05:08.865352
403,103,questions,"{""difficulty"": 1, ""completeness"": 0, ""correctness_of_responses"": 1, ""notes"": """"}",ikarazija,2025-11-05T20:07:10.721821
404,99,questions,"{""difficulty"": 0, ""completeness"": 0, ""correctness_of_responses"": 0, ""notes"": ""Most of the question themes aren't mentioned in the story itself""}",ikarazija,2025-11-05T20:08:52.154073
405,9,questions,"{""difficulty"": 1, ""completeness"": 1, ""correctness_of_responses"": 1, ""notes"": """"}",ikarazija,2025-11-05T20:10:54.979675
406,37,questions,"{""difficulty"": 1, ""completeness"": 1, ""correctness_of_responses"": 1, ""notes"": """"}",ikarazija,2025-11-05T20:16:32.590615
407,107,questions,"{""difficulty"": 1, ""completeness"": 1, ""correctness_of_responses"": 1, ""notes"": """"}",ikarazija,2025-11-05T20:22:53.830037
408,112,questions,"{""difficulty"": 1, ""completeness"": 0, ""correctness_of_responses"": 0, ""notes"": ""Most of the question themes aren't mentioned in the story itself""}",ikarazija,2025-11-05T20:27:39.907777
409,49,questions,"{""difficulty"": 1, ""completeness"": 1, ""correctness_of_responses"": 1, ""notes"": """"}",ikarazija,2025-11-05T20:31:00.649134
410,36,questions,"{""difficulty"": 1, ""completeness"": 1, ""correctness_of_responses"": 0, ""notes"": """"}",ikarazija,2025-11-05T20:35:04.561427
411,62,questions,"{""difficulty"": 1, ""completeness"": 1, ""correctness_of_responses"": 1, ""notes"": """"}",ikarazija,2025-11-05T20:35:45.582128
412,104,questions,"{""difficulty"": 1, ""completeness"": 0, ""correctness_of_responses"": 0, ""notes"": """"}",ikarazija,2025-11-05T20:38:04.170612
413,39,questions,"{""difficulty"": 1, ""completeness"": 0, ""correctness_of_responses"": 1, ""notes"": """"}",ikarazija,2025-11-05T20:40:29.477953
414,64,questions,"{""difficulty"": 1, ""completeness"": 1, ""correctness_of_responses"": 1, ""notes"": """"}",ikarazija,2025-11-05T20:43:21.614291
415,26,questions,"{""difficulty"": 1, ""completeness"": 1, ""correctness_of_responses"": 1, ""notes"": """"}",ikarazija,2025-11-05T20:45:45.286077
416,111,questions,"{""difficulty"": 1, ""completeness"": 1, ""correctness_of_responses"": 1, ""notes"": """"}",ikarazija,2025-11-05T20:50:08.861150
417,15,questions,"{""difficulty"": 1, ""completeness"": 1, ""correctness_of_responses"": 1, ""notes"": """"}",ikarazija,2025-11-05T20:52:48.857974
418,48,questions,"{""difficulty"": 1, ""completeness"": 1, ""correctness_of_responses"": 1, ""notes"": """"}",ikarazija,2025-11-05T20:54:47.333959
419,78,theme,"{""theme_quality"": 1, ""theme_success"": 1, ""roleplaying"": 0, ""notes"": """"}",nprokopchuk,2025-11-05T21:27:02.846077
420,9,education,"{""education_quality"": 1, ""naturalness"": 1, ""correctness"": 1, ""notes"": """"}",nprokopchuk,2025-11-05T21:27:39.731103
421,190,story,"{""age_appropriateness"": 1, ""clarity"": 1, ""creativity"": 0, ""language"": 0, ""message"": 1, ""literature"": 0, ""notes"": """"}",jkrajtl,2025-11-06T08:36:16.097818
422,232,story,"{""age_appropriateness"": 1, ""clarity"": 0, ""creativity"": 1, ""language"": 0, ""message"": 1, ""literature"": 0, ""notes"": """"}",jkrajtl,2025-11-06T08:39:56.616366
423,116,story,"{""age_appropriateness"": 1, ""clarity"": 1, ""creativity"": 0, ""language"": 0, ""message"": 0, ""literature"": 0, ""notes"": """"}",jkrajtl,2025-11-06T08:43:51.713998
424,22,story,"{""age_appropriateness"": 1, ""clarity"": 1, ""creativity"": 0, ""language"": 0, ""message"": 1, ""literature"": 0, ""notes"": """"}",jkrajtl,2025-11-06T08:46:56.610246
425,180,story,"{""age_appropriateness"": 1, ""clarity"": 1, ""creativity"": 0, ""language"": 0, ""message"": 1, ""literature"": 0, ""notes"": """"}",jkrajtl,2025-11-06T08:50:23.655916
426,115,story,"{""age_appropriateness"": 1, ""clarity"": 1, ""creativity"": 1, ""language"": 1, ""message"": 1, ""literature"": 0, ""notes"": """"}",jkrajtl,2025-11-06T08:54:11.531823
427,169,story,"{""age_appropriateness"": 0, ""clarity"": 0, ""creativity"": 0, ""language"": 0, ""message"": 0, ""literature"": 0, ""notes"": """"}",jkrajtl,2025-11-06T08:56:22.617130
428,225,story,"{""age_appropriateness"": 0, ""clarity"": 1, ""creativity"": 1, ""language"": 1, ""message"": 1, ""literature"": 0, ""notes"": """"}",jkrajtl,2025-11-06T09:00:36.268155
429,145,story,"{""age_appropriateness"": 0, ""clarity"": 1, ""creativity"": 1, ""language"": 1, ""message"": 1, ""literature"": 0, ""notes"": """"}",jkrajtl,2025-11-06T09:02:58.800968
430,83,story,"{""age_appropriateness"": 1, ""clarity"": 1, ""creativity"": 1, ""language"": 1, ""message"": 1, ""literature"": 0, ""notes"": """"}",jkrajtl,2025-11-06T09:08:21.260390
431,159,education,"{""education_quality"": 0, ""naturalness"": 1, ""correctness"": 0, ""notes"": """"}",ikarazija,2025-11-06T09:08:35.163406
432,111,story,"{""age_appropriateness"": 1, ""clarity"": 1, ""creativity"": 1, ""language"": 1, ""message"": 1, ""literature"": 1, ""notes"": """"}",jkrajtl,2025-11-06T09:13:15.082488
433,208,story,"{""age_appropriateness"": 1, ""clarity"": 1, ""creativity"": 1, ""language"": 1, ""message"": 1, ""literature"": 1, ""notes"": """"}",jkrajtl,2025-11-06T09:17:06.435186
434,146,story,"{""age_appropriateness"": 1, ""clarity"": 1, ""creativity"": 1, ""language"": 1, ""message"": 1, ""literature"": 1, ""notes"": """"}",jkrajtl,2025-11-06T09:20:28.716202
435,54,education,"{""education_quality"": 1, ""naturalness"": 1, ""correctness"": 1, ""notes"": """"}",ikarazija,2025-11-06T09:25:33.027350
436,42,story,"{""age_appropriateness"": 1, ""clarity"": 1, ""creativity"": 1, ""language"": 1, ""message"": 0, ""literature"": 1, ""notes"": """"}",jkrajtl,2025-11-06T09:28:29.123557
437,166,story,"{""age_appropriateness"": 0, ""clarity"": 0, ""creativity"": 1, ""language"": 0, ""message"": 0, ""literature"": 0, ""notes"": """"}",jkrajtl,2025-11-06T09:29:31.702588
438,150,education,"{""education_quality"": 0, ""naturalness"": 1, ""correctness"": 1, ""notes"": """"}",ikarazija,2025-11-06T09:31:39.013752
439,103,education,"{""education_quality"": 0, ""naturalness"": 0, ""correctness"": 1, ""notes"": """"}",ikarazija,2025-11-06T09:34:07.284283
440,87,theme,"{""theme_quality"": 1, ""theme_success"": 1, ""roleplaying"": 1, ""notes"": """"}",nprokopchuk,2025-11-06T09:34:59.730920
441,102,theme,"{""theme_quality"": 1, ""theme_success"": 1, ""roleplaying"": 1, ""notes"": """"}",nprokopchuk,2025-11-06T09:36:16.289340
442,205,theme,"{""theme_quality"": 1, ""theme_success"": 1, ""roleplaying"": 1, ""notes"": """"}",nprokopchuk,2025-11-06T09:37:32.045515
443,162,education,"{""education_quality"": 0, ""naturalness"": 0, ""correctness"": 1, ""notes"": """"}",ikarazija,2025-11-06T09:38:13.777414
444,64,theme,"{""theme_quality"": 1, ""theme_success"": 1, ""roleplaying"": 1, ""notes"": """"}",nprokopchuk,2025-11-06T09:38:20.579574
445,172,education,"{""education_quality"": 0, ""naturalness"": 1, ""correctness"": 1, ""notes"": """"}",ikarazija,2025-11-06T09:39:24.944002
446,82,questions,"{""difficulty"": 1, ""completeness"": 1, ""correctness_of_responses"": 1, ""notes"": """"}",nprokopchuk,2025-11-06T09:39:44.830080
447,91,questions,"{""difficulty"": 1, ""completeness"": 1, ""correctness_of_responses"": 1, ""notes"": """"}",nprokopchuk,2025-11-06T09:40:26.714379
448,165,education,"{""education_quality"": 0, ""naturalness"": 0, ""correctness"": 1, ""notes"": """"}",ikarazija,2025-11-06T09:42:32.872359
449,162,theme,"{""theme_quality"": 1, ""theme_success"": 1, ""roleplaying"": 0, ""notes"": """"}",nprokopchuk,2025-11-06T09:44:54.727657
450,219,theme,"{""theme_quality"": 1, ""theme_success"": 1, ""roleplaying"": 1, ""notes"": """"}",nprokopchuk,2025-11-06T09:45:34.175974
451,171,education,"{""education_quality"": 0, ""naturalness"": 1, ""correctness"": 1, ""notes"": """"}",ikarazija,2025-11-06T09:46:20.529740
452,3,theme,"{""theme_quality"": 0, ""theme_success"": 0, ""roleplaying"": 1, ""notes"": """"}",nprokopchuk,2025-11-06T09:47:02.752209
453,38,education,"{""education_quality"": 0, ""naturalness"": 1, ""correctness"": 1, ""notes"": """"}",ikarazija,2025-11-06T09:54:46.030458
454,116,education,"{""education_quality"": 0, ""naturalness"": 0, ""correctness"": 0, ""notes"": ""The output is not a story""}",ikarazija,2025-11-06T10:02:09.026589
455,136,education,"{""education_quality"": 0, ""naturalness"": 1, ""correctness"": 1, ""notes"": """"}",ikarazija,2025-11-06T10:08:59.229354
456,106,education,"{""education_quality"": 0, ""naturalness"": 0, ""correctness"": 0, ""notes"": ""The output is not a story""}",ikarazija,2025-11-06T10:10:50.767454
457,44,education,"{""education_quality"": 0, ""naturalness"": 0, ""correctness"": 1, ""notes"": """"}",ikarazija,2025-11-06T10:15:41.083479
458,121,education,"{""education_quality"": 0, ""naturalness"": 1, ""correctness"": 1, ""notes"": """"}",ikarazija,2025-11-06T10:23:40.916579
459,94,education,"{""education_quality"": 0, ""naturalness"": 0, ""correctness"": 1, ""notes"": """"}",ikarazija,2025-11-06T10:25:55.664164
460,101,theme,"{""theme_quality"": 1, ""theme_success"": 1, ""roleplaying"": 0, ""notes"": """"}",nprokopchuk,2025-11-06T13:00:22.746566
461,141,theme,"{""theme_quality"": 1, ""theme_success"": 1, ""roleplaying"": 1, ""notes"": """"}",nprokopchuk,2025-11-06T13:00:36.911740
462,195,story,"{""age_appropriateness"": 1, ""clarity"": 0, ""creativity"": 0, ""language"": 0, ""message"": 0, ""literature"": 0, ""notes"": """"}",ifurkert,2025-11-06T13:03:20.159605
463,164,education,"{""education_quality"": 0, ""naturalness"": 0, ""correctness"": 1, ""notes"": """"}",ikarazija,2025-11-06T13:08:55.570797
464,92,education,"{""education_quality"": 0, ""naturalness"": 0, ""correctness"": 1, ""notes"": """"}",ikarazija,2025-11-06T13:11:15.857023
465,194,story,"{""age_appropriateness"": 1, ""clarity"": 1, ""creativity"": 0, ""language"": 1, ""message"": 0, ""literature"": 0, ""notes"": """"}",ifurkert,2025-11-06T13:12:45.181429
466,242,story,"{""age_appropriateness"": 1, ""clarity"": 0, ""creativity"": 0, ""language"": 1, ""message"": 0, ""literature"": 0, ""notes"": """"}",ifurkert,2025-11-06T13:14:30.474476
467,106,story,"{""age_appropriateness"": 1, ""clarity"": 0, ""creativity"": 0, ""language"": 0, ""message"": 0, ""literature"": 0, ""notes"": """"}",ifurkert,2025-11-06T13:15:59.741746
468,9,education,"{""education_quality"": 0, ""naturalness"": 0, ""correctness"": 1, ""notes"": """"}",ikarazija,2025-11-06T13:16:10.671655
469,217,story,"{""age_appropriateness"": 1, ""clarity"": 0, ""creativity"": 1, ""language"": 0, ""message"": 0, ""literature"": 0, ""notes"": """"}",ifurkert,2025-11-06T13:18:00.053534
470,157,theme,"{""theme_quality"": 0, ""theme_success"": 0, ""roleplaying"": 0, ""notes"": """"}",ikarazija,2025-11-06T13:18:32.088497
471,80,story,"{""age_appropriateness"": 0, ""clarity"": 0, ""creativity"": 0, ""language"": 0, ""message"": 0, ""literature"": 0, ""notes"": """"}",ifurkert,2025-11-06T13:19:06.736459
472,159,story,"{""age_appropriateness"": 0, ""clarity"": 0, ""creativity"": 1, ""language"": 1, ""message"": 0, ""literature"": 0, ""notes"": """"}",ifurkert,2025-11-06T13:19:42.099356
473,147,story,"{""age_appropriateness"": 0, ""clarity"": 0, ""creativity"": 0, ""language"": 0, ""message"": 0, ""literature"": 0, ""notes"": """"}",ifurkert,2025-11-06T13:20:23.984676
474,148,story,"{""age_appropriateness"": 1, ""clarity"": 0, ""creativity"": 0, ""language"": 1, ""message"": 0, ""literature"": 0, ""notes"": """"}",ifurkert,2025-11-06T13:21:45.571723
475,186,theme,"{""theme_quality"": 1, ""theme_success"": 1, ""roleplaying"": 1, ""notes"": """"}",ikarazija,2025-11-06T13:22:31.503043
476,140,story,"{""age_appropriateness"": 1, ""clarity"": 0, ""creativity"": 0, ""language"": 1, ""message"": 0, ""literature"": 1, ""notes"": """"}",ifurkert,2025-11-06T13:22:58.868943
477,158,story,"{""age_appropriateness"": 0, ""clarity"": 0, ""creativity"": 1, ""language"": 1, ""message"": 1, ""literature"": 1, ""notes"": """"}",ifurkert,2025-11-06T13:25:03.592256
478,201,story,"{""age_appropriateness"": 0, ""clarity"": 0, ""creativity"": 1, ""language"": 0, ""message"": 0, ""literature"": 0, ""notes"": """"}",ifurkert,2025-11-06T13:27:04.255120
479,133,story,"{""age_appropriateness"": 1, ""clarity"": 0, ""creativity"": 1, ""language"": 1, ""message"": 0, ""literature"": 1, ""notes"": """"}",ifurkert,2025-11-06T13:28:52.430806
480,166,theme,"{""theme_quality"": 0, ""theme_success"": 0, ""roleplaying"": 0, ""notes"": """"}",ikarazija,2025-11-06T13:29:01.141268
481,262,story,"{""age_appropriateness"": 0, ""clarity"": 0, ""creativity"": 0, ""language"": 0, ""message"": 0, ""literature"": 0, ""notes"": """"}",ifurkert,2025-11-06T13:30:23.484085
482,247,theme,"{""theme_quality"": 0, ""theme_success"": 1, ""roleplaying"": 1, ""notes"": """"}",ikarazija,2025-11-06T13:32:07.717843
483,143,story,"{""age_appropriateness"": 1, ""clarity"": 1, ""creativity"": 1, ""language"": 1, ""message"": 1, ""literature"": 1, ""notes"": """"}",ifurkert,2025-11-06T13:32:18.350848
484,150,story,"{""age_appropriateness"": 0, ""clarity"": 0, ""creativity"": 1, ""language"": 0, ""message"": 0, ""literature"": 0, ""notes"": """"}",ifurkert,2025-11-06T13:33:42.396995
485,208,theme,"{""theme_quality"": 1, ""theme_success"": 1, ""roleplaying"": 0, ""notes"": """"}",ifurkert,2025-11-06T13:35:46.049010
486,66,theme,"{""theme_quality"": 0, ""theme_success"": 1, ""roleplaying"": 1, ""notes"": """"}",ifurkert,2025-11-06T13:38:18.000570
487,28,theme,"{""theme_quality"": 0, ""theme_success"": 1, ""roleplaying"": 0, ""notes"": """"}",ikarazija,2025-11-06T13:39:00.497990
488,99,theme,"{""theme_quality"": 0, ""theme_success"": 1, ""roleplaying"": 1, ""notes"": """"}",ifurkert,2025-11-06T13:39:52.853507
489,181,theme,"{""theme_quality"": 1, ""theme_success"": 1, ""roleplaying"": 1, ""notes"": """"}",ifurkert,2025-11-06T13:42:41.016435
490,208,theme,"{""theme_quality"": 1, ""theme_success"": 1, ""roleplaying"": 1, ""notes"": """"}",ikarazija,2025-11-06T13:42:44.449306
491,182,theme,"{""theme_quality"": 0, ""theme_success"": 0, ""roleplaying"": 0, ""notes"": """"}",ifurkert,2025-11-06T13:44:50.373137
492,177,theme,"{""theme_quality"": 0, ""theme_success"": 0, ""roleplaying"": 0, ""notes"": """"}",ifurkert,2025-11-06T13:47:05.909714
493,13,theme,"{""theme_quality"": 0, ""theme_success"": 0, ""roleplaying"": 0, ""notes"": ""The theme result seems to include the first prompt, story, the second prompt and part of the theme transformed story? Unclear""}",ikarazija,2025-11-06T13:48:19.712083
494,249,theme,"{""theme_quality"": 0, ""theme_success"": 1, ""roleplaying"": 1, ""notes"": """"}",ifurkert,2025-11-06T13:49:26.348181
495,67,theme,"{""theme_quality"": 0, ""theme_success"": 1, ""roleplaying"": 0, ""notes"": """"}",ikarazija,2025-11-06T13:51:27.823327
496,19,theme,"{""theme_quality"": 0, ""theme_success"": 1, ""roleplaying"": 0, ""notes"": """"}",ikarazija,2025-11-06T13:53:16.779985
497,85,questions,"{""difficulty"": 1, ""completeness"": 1, ""correctness_of_responses"": 1, ""notes"": """"}",ifurkert,2025-11-06T13:53:28.497321
498,92,questions,"{""difficulty"": 0, ""completeness"": 0, ""correctness_of_responses"": 0, ""notes"": """"}",ifurkert,2025-11-06T13:55:46.274166
499,190,theme,"{""theme_quality"": 0, ""theme_success"": 1, ""roleplaying"": 1, ""notes"": """"}",ikarazija,2025-11-06T13:56:33.594233
500,77,questions,"{""difficulty"": 0, ""completeness"": 1, ""correctness_of_responses"": 1, ""notes"": """"}",ifurkert,2025-11-06T13:57:23.495315
501,14,theme,"{""theme_quality"": 0, ""theme_success"": 1, ""roleplaying"": 0, ""notes"": """"}",ikarazija,2025-11-06T13:59:15.081522
502,49,questions,"{""difficulty"": 1, ""completeness"": 0, ""correctness_of_responses"": 1, ""notes"": """"}",ifurkert,2025-11-06T14:00:11.582225
503,146,questions,"{""difficulty"": 1, ""completeness"": 1, ""correctness_of_responses"": 1, ""notes"": """"}",ifurkert,2025-11-06T14:02:03.853124
504,81,theme,"{""theme_quality"": 1, ""theme_success"": 1, ""roleplaying"": 1, ""notes"": """"}",ikarazija,2025-11-06T14:04:26.688819
505,134,questions,"{""difficulty"": 0, ""completeness"": 1, ""correctness_of_responses"": 0, ""notes"": """"}",ifurkert,2025-11-06T14:06:09.535956
506,91,questions,"{""difficulty"": 0, ""completeness"": 1, ""correctness_of_responses"": 1, ""notes"": """"}",ifurkert,2025-11-06T14:06:15.884332
507,152,questions,"{""difficulty"": 1, ""completeness"": 1, ""correctness_of_responses"": 0, ""notes"": """"}",ifurkert,2025-11-06T14:08:47.714110
508,99,questions,"{""difficulty"": 1, ""completeness"": 0, ""correctness_of_responses"": 1, ""notes"": """"}",ifurkert,2025-11-06T14:09:13.598305
509,5,theme,"{""theme_quality"": 0, ""theme_success"": 1, ""roleplaying"": 1, ""notes"": """"}",ikarazija,2025-11-06T14:16:41.915406
510,159,story,"{""age_appropriateness"": 0, ""clarity"": 0, ""creativity"": 0, ""language"": 1, ""message"": 0, ""literature"": 0, ""notes"": """"}",jkrajtl,2025-11-06T14:17:40.410941
511,230,theme,"{""theme_quality"": 0, ""theme_success"": 0, ""roleplaying"": 1, ""notes"": """"}",ikarazija,2025-11-06T14:18:07.227204
512,141,questions,"{""difficulty"": 1, ""completeness"": 1, ""correctness_of_responses"": 1, ""notes"": """"}",ifurkert,2025-11-06T14:21:59.396166
513,2,story,"{""age_appropriateness"": 1, ""clarity"": 1, ""creativity"": 1, ""language"": 1, ""message"": 1, ""literature"": 1, ""notes"": """"}",jkrajtl,2025-11-06T14:22:04.196973
514,62,theme,"{""theme_quality"": 0, ""theme_success"": 1, ""roleplaying"": 1, ""notes"": """"}",ikarazija,2025-11-06T14:24:19.566116
515,112,questions,"{""difficulty"": 0, ""completeness"": 0, ""correctness_of_responses"": 0, ""notes"": """"}",ifurkert,2025-11-06T14:24:25.226090
516,196,story,"{""age_appropriateness"": 1, ""clarity"": 1, ""creativity"": 1, ""language"": 1, ""message"": 1, ""literature"": 1, ""notes"": """"}",jkrajtl,2025-11-06T14:25:18.433994
517,138,questions,"{""difficulty"": 1, ""completeness"": 1, ""correctness_of_responses"": 1, ""notes"": """"}",ifurkert,2025-11-06T14:25:42.763480
518,160,story,"{""age_appropriateness"": 0, ""clarity"": 0, ""creativity"": 0, ""language"": 0, ""message"": 0, ""literature"": 0, ""notes"": """"}",jkrajtl,2025-11-06T14:26:51.382213
519,107,questions,"{""difficulty"": 0, ""completeness"": 1, ""correctness_of_responses"": 1, ""notes"": """"}",ifurkert,2025-11-06T14:27:19.894930
520,113,questions,"{""difficulty"": 0, ""completeness"": 0, ""correctness_of_responses"": 1, ""notes"": """"}",ifurkert,2025-11-06T14:28:53.626387
521,105,questions,"{""difficulty"": 0, ""completeness"": 0, ""correctness_of_responses"": 0, ""notes"": """"}",ifurkert,2025-11-06T14:30:01.493512
522,233,theme,"{""theme_quality"": 0, ""theme_success"": 1, ""roleplaying"": 1, ""notes"": """"}",ikarazija,2025-11-06T14:31:10.329897
523,62,questions,"{""difficulty"": 0, ""completeness"": 1, ""correctness_of_responses"": 0, ""notes"": """"}",ifurkert,2025-11-06T14:32:07.389432
524,94,questions,"{""difficulty"": 0, ""completeness"": 1, ""correctness_of_responses"": 1, ""notes"": """"}",ifurkert,2025-11-06T14:32:31.938127
525,29,theme,"{""theme_quality"": 0, ""theme_success"": 1, ""roleplaying"": 0, ""notes"": """"}",ikarazija,2025-11-06T14:34:44.423109
526,197,story,"{""age_appropriateness"": 1, ""clarity"": 1, ""creativity"": 0, ""language"": 1, ""message"": 1, ""literature"": 0, ""notes"": """"}",jkrajtl,2025-11-06T14:35:26.101099
527,36,story,"{""age_appropriateness"": 1, ""clarity"": 1, ""creativity"": 1, ""language"": 1, ""message"": 1, ""literature"": 0, ""notes"": """"}",tnadoh,2025-11-06T16:09:19.628959
528,215,story,"{""age_appropriateness"": 1, ""clarity"": 1, ""creativity"": 1, ""language"": 1, ""message"": 1, ""literature"": 1, ""notes"": """"}",tnadoh,2025-11-06T16:10:15.768746
529,109,story,"{""age_appropriateness"": 1, ""clarity"": 1, ""creativity"": 1, ""language"": 1, ""message"": 0, ""literature"": 0, ""notes"": """"}",tnadoh,2025-11-06T16:14:24.772890
530,144,story,"{""age_appropriateness"": 0, ""clarity"": 1, ""creativity"": 0, ""language"": 1, ""message"": 0, ""literature"": 0, ""notes"": """"}",tnadoh,2025-11-06T16:14:57.777023
531,127,story,"{""age_appropriateness"": 1, ""clarity"": 1, ""creativity"": 1, ""language"": 1, ""message"": 1, ""literature"": 1, ""notes"": """"}",tnadoh,2025-11-06T16:19:05.776757
532,59,story,"{""age_appropriateness"": 0, ""clarity"": 0, ""creativity"": 1, ""language"": 0, ""message"": 1, ""literature"": 0, ""notes"": """"}",tnadoh,2025-11-06T16:20:03.324556
533,265,story,"{""age_appropriateness"": 1, ""clarity"": 1, ""creativity"": 1, ""language"": 1, ""message"": 1, ""literature"": 1, ""notes"": """"}",tnadoh,2025-11-06T16:20:36.506515
534,175,story,"{""age_appropriateness"": 0, ""clarity"": 1, ""creativity"": 0, ""language"": 1, ""message"": 0, ""literature"": 0, ""notes"": """"}",tnadoh,2025-11-06T16:21:36.548320
535,172,story,"{""age_appropriateness"": 0, ""clarity"": 1, ""creativity"": 0, ""language"": 1, ""message"": 0, ""literature"": 0, ""notes"": """"}",tnadoh,2025-11-06T16:22:01.516158
536,163,story,"{""age_appropriateness"": 0, ""clarity"": 1, ""creativity"": 0, ""language"": 1, ""message"": 0, ""literature"": 0, ""notes"": """"}",tnadoh,2025-11-06T16:25:01.330387
537,25,story,"{""age_appropriateness"": 1, ""clarity"": 1, ""creativity"": 1, ""language"": 1, ""message"": 1, ""literature"": 0, ""notes"": """"}",tnadoh,2025-11-06T16:25:37.243517
538,71,story,"{""age_appropriateness"": 1, ""clarity"": 1, ""creativity"": 1, ""language"": 1, ""message"": 1, ""literature"": 0, ""notes"": """"}",tnadoh,2025-11-06T16:28:48.301501
539,54,story,"{""age_appropriateness"": 1, ""clarity"": 0, ""creativity"": 1, ""language"": 1, ""message"": 1, ""literature"": 0, ""notes"": """"}",tnadoh,2025-11-06T16:30:18.110109
540,171,story,"{""age_appropriateness"": 0, ""clarity"": 1, ""creativity"": 0, ""language"": 1, ""message"": 0, ""literature"": 0, ""notes"": """"}",tnadoh,2025-11-06T16:30:58.995813
541,43,story,"{""age_appropriateness"": 1, ""clarity"": 0, ""creativity"": 1, ""language"": 0, ""message"": 1, ""literature"": 0, ""notes"": """"}",tnadoh,2025-11-06T16:32:33.730163
542,176,story,"{""age_appropriateness"": 0, ""clarity"": 1, ""creativity"": 0, ""language"": 1, ""message"": 0, ""literature"": 0, ""notes"": """"}",tnadoh,2025-11-06T16:33:19.348331
543,67,story,"{""age_appropriateness"": 1, ""clarity"": 1, ""creativity"": 0, ""language"": 1, ""message"": 1, ""literature"": 0, ""notes"": """"}",tnadoh,2025-11-06T16:35:17.934982
544,243,story,"{""age_appropriateness"": 1, ""clarity"": 1, ""creativity"": 1, ""language"": 1, ""message"": 1, ""literature"": 1, ""notes"": """"}",tnadoh,2025-11-06T16:36:33.506221
545,68,story,"{""age_appropriateness"": 1, ""clarity"": 1, ""creativity"": 1, ""language"": 1, ""message"": 1, ""literature"": 1, ""notes"": """"}",tnadoh,2025-11-06T16:38:05.266007
546,94,story,"{""age_appropriateness"": 0, ""clarity"": 1, ""creativity"": 0, ""language"": 1, ""message"": 1, ""literature"": 0, ""notes"": """"}",tnadoh,2025-11-06T16:40:27.971375
547,89,story,"{""age_appropriateness"": 1, ""clarity"": 1, ""creativity"": 1, ""language"": 1, ""message"": 1, ""literature"": 0, ""notes"": """"}",tnadoh,2025-11-06T16:41:40.310721
548,47,story,"{""age_appropriateness"": 1, ""clarity"": 1, ""creativity"": 1, ""language"": 1, ""message"": 1, ""literature"": 0, ""notes"": """"}",tnadoh,2025-11-06T16:46:58.040623
549,11,story,"{""age_appropriateness"": 1, ""clarity"": 1, ""creativity"": 1, ""language"": 1, ""message"": 1, ""literature"": 0, ""notes"": """"}",tnadoh,2025-11-06T16:48:25.196245
550,119,story,"{""age_appropriateness"": 0, ""clarity"": 1, ""creativity"": 1, ""language"": 1, ""message"": 1, ""literature"": 0, ""notes"": """"}",tnadoh,2025-11-06T16:48:59.306265
551,263,story,"{""age_appropriateness"": 1, ""clarity"": 1, ""creativity"": 1, ""language"": 1, ""message"": 1, ""literature"": 1, ""notes"": """"}",tnadoh,2025-11-06T16:51:34.488079
552,173,story,"{""age_appropriateness"": 0, ""clarity"": 1, ""creativity"": 0, ""language"": 1, ""message"": 0, ""literature"": 0, ""notes"": """"}",tnadoh,2025-11-06T16:51:56.696237
553,61,story,"{""age_appropriateness"": 0, ""clarity"": 1, ""creativity"": 1, ""language"": 1, ""message"": 1, ""literature"": 1, ""notes"": """"}",tnadoh,2025-11-06T16:53:26.894981
554,199,story,"{""age_appropriateness"": 1, ""clarity"": 1, ""creativity"": 1, ""language"": 1, ""message"": 1, ""literature"": 0, ""notes"": """"}",tnadoh,2025-11-06T16:54:36.436125
555,25,questions,"{""difficulty"": 1, ""completeness"": 1, ""correctness_of_responses"": 1, ""notes"": """"}",tnadoh,2025-11-06T16:56:55.919575
556,160,questions,"{""difficulty"": 0, ""completeness"": 0, ""correctness_of_responses"": 1, ""notes"": """"}",tnadoh,2025-11-06T16:57:49.259649
557,11,questions,"{""difficulty"": 0, ""completeness"": 0, ""correctness_of_responses"": 1, ""notes"": """"}",tnadoh,2025-11-06T16:59:32.637997
558,33,questions,"{""difficulty"": 1, ""completeness"": 1, ""correctness_of_responses"": 1, ""notes"": """"}",tnadoh,2025-11-06T17:00:46.667111
559,176,questions,"{""difficulty"": 0, ""completeness"": 1, ""correctness_of_responses"": 1, ""notes"": """"}",tnadoh,2025-11-06T20:03:32.979098
560,100,questions,"{""difficulty"": 1, ""completeness"": 1, ""correctness_of_responses"": 1, ""notes"": """"}",tnadoh,2025-11-06T20:10:52.194678
561,29,questions,"{""difficulty"": 1, ""completeness"": 1, ""correctness_of_responses"": 1, ""notes"": """"}",tnadoh,2025-11-06T20:11:43.372746
562,45,theme,"{""theme_quality"": 0, ""theme_success"": 1, ""roleplaying"": 0, ""notes"": """"}",ikarazija,2025-11-06T20:12:06.948555
563,158,questions,"{""difficulty"": 1, ""completeness"": 1, ""correctness_of_responses"": 1, ""notes"": """"}",tnadoh,2025-11-06T20:12:14.497338
564,35,questions,"{""difficulty"": 1, ""completeness"": 1, ""correctness_of_responses"": 1, ""notes"": """"}",tnadoh,2025-11-06T20:14:11.950084
565,174,questions,"{""difficulty"": 0, ""completeness"": 1, ""correctness_of_responses"": 1, ""notes"": """"}",tnadoh,2025-11-06T20:14:45.723882
566,31,theme,"{""theme_quality"": 0, ""theme_success"": 1, ""roleplaying"": 0, ""notes"": """"}",ikarazija,2025-11-06T20:18:28.284030
567,240,theme,"{""theme_quality"": 0, ""theme_success"": 1, ""roleplaying"": 1, ""notes"": """"}",ikarazija,2025-11-06T20:20:21.954278
568,2,theme,"{""theme_quality"": 0, ""theme_success"": 0, ""roleplaying"": 1, ""notes"": """"}",ikarazija,2025-11-06T20:21:45.511162
569,49,questions,"{""difficulty"": 0, ""completeness"": 1, ""correctness_of_responses"": 1, ""notes"": """"}",tnadoh,2025-11-06T20:23:20.049113
570,193,theme,"{""theme_quality"": 1, ""theme_success"": 1, ""roleplaying"": 1, ""notes"": """"}",ikarazija,2025-11-06T20:23:36.105337
571,28,questions,"{""difficulty"": 1, ""completeness"": 1, ""correctness_of_responses"": 1, ""notes"": """"}",tnadoh,2025-11-06T20:24:00.656341
572,160,theme,"{""theme_quality"": 0, ""theme_success"": 0, ""roleplaying"": 1, ""notes"": """"}",ikarazija,2025-11-06T20:24:45.175550
573,179,theme,"{""theme_quality"": 1, ""theme_success"": 1, ""roleplaying"": 1, ""notes"": """"}",tnadoh,2025-11-06T20:25:03.991539
574,87,theme,"{""theme_quality"": 0, ""theme_success"": 1, ""roleplaying"": 1, ""notes"": """"}",ikarazija,2025-11-06T20:30:43.525672
575,94,theme,"{""theme_quality"": 0, ""theme_success"": 1, ""roleplaying"": 0, ""notes"": """"}",ikarazija,2025-11-06T20:32:53.986496
576,68,theme,"{""theme_quality"": 0, ""theme_success"": 1, ""roleplaying"": 1, ""notes"": """"}",tnadoh,2025-11-06T20:32:58.470884
577,154,theme,"{""theme_quality"": 0, ""theme_success"": 1, ""roleplaying"": 0, ""notes"": """"}",tnadoh,2025-11-06T20:33:19.729446
578,50,theme,"{""theme_quality"": 0, ""theme_success"": 0, ""roleplaying"": 1, ""notes"": """"}",ikarazija,2025-11-06T20:37:23.910984
579,93,theme,"{""theme_quality"": 0, ""theme_success"": 1, ""roleplaying"": 0, ""notes"": """"}",nprokopchuk,2025-11-06T20:37:30.629844
580,197,theme,"{""theme_quality"": 0, ""theme_success"": 1, ""roleplaying"": 1, ""notes"": """"}",nprokopchuk,2025-11-06T20:39:15.116113
581,256,theme,"{""theme_quality"": 0, ""theme_success"": 1, ""roleplaying"": 1, ""notes"": """"}",ikarazija,2025-11-06T20:39:17.782823
582,110,theme,"{""theme_quality"": 1, ""theme_success"": 1, ""roleplaying"": 1, ""notes"": """"}",tnadoh,2025-11-06T20:39:45.575417
583,149,theme,"{""theme_quality"": 0, ""theme_success"": 0, ""roleplaying"": 1, ""notes"": """"}",ikarazija,2025-11-06T20:40:29.368005
584,22,theme,"{""theme_quality"": 1, ""theme_success"": 1, ""roleplaying"": 1, ""notes"": """"}",tnadoh,2025-11-06T20:40:50.802034
585,34,theme,"{""theme_quality"": 0, ""theme_success"": 1, ""roleplaying"": 1, ""notes"": """"}",tnadoh,2025-11-06T20:42:13.128177
586,256,theme,"{""theme_quality"": 1, ""theme_success"": 1, ""roleplaying"": 1, ""notes"": """"}",tnadoh,2025-11-06T20:42:55.065981
587,196,theme,"{""theme_quality"": 1, ""theme_success"": 1, ""roleplaying"": 1, ""notes"": """"}",ikarazija,2025-11-06T20:43:10.741826
588,126,theme,"{""theme_quality"": 1, ""theme_success"": 1, ""roleplaying"": 1, ""notes"": """"}",nprokopchuk,2025-11-06T20:44:28.264713
589,182,theme,"{""theme_quality"": 0, ""theme_success"": 0, ""roleplaying"": 1, ""notes"": """"}",ikarazija,2025-11-06T20:45:52.739308
590,108,theme,"{""theme_quality"": 1, ""theme_success"": 1, ""roleplaying"": 1, ""notes"": """"}",nprokopchuk,2025-11-06T20:46:38.496533
591,68,theme,"{""theme_quality"": 1, ""theme_success"": 1, ""roleplaying"": 1, ""notes"": """"}",nprokopchuk,2025-11-06T20:47:24.173635
592,89,theme,"{""theme_quality"": 1, ""theme_success"": 1, ""roleplaying"": 0, ""notes"": """"}",nprokopchuk,2025-11-06T20:47:58.598382
593,246,theme,"{""theme_quality"": 0, ""theme_success"": 1, ""roleplaying"": 1, ""notes"": """"}",nprokopchuk,2025-11-06T20:49:54.685878
594,160,theme,"{""theme_quality"": 0, ""theme_success"": 1, ""roleplaying"": 0, ""notes"": """"}",nprokopchuk,2025-11-06T20:50:30.333637
595,76,theme,"{""theme_quality"": 1, ""theme_success"": 1, ""roleplaying"": 1, ""notes"": """"}",nprokopchuk,2025-11-06T20:52:43.627282
596,227,theme,"{""theme_quality"": 1, ""theme_success"": 1, ""roleplaying"": 1, ""notes"": """"}",nprokopchuk,2025-11-06T20:53:43.256640
597,207,theme,"{""theme_quality"": 1, ""theme_success"": 1, ""roleplaying"": 1, ""notes"": """"}",nprokopchuk,2025-11-06T20:57:13.424408
598,153,theme,"{""theme_quality"": 0, ""theme_success"": 1, ""roleplaying"": 0, ""notes"": """"}",nprokopchuk,2025-11-06T20:57:33.525567
599,168,theme,"{""theme_quality"": 1, ""theme_success"": 1, ""roleplaying"": 1, ""notes"": """"}",nprokopchuk,2025-11-06T21:00:34.007073
600,65,theme,"{""theme_quality"": 1, ""theme_success"": 1, ""roleplaying"": 1, ""notes"": """"}",nprokopchuk,2025-11-06T21:04:04.435572
601,213,theme,"{""theme_quality"": 0, ""theme_success"": 1, ""roleplaying"": 0, ""notes"": """"}",nprokopchuk,2025-11-06T21:04:18.983213
602,234,theme,"{""theme_quality"": 1, ""theme_success"": 1, ""roleplaying"": 1, ""notes"": """"}",nprokopchuk,2025-11-06T21:10:22.718905
603,112,theme,"{""theme_quality"": 1, ""theme_success"": 1, ""roleplaying"": 1, ""notes"": """"}",nprokopchuk,2025-11-06T21:10:50.238770
604,244,theme,"{""theme_quality"": 1, ""theme_success"": 1, ""roleplaying"": 1, ""notes"": """"}",nprokopchuk,2025-11-06T21:11:30.654670
605,237,theme,"{""theme_quality"": 1, ""theme_success"": 1, ""roleplaying"": 1, ""notes"": """"}",nprokopchuk,2025-11-06T21:12:24.198151
606,172,theme,"{""theme_quality"": 1, ""theme_success"": 1, ""roleplaying"": 1, ""notes"": """"}",nprokopchuk,2025-11-06T21:12:55.278633
607,91,theme,"{""theme_quality"": 1, ""theme_success"": 1, ""roleplaying"": 1, ""notes"": """"}",nprokopchuk,2025-11-06T21:14:02.310733
608,98,theme,"{""theme_quality"": 1, ""theme_success"": 1, ""roleplaying"": 1, ""notes"": """"}",nprokopchuk,2025-11-06T21:16:20.355236
609,143,theme,"{""theme_quality"": 0, ""theme_success"": 1, ""roleplaying"": 0, ""notes"": """"}",nprokopchuk,2025-11-06T21:17:04.111751
610,151,theme,"{""theme_quality"": 0, ""theme_success"": 1, ""roleplaying"": 1, ""notes"": """"}",nprokopchuk,2025-11-06T21:18:43.768350
611,124,theme,"{""theme_quality"": 1, ""theme_success"": 1, ""roleplaying"": 1, ""notes"": """"}",nprokopchuk,2025-11-06T21:19:02.607558
612,245,theme,"{""theme_quality"": 0, ""theme_success"": 1, ""roleplaying"": 1, ""notes"": """"}",nprokopchuk,2025-11-06T21:19:23.136103
613,216,theme,"{""theme_quality"": 0, ""theme_success"": 1, ""roleplaying"": 1, ""notes"": """"}",nprokopchuk,2025-11-06T21:19:41.008458
614,105,theme,"{""theme_quality"": 1, ""theme_success"": 1, ""roleplaying"": 1, ""notes"": """"}",nprokopchuk,2025-11-06T21:20:00.550675
615,59,theme,"{""theme_quality"": 1, ""theme_success"": 1, ""roleplaying"": 1, ""notes"": """"}",nprokopchuk,2025-11-06T21:20:36.768206
616,164,theme,"{""theme_quality"": 1, ""theme_success"": 1, ""roleplaying"": 1, ""notes"": """"}",nprokopchuk,2025-11-06T21:20:50.120192
617,248,theme,"{""theme_quality"": 0, ""theme_success"": 1, ""roleplaying"": 0, ""notes"": """"}",tnadoh,2025-11-06T21:22:38.200978
618,149,theme,"{""theme_quality"": 0, ""theme_success"": 1, ""roleplaying"": 0, ""notes"": """"}",tnadoh,2025-11-06T21:23:06.149530
619,243,theme,"{""theme_quality"": 0, ""theme_success"": 1, ""roleplaying"": 1, ""notes"": """"}",tnadoh,2025-11-06T21:24:04.932799
620,253,theme,"{""theme_quality"": 0, ""theme_success"": 0, ""roleplaying"": 0, ""notes"": """"}",tnadoh,2025-11-06T21:24:27.520232
621,222,theme,"{""theme_quality"": 0, ""theme_success"": 1, ""roleplaying"": 1, ""notes"": """"}",tnadoh,2025-11-06T21:25:13.362335
622,216,theme,"{""theme_quality"": 1, ""theme_success"": 1, ""roleplaying"": 1, ""notes"": """"}",tnadoh,2025-11-06T21:27:28.317247
623,99,story,"{""age_appropriateness"": 1, ""clarity"": 1, ""creativity"": 0, ""language"": 1, ""message"": 1, ""literature"": 0, ""notes"": """"}",uroblek,2025-11-07T07:05:15.566805
624,183,story,"{""age_appropriateness"": 1, ""clarity"": 1, ""creativity"": 0, ""language"": 1, ""message"": 1, ""literature"": 0, ""notes"": """"}",uroblek,2025-11-07T07:07:08.617364
625,171,story,"{""age_appropriateness"": 0, ""clarity"": 1, ""creativity"": 1, ""language"": 1, ""message"": 0, ""literature"": 0, ""notes"": """"}",uroblek,2025-11-07T07:08:16.587031
626,85,story,"{""age_appropriateness"": 0, ""clarity"": 1, ""creativity"": 0, ""language"": 1, ""message"": 1, ""literature"": 0, ""notes"": """"}",uroblek,2025-11-07T07:11:06.012301
627,240,story,"{""age_appropriateness"": 1, ""clarity"": 1, ""creativity"": 1, ""language"": 1, ""message"": 1, ""literature"": 0, ""notes"": """"}",uroblek,2025-11-07T07:13:56.505383
628,166,story,"{""age_appropriateness"": 0, ""clarity"": 1, ""creativity"": 0, ""language"": 1, ""message"": 0, ""literature"": 0, ""notes"": """"}",uroblek,2025-11-07T07:15:03.119086
629,216,story,"{""age_appropriateness"": 1, ""clarity"": 1, ""creativity"": 1, ""language"": 1, ""message"": 1, ""literature"": 0, ""notes"": """"}",uroblek,2025-11-07T07:16:55.502349
630,158,story,"{""age_appropriateness"": 0, ""clarity"": 0, ""creativity"": 1, ""language"": 1, ""message"": 0, ""literature"": 0, ""notes"": """"}",uroblek,2025-11-07T07:18:04.767064
631,71,story,"{""age_appropriateness"": 1, ""clarity"": 1, ""creativity"": 0, ""language"": 1, ""message"": 1, ""literature"": 0, ""notes"": """"}",uroblek,2025-11-07T07:20:33.180330
632,237,story,"{""age_appropriateness"": 0, ""clarity"": 1, ""creativity"": 1, ""language"": 1, ""message"": 1, ""literature"": 0, ""notes"": """"}",uroblek,2025-11-07T07:23:42.125422
633,180,story,"{""age_appropriateness"": 1, ""clarity"": 1, ""creativity"": 1, ""language"": 1, ""message"": 1, ""literature"": 0, ""notes"": """"}",uroblek,2025-11-07T07:25:44.295767
634,175,story,"{""age_appropriateness"": 0, ""clarity"": 1, ""creativity"": 1, ""language"": 1, ""message"": 0, ""literature"": 0, ""notes"": """"}",uroblek,2025-11-07T07:26:50.342578
635,50,story,"{""age_appropriateness"": 1, ""clarity"": 1, ""creativity"": 1, ""language"": 1, ""message"": 1, ""literature"": 0, ""notes"": """"}",uroblek,2025-11-07T07:29:47.245123
636,155,story,"{""age_appropriateness"": 0, ""clarity"": 0, ""creativity"": 1, ""language"": 1, ""message"": 0, ""literature"": 0, ""notes"": """"}",uroblek,2025-11-07T07:30:56.717357
637,229,story,"{""age_appropriateness"": 1, ""clarity"": 0, ""creativity"": 0, ""language"": 1, ""message"": 1, ""literature"": 0, ""notes"": """"}",uroblek,2025-11-07T07:33:42.924409
638,164,story,"{""age_appropriateness"": 0, ""clarity"": 1, ""creativity"": 1, ""language"": 1, ""message"": 0, ""literature"": 0, ""notes"": """"}",uroblek,2025-11-07T07:35:36.367307
639,217,story,"{""age_appropriateness"": 1, ""clarity"": 1, ""creativity"": 0, ""language"": 1, ""message"": 1, ""literature"": 0, ""notes"": """"}",uroblek,2025-11-07T07:37:58.489460
640,121,story,"{""age_appropriateness"": 1, ""clarity"": 1, ""creativity"": 1, ""language"": 1, ""message"": 1, ""literature"": 0, ""notes"": """"}",uroblek,2025-11-07T07:41:24.880457
641,19,story,"{""age_appropriateness"": 1, ""clarity"": 1, ""creativity"": 0, ""language"": 1, ""message"": 1, ""literature"": 0, ""notes"": """"}",uroblek,2025-11-07T07:43:59.434973
642,97,theme,"{""theme_quality"": 0, ""theme_success"": 1, ""roleplaying"": 1, ""notes"": """"}",ifurkert,2025-11-07T07:46:00.080326
643,185,story,"{""age_appropriateness"": 1, ""clarity"": 1, ""creativity"": 1, ""language"": 1, ""message"": 1, ""literature"": 1, ""notes"": """"}",uroblek,2025-11-07T07:46:23.205943
644,116,theme,"{""theme_quality"": 1, ""theme_success"": 1, ""roleplaying"": 1, ""notes"": """"}",ifurkert,2025-11-07T07:47:57.438960
645,33,story,"{""age_appropriateness"": 1, ""clarity"": 1, ""creativity"": 1, ""language"": 1, ""message"": 1, ""literature"": 1, ""notes"": """"}",uroblek,2025-11-07T07:49:05.049372
646,221,theme,"{""theme_quality"": 1, ""theme_success"": 1, ""roleplaying"": 1, ""notes"": """"}",ifurkert,2025-11-07T07:49:37.366671
647,252,story,"{""age_appropriateness"": 1, ""clarity"": 1, ""creativity"": 1, ""language"": 1, ""message"": 1, ""literature"": 0, ""notes"": """"}",uroblek,2025-11-07T07:51:31.963821
648,188,theme,"{""theme_quality"": 1, ""theme_success"": 1, ""roleplaying"": 1, ""notes"": """"}",ifurkert,2025-11-07T07:52:44.480293
649,149,theme,"{""theme_quality"": 0, ""theme_success"": 0, ""roleplaying"": 0, ""notes"": """"}",ifurkert,2025-11-07T07:53:31.095374
650,74,story,"{""age_appropriateness"": 1, ""clarity"": 1, ""creativity"": 1, ""language"": 1, ""message"": 1, ""literature"": 0, ""notes"": """"}",uroblek,2025-11-07T07:55:43.042359
651,106,theme,"{""theme_quality"": 1, ""theme_success"": 1, ""roleplaying"": 1, ""notes"": """"}",tnadoh,2025-11-07T07:56:24.652307
652,97,story,"{""age_appropriateness"": 1, ""clarity"": 0, ""creativity"": 0, ""language"": 1, ""message"": 1, ""literature"": 0, ""notes"": """"}",uroblek,2025-11-07T07:57:56.573628
653,97,theme,"{""theme_quality"": 0, ""theme_success"": 1, ""roleplaying"": 1, ""notes"": """"}",tnadoh,2025-11-07T07:58:27.208095
654,67,theme,"{""theme_quality"": 0, ""theme_success"": 1, ""roleplaying"": 0, ""notes"": """"}",tnadoh,2025-11-07T08:00:12.471409
655,138,story,"{""age_appropriateness"": 1, ""clarity"": 1, ""creativity"": 1, ""language"": 1, ""message"": 1, ""literature"": 1, ""notes"": """"}",uroblek,2025-11-07T08:00:15.803417
656,171,theme,"{""theme_quality"": 0, ""theme_success"": 1, ""roleplaying"": 1, ""notes"": """"}",ifurkert,2025-11-07T08:01:35.870255
657,62,theme,"{""theme_quality"": 0, ""theme_success"": 0, ""roleplaying"": 0, ""notes"": """"}",ifurkert,2025-11-07T08:04:21.540640
658,50,theme,"{""theme_quality"": 1, ""theme_success"": 1, ""roleplaying"": 0, ""notes"": """"}",tnadoh,2025-11-07T08:04:44.217180
659,207,theme,"{""theme_quality"": 0, ""theme_success"": 1, ""roleplaying"": 0, ""notes"": """"}",ifurkert,2025-11-07T08:06:03.871946
660,41,story,"{""age_appropriateness"": 1, ""clarity"": 0, ""creativity"": 0, ""language"": 1, ""message"": 1, ""literature"": 0, ""notes"": """"}",uroblek,2025-11-07T08:06:53.761542
661,222,theme,"{""theme_quality"": 0, ""theme_success"": 0, ""roleplaying"": 0, ""notes"": """"}",ifurkert,2025-11-07T08:07:00.791728
662,217,theme,"{""theme_quality"": 0, ""theme_success"": 0, ""roleplaying"": 0, ""notes"": """"}",ifurkert,2025-11-07T08:08:47.307750
663,31,theme,"{""theme_quality"": 0, ""theme_success"": 0, ""roleplaying"": 1, ""notes"": """"}",tnadoh,2025-11-07T08:08:50.053653
664,212,theme,"{""theme_quality"": 1, ""theme_success"": 1, ""roleplaying"": 1, ""notes"": """"}",ifurkert,2025-11-07T08:10:51.903970
665,131,theme,"{""theme_quality"": 1, ""theme_success"": 1, ""roleplaying"": 1, ""notes"": """"}",tnadoh,2025-11-07T08:11:39.611847
666,163,theme,"{""theme_quality"": 0, ""theme_success"": 1, ""roleplaying"": 0, ""notes"": """"}",ifurkert,2025-11-07T08:11:56.339191
667,141,theme,"{""theme_quality"": 0, ""theme_success"": 1, ""roleplaying"": 0, ""notes"": """"}",ifurkert,2025-11-07T08:12:57.954171
668,22,story,"{""age_appropriateness"": 1, ""clarity"": 1, ""creativity"": 0, ""language"": 1, ""message"": 1, ""literature"": 0, ""notes"": """"}",uroblek,2025-11-07T08:13:45.210482
669,179,theme,"{""theme_quality"": 1, ""theme_success"": 1, ""roleplaying"": 1, ""notes"": """"}",ifurkert,2025-11-07T08:14:49.229927
670,227,story,"{""age_appropriateness"": 1, ""clarity"": 1, ""creativity"": 0, ""language"": 1, ""message"": 1, ""literature"": 0, ""notes"": """"}",uroblek,2025-11-07T08:15:46.176301
671,134,theme,"{""theme_quality"": 0, ""theme_success"": 1, ""roleplaying"": 0, ""notes"": """"}",ifurkert,2025-11-07T08:15:54.664449
672,150,theme,"{""theme_quality"": 0, ""theme_success"": 1, ""roleplaying"": 0, ""notes"": """"}",tnadoh,2025-11-07T08:16:39.328378
673,100,theme,"{""theme_quality"": 0, ""theme_success"": 0, ""roleplaying"": 0, ""notes"": """"}",ifurkert,2025-11-07T08:16:47.730803
674,112,story,"{""age_appropriateness"": 1, ""clarity"": 1, ""creativity"": 0, ""language"": 1, ""message"": 0, ""literature"": 0, ""notes"": """"}",uroblek,2025-11-07T08:17:23.420267
675,144,story,"{""age_appropriateness"": 1, ""clarity"": 1, ""creativity"": 0, ""language"": 1, ""message"": 0, ""literature"": 0, ""notes"": """"}",uroblek,2025-11-07T08:18:48.505191
676,89,theme,"{""theme_quality"": 0, ""theme_success"": 1, ""roleplaying"": 1, ""notes"": """"}",ifurkert,2025-11-07T08:19:04.255766
677,120,theme,"{""theme_quality"": 0, ""theme_success"": 1, ""roleplaying"": 1, ""notes"": """"}",ifurkert,2025-11-07T08:20:09.705397
678,124,story,"{""age_appropriateness"": 1, ""clarity"": 1, ""creativity"": 0, ""language"": 1, ""message"": 1, ""literature"": 0, ""notes"": """"}",uroblek,2025-11-07T08:20:24.673814
679,63,theme,"{""theme_quality"": 0, ""theme_success"": 0, ""roleplaying"": 1, ""notes"": """"}",tnadoh,2025-11-07T08:20:53.176736
680,163,theme,"{""theme_quality"": 0, ""theme_success"": 1, ""roleplaying"": 0, ""notes"": """"}",tnadoh,2025-11-07T08:22:05.365405
681,138,theme,"{""theme_quality"": 0, ""theme_success"": 1, ""roleplaying"": 0, ""notes"": """"}",tnadoh,2025-11-07T08:22:44.010103
682,10,story,"{""age_appropriateness"": 0, ""clarity"": 1, ""creativity"": 0, ""language"": 1, ""message"": 0, ""literature"": 0, ""notes"": """"}",uroblek,2025-11-07T08:22:46.812756
683,223,theme,"{""theme_quality"": 0, ""theme_success"": 1, ""roleplaying"": 1, ""notes"": """"}",tnadoh,2025-11-07T08:24:07.837818
684,141,story,"{""age_appropriateness"": 1, ""clarity"": 0, ""creativity"": 0, ""language"": 1, ""message"": 0, ""literature"": 0, ""notes"": """"}",uroblek,2025-11-07T08:30:57.622630
685,179,story,"{""age_appropriateness"": 0, ""clarity"": 0, ""creativity"": 0, ""language"": 1, ""message"": 0, ""literature"": 0, ""notes"": """"}",uroblek,2025-11-07T08:31:57.642087
686,93,theme,"{""theme_quality"": 0, ""theme_success"": 1, ""roleplaying"": 0, ""notes"": """"}",tnadoh,2025-11-07T08:32:13.212615
687,59,theme,"{""theme_quality"": 0, ""theme_success"": 1, ""roleplaying"": 0, ""notes"": """"}",ifurkert,2025-11-07T08:34:10.613059
688,181,theme,"{""theme_quality"": 0, ""theme_success"": 1, ""roleplaying"": 1, ""notes"": """"}",tnadoh,2025-11-07T08:34:47.387981
689,208,story,"{""age_appropriateness"": 1, ""clarity"": 1, ""creativity"": 1, ""language"": 1, ""message"": 1, ""literature"": 0, ""notes"": """"}",uroblek,2025-11-07T08:35:46.380329
690,95,theme,"{""theme_quality"": 0, ""theme_success"": 1, ""roleplaying"": 1, ""notes"": """"}",ifurkert,2025-11-07T08:36:24.930233
691,39,story,"{""age_appropriateness"": 1, ""clarity"": 1, ""creativity"": 1, ""language"": 1, ""message"": 1, ""literature"": 0, ""notes"": """"}",uroblek,2025-11-07T08:37:49.885305
692,85,theme,"{""theme_quality"": 0, ""theme_success"": 1, ""roleplaying"": 0, ""notes"": """"}",ifurkert,2025-11-07T08:39:03.041246
693,70,theme,"{""theme_quality"": 1, ""theme_success"": 1, ""roleplaying"": 1, ""notes"": """"}",tnadoh,2025-11-07T08:39:45.041474
694,84,theme,"{""theme_quality"": 0, ""theme_success"": 1, ""roleplaying"": 1, ""notes"": """"}",ifurkert,2025-11-07T08:40:33.692272
695,102,theme,"{""theme_quality"": 0, ""theme_success"": 1, ""roleplaying"": 0, ""notes"": """"}",tnadoh,2025-11-07T08:41:00.261143
696,189,theme,"{""theme_quality"": 0, ""theme_success"": 0, ""roleplaying"": 0, ""notes"": """"}",ifurkert,2025-11-07T08:41:51.192860
697,257,story,"{""age_appropriateness"": 1, ""clarity"": 1, ""creativity"": 1, ""language"": 1, ""message"": 0, ""literature"": 0, ""notes"": """"}",uroblek,2025-11-07T08:42:12.650480
698,159,theme,"{""theme_quality"": 0, ""theme_success"": 0, ""roleplaying"": 0, ""notes"": """"}",ifurkert,2025-11-07T08:42:49.023935
699,169,theme,"{""theme_quality"": 0, ""theme_success"": 1, ""roleplaying"": 1, ""notes"": """"}",tnadoh,2025-11-07T08:43:39.713418
700,156,theme,"{""theme_quality"": 0, ""theme_success"": 0, ""roleplaying"": 0, ""notes"": """"}",ifurkert,2025-11-07T08:43:46.927603
701,239,story,"{""age_appropriateness"": 1, ""clarity"": 1, ""creativity"": 0, ""language"": 1, ""message"": 1, ""literature"": 0, ""notes"": """"}",uroblek,2025-11-07T08:44:15.827579
702,157,theme,"{""theme_quality"": 0, ""theme_success"": 1, ""roleplaying"": 0, ""notes"": """"}",tnadoh,2025-11-07T08:44:43.792719
703,143,theme,"{""theme_quality"": 0, ""theme_success"": 1, ""roleplaying"": 1, ""notes"": """"}",ifurkert,2025-11-07T08:45:30.342001
704,249,story,"{""age_appropriateness"": 1, ""clarity"": 1, ""creativity"": 0, ""language"": 1, ""message"": 1, ""literature"": 0, ""notes"": """"}",uroblek,2025-11-07T08:45:40.100427
705,2,theme,"{""theme_quality"": 0, ""theme_success"": 1, ""roleplaying"": 0, ""notes"": """"}",tnadoh,2025-11-07T08:45:47.667742
706,79,story,"{""age_appropriateness"": 1, ""clarity"": 1, ""creativity"": 0, ""language"": 1, ""message"": 0, ""literature"": 0, ""notes"": """"}",uroblek,2025-11-07T08:46:57.375489
707,166,theme,"{""theme_quality"": 0, ""theme_success"": 1, ""roleplaying"": 0, ""notes"": """"}",ifurkert,2025-11-07T08:47:07.693960
708,167,theme,"{""theme_quality"": 0, ""theme_success"": 1, ""roleplaying"": 0, ""notes"": """"}",tnadoh,2025-11-07T08:48:08.198895
709,95,story,"{""age_appropriateness"": 0, ""clarity"": 1, ""creativity"": 0, ""language"": 1, ""message"": 0, ""literature"": 0, ""notes"": """"}",uroblek,2025-11-07T08:48:44.301544
710,47,theme,"{""theme_quality"": 0, ""theme_success"": 1, ""roleplaying"": 0, ""notes"": """"}",tnadoh,2025-11-07T08:49:43.216838
711,265,story,"{""age_appropriateness"": 1, ""clarity"": 1, ""creativity"": 1, ""language"": 1, ""message"": 1, ""literature"": 1, ""notes"": """"}",uroblek,2025-11-07T08:50:24.576132
712,178,education,"{""education_quality"": 1, ""naturalness"": 1, ""correctness"": 0, ""notes"": """"}",ifurkert,2025-11-07T09:13:06.021621
713,80,education,"{""education_quality"": 1, ""naturalness"": 1, ""correctness"": 1, ""notes"": """"}",ifurkert,2025-11-07T09:14:13.347679
714,177,education,"{""education_quality"": 0, ""naturalness"": 0, ""correctness"": 0, ""notes"": """"}",ifurkert,2025-11-07T09:15:00.842829
715,46,education,"{""education_quality"": 0, ""naturalness"": 0, ""correctness"": 1, ""notes"": """"}",ifurkert,2025-11-07T09:16:58.216345
716,120,education,"{""education_quality"": 0, ""naturalness"": 0, ""correctness"": 0, ""notes"": """"}",ifurkert,2025-11-07T09:17:31.641104
717,130,education,"{""education_quality"": 0, ""naturalness"": 1, ""correctness"": 1, ""notes"": """"}",ifurkert,2025-11-07T09:19:15.565905
718,106,education,"{""education_quality"": 0, ""naturalness"": 0, ""correctness"": 0, ""notes"": """"}",ifurkert,2025-11-07T09:20:01.102580
719,81,education,"{""education_quality"": 1, ""naturalness"": 1, ""correctness"": 1, ""notes"": """"}",ifurkert,2025-11-07T09:20:39.821345
720,115,education,"{""education_quality"": 0, ""naturalness"": 0, ""correctness"": 1, ""notes"": """"}",ifurkert,2025-11-07T09:21:44.831208
721,140,education,"{""education_quality"": 1, ""naturalness"": 1, ""correctness"": 1, ""notes"": """"}",ifurkert,2025-11-07T09:23:31.134393
722,151,education,"{""education_quality"": 0, ""naturalness"": 1, ""correctness"": 1, ""notes"": """"}",ifurkert,2025-11-07T09:24:41.161662
723,157,education,"{""education_quality"": 0, ""naturalness"": 1, ""correctness"": 1, ""notes"": """"}",ifurkert,2025-11-07T09:25:50.595993
724,52,education,"{""education_quality"": 0, ""naturalness"": 0, ""correctness"": 1, ""notes"": """"}",ifurkert,2025-11-07T09:26:12.950020
725,167,education,"{""education_quality"": 1, ""naturalness"": 1, ""correctness"": 1, ""notes"": """"}",ifurkert,2025-11-07T09:27:16.408030
726,166,education,"{""education_quality"": 1, ""naturalness"": 1, ""correctness"": 1, ""notes"": """"}",ifurkert,2025-11-07T09:28:24.523364
727,152,education,"{""education_quality"": 0, ""naturalness"": 0, ""correctness"": 0, ""notes"": """"}",ifurkert,2025-11-07T09:29:45.465499
728,89,education,"{""education_quality"": 1, ""naturalness"": 1, ""correctness"": 1, ""notes"": """"}",ifurkert,2025-11-07T09:31:55.568307
729,129,education,"{""education_quality"": 0, ""naturalness"": 0, ""correctness"": 1, ""notes"": """"}",ifurkert,2025-11-07T09:33:17.566656
730,128,education,"{""education_quality"": 1, ""naturalness"": 1, ""correctness"": 1, ""notes"": """"}",ifurkert,2025-11-07T09:34:29.636459
731,107,story,"{""age_appropriateness"": 1, ""clarity"": 1, ""creativity"": 0, ""language"": 1, ""message"": 1, ""literature"": 0, ""notes"": """"}",thladnik,2025-11-07T11:04:50.611676
732,47,story,"{""age_appropriateness"": 1, ""clarity"": 0, ""creativity"": 0, ""language"": 0, ""message"": 0, ""literature"": 0, ""notes"": ""kinda boring. Also, the chapters are unecessary/awkwardly short""}",thladnik,2025-11-07T11:07:00.458072
733,14,story,"{""age_appropriateness"": 1, ""clarity"": 1, ""creativity"": 1, ""language"": 1, ""message"": 1, ""literature"": 1, ""notes"": ""nice. could read longer form of this""}",thladnik,2025-11-07T11:08:41.249324
734,256,story,"{""age_appropriateness"": 1, ""clarity"": 1, ""creativity"": 1, ""language"": 0, ""message"": 1, ""literature"": 0, ""notes"": ""nice. doesnt mention that Zephyr is a butterfly though. without prompt would be weird/impossible to guess what it is""}",thladnik,2025-11-07T11:10:48.403542
735,187,story,"{""age_appropriateness"": 1, ""clarity"": 0, ""creativity"": 0, ""language"": 1, ""message"": 0, ""literature"": 0, ""notes"": ""boring sorry""}",thladnik,2025-11-07T11:11:53.072438
736,236,story,"{""age_appropriateness"": 1, ""clarity"": 0, ""creativity"": 1, ""language"": 1, ""message"": 1, ""literature"": 0, ""notes"": ""nice""}",thladnik,2025-11-07T11:13:24.810160
737,131,story,"{""age_appropriateness"": 1, ""clarity"": 1, ""creativity"": 1, ""language"": 1, ""message"": 0, ""literature"": 1, ""notes"": """"}",thladnik,2025-11-07T11:15:01.896376
738,193,story,"{""age_appropriateness"": 1, ""clarity"": 1, ""creativity"": 1, ""language"": 1, ""message"": 1, ""literature"": 0, ""notes"": """"}",thladnik,2025-11-07T11:16:02.174393
739,253,story,"{""age_appropriateness"": 1, ""clarity"": 1, ""creativity"": 0, ""language"": 0, ""message"": 0, ""literature"": 0, ""notes"": """"}",thladnik,2025-11-07T11:16:37.230853
740,24,education,"{""education_quality"": 1, ""naturalness"": 1, ""correctness"": 1, ""notes"": """"}",nprokopchuk,2025-11-07T16:05:21.881169
741,146,education,"{""education_quality"": 1, ""naturalness"": 1, ""correctness"": 1, ""notes"": """"}",nprokopchuk,2025-11-07T16:06:15.634034
742,84,education,"{""education_quality"": 0, ""naturalness"": 1, ""correctness"": 1, ""notes"": """"}",nprokopchuk,2025-11-07T16:22:49.982318
743,73,education,"{""education_quality"": 1, ""naturalness"": 1, ""correctness"": 1, ""notes"": """"}",nprokopchuk,2025-11-07T16:25:40.285688
744,16,education,"{""education_quality"": 1, ""naturalness"": 1, ""correctness"": 1, ""notes"": """"}",nprokopchuk,2025-11-07T16:26:49.196320
745,116,education,"{""education_quality"": 1, ""naturalness"": 0, ""correctness"": 1, ""notes"": """"}",nprokopchuk,2025-11-07T16:27:06.642180
746,165,education,"{""education_quality"": 1, ""naturalness"": 1, ""correctness"": 1, ""notes"": """"}",nprokopchuk,2025-11-07T16:35:27.323668
747,167,education,"{""education_quality"": 1, ""naturalness"": 1, ""correctness"": 1, ""notes"": """"}",nprokopchuk,2025-11-07T16:35:43.236906
748,182,education,"{""education_quality"": 1, ""naturalness"": 1, ""correctness"": 1, ""notes"": """"}",nprokopchuk,2025-11-07T16:40:29.523904
749,19,education,"{""education_quality"": 1, ""naturalness"": 0, ""correctness"": 0, ""notes"": """"}",nprokopchuk,2025-11-07T16:42:37.667197
750,78,education,"{""education_quality"": 1, ""naturalness"": 0, ""correctness"": 1, ""notes"": """"}",nprokopchuk,2025-11-07T16:44:43.835333
751,133,education,"{""education_quality"": 1, ""naturalness"": 0, ""correctness"": 1, ""notes"": """"}",nprokopchuk,2025-11-07T16:45:58.656115
752,14,education,"{""education_quality"": 1, ""naturalness"": 1, ""correctness"": 1, ""notes"": """"}",nprokopchuk,2025-11-07T16:47:11.203761
753,154,education,"{""education_quality"": 1, ""naturalness"": 0, ""correctness"": 1, ""notes"": """"}",nprokopchuk,2025-11-07T16:48:16.832779
754,79,education,"{""education_quality"": 1, ""naturalness"": 1, ""correctness"": 0, ""notes"": """"}",nprokopchuk,2025-11-07T16:49:14.390800
755,138,education,"{""education_quality"": 1, ""naturalness"": 1, ""correctness"": 1, ""notes"": """"}",nprokopchuk,2025-11-07T16:50:21.921779
756,60,education,"{""education_quality"": 1, ""naturalness"": 1, ""correctness"": 1, ""notes"": """"}",nprokopchuk,2025-11-07T16:51:10.335316
757,168,education,"{""education_quality"": 1, ""naturalness"": 1, ""correctness"": 1, ""notes"": """"}",nprokopchuk,2025-11-07T16:53:18.314150
758,49,education,"{""education_quality"": 1, ""naturalness"": 1, ""correctness"": 1, ""notes"": """"}",nprokopchuk,2025-11-07T16:54:22.869758
759,27,education,"{""education_quality"": 1, ""naturalness"": 1, ""correctness"": 1, ""notes"": """"}",nprokopchuk,2025-11-07T16:55:05.915802
760,64,education,"{""education_quality"": 1, ""naturalness"": 0, ""correctness"": 1, ""notes"": """"}",nprokopchuk,2025-11-07T16:56:57.988294
761,153,education,"{""education_quality"": 1, ""naturalness"": 1, ""correctness"": 1, ""notes"": """"}",nprokopchuk,2025-11-07T16:58:00.875246
762,95,education,"{""education_quality"": 1, ""naturalness"": 1, ""correctness"": 1, ""notes"": """"}",nprokopchuk,2025-11-07T16:58:27.197950
763,135,education,"{""education_quality"": 1, ""naturalness"": 1, ""correctness"": 1, ""notes"": """"}",nprokopchuk,2025-11-07T16:58:58.689646
764,181,education,"{""education_quality"": 1, ""naturalness"": 1, ""correctness"": 1, ""notes"": """"}",nprokopchuk,2025-11-07T16:59:31.111684
765,162,education,"{""education_quality"": 1, ""naturalness"": 1, ""correctness"": 1, ""notes"": """"}",nprokopchuk,2025-11-07T17:01:04.117833
766,123,education,"{""education_quality"": 1, ""naturalness"": 0, ""correctness"": 1, ""notes"": """"}",nprokopchuk,2025-11-07T17:04:14.103920
767,151,education,"{""education_quality"": 1, ""naturalness"": 1, ""correctness"": 0, ""notes"": """"}",nprokopchuk,2025-11-07T17:04:53.989540
768,75,education,"{""education_quality"": 1, ""naturalness"": 1, ""correctness"": 1, ""notes"": """"}",nprokopchuk,2025-11-07T17:05:26.668369
769,98,education,"{""education_quality"": 0, ""naturalness"": 1, ""correctness"": 1, ""notes"": """"}",nprokopchuk,2025-11-07T17:07:58.325791
770,130,education,"{""education_quality"": 1, ""naturalness"": 1, ""correctness"": 1, ""notes"": """"}",nprokopchuk,2025-11-07T17:09:04.426633
771,25,education,"{""education_quality"": 1, ""naturalness"": 0, ""correctness"": 1, ""notes"": """"}",nprokopchuk,2025-11-07T17:10:24.491363
772,70,education,"{""education_quality"": 1, ""naturalness"": 1, ""correctness"": 1, ""notes"": """"}",nprokopchuk,2025-11-07T17:11:17.968235
773,43,education,"{""education_quality"": 0, ""naturalness"": 0, ""correctness"": 1, ""notes"": """"}",nprokopchuk,2025-11-07T17:14:23.537036
774,177,education,"{""education_quality"": 1, ""naturalness"": 1, ""correctness"": 1, ""notes"": """"}",nprokopchuk,2025-11-07T17:14:54.966950
775,5,education,"{""education_quality"": 1, ""naturalness"": 0, ""correctness"": 0, ""notes"": """"}",nprokopchuk,2025-11-07T17:15:22.477928
776,48,education,"{""education_quality"": 1, ""naturalness"": 1, ""correctness"": 0, ""notes"": """"}",nprokopchuk,2025-11-07T17:15:36.460996
777,89,education,"{""education_quality"": 1, ""naturalness"": 0, ""correctness"": 1, ""notes"": """"}",nprokopchuk,2025-11-07T17:16:08.817453
778,67,education,"{""education_quality"": 1, ""naturalness"": 1, ""correctness"": 1, ""notes"": """"}",nprokopchuk,2025-11-07T17:16:25.517181
779,188,story,"{""age_appropriateness"": 1, ""clarity"": 1, ""creativity"": 1, ""language"": 1, ""message"": 1, ""literature"": 1, ""notes"": """"}",jkrajtl,2025-11-07T19:42:09.117747
780,244,story,"{""age_appropriateness"": 1, ""clarity"": 1, ""creativity"": 1, ""language"": 1, ""message"": 1, ""literature"": 0, ""notes"": """"}",jkrajtl,2025-11-07T19:45:21.036197
781,170,story,"{""age_appropriateness"": 0, ""clarity"": 0, ""creativity"": 0, ""language"": 0, ""message"": 0, ""literature"": 0, ""notes"": """"}",jkrajtl,2025-11-07T19:46:37.285936
782,243,story,"{""age_appropriateness"": 1, ""clarity"": 1, ""creativity"": 0, ""language"": 1, ""message"": 1, ""literature"": 0, ""notes"": """"}",jkrajtl,2025-11-07T19:49:30.714052
783,241,story,"{""age_appropriateness"": 1, ""clarity"": 1, ""creativity"": 1, ""language"": 1, ""message"": 1, ""literature"": 0, ""notes"": """"}",jkrajtl,2025-11-07T19:52:23.154450
784,201,story,"{""age_appropriateness"": 1, ""clarity"": 1, ""creativity"": 1, ""language"": 1, ""message"": 1, ""literature"": 0, ""notes"": """"}",jkrajtl,2025-11-07T19:54:33.097525
785,191,theme,"{""theme_quality"": 1, ""theme_success"": 1, ""roleplaying"": 0, ""notes"": """"}",jkrajtl,2025-11-07T20:01:59.658662
786,155,theme,"{""theme_quality"": 0, ""theme_success"": 0, ""roleplaying"": 0, ""notes"": """"}",jkrajtl,2025-11-07T20:04:53.227509
787,234,theme,"{""theme_quality"": 1, ""theme_success"": 1, ""roleplaying"": 1, ""notes"": """"}",jkrajtl,2025-11-07T20:09:06.275984
788,241,theme,"{""theme_quality"": 1, ""theme_success"": 1, ""roleplaying"": 0, ""notes"": """"}",jkrajtl,2025-11-07T21:44:18.027847
789,150,theme,"{""theme_quality"": 1, ""theme_success"": 0, ""roleplaying"": 1, ""notes"": """"}",jkrajtl,2025-11-07T21:47:25.014668
790,102,theme,"{""theme_quality"": 1, ""theme_success"": 0, ""roleplaying"": 0, ""notes"": """"}",jkrajtl,2025-11-07T21:49:21.078395
791,168,theme,"{""theme_quality"": 1, ""theme_success"": 1, ""roleplaying"": 1, ""notes"": """"}",jkrajtl,2025-11-07T21:52:41.550452
792,185,theme,"{""theme_quality"": 1, ""theme_success"": 1, ""roleplaying"": 1, ""notes"": """"}",jkrajtl,2025-11-07T21:56:26.290960
793,179,theme,"{""theme_quality"": 1, ""theme_success"": 1, ""roleplaying"": 1, ""notes"": """"}",jkrajtl,2025-11-07T21:58:30.655065
794,119,theme,"{""theme_quality"": 1, ""theme_success"": 1, ""roleplaying"": 1, ""notes"": """"}",jkrajtl,2025-11-07T22:09:00.208281
795,166,theme,"{""theme_quality"": 0, ""theme_success"": 1, ""roleplaying"": 0, ""notes"": """"}",jkrajtl,2025-11-07T22:10:04.365016
796,259,theme,"{""theme_quality"": 0, ""theme_success"": 1, ""roleplaying"": 1, ""notes"": """"}",jkrajtl,2025-11-07T22:11:56.904397
797,175,theme,"{""theme_quality"": 0, ""theme_success"": 1, ""roleplaying"": 0, ""notes"": """"}",jkrajtl,2025-11-07T22:13:56.770038
798,158,theme,"{""theme_quality"": 0, ""theme_success"": 1, ""roleplaying"": 0, ""notes"": """"}",jkrajtl,2025-11-07T22:15:22.481922
799,145,theme,"{""theme_quality"": 0, ""theme_success"": 1, ""roleplaying"": 1, ""notes"": """"}",jkrajtl,2025-11-07T22:18:32.205946
800,34,theme,"{""theme_quality"": 0, ""theme_success"": 0, ""roleplaying"": 1, ""notes"": """"}",jkrajtl,2025-11-07T22:20:50.662607
801,197,theme,"{""theme_quality"": 1, ""theme_success"": 1, ""roleplaying"": 0, ""notes"": """"}",jkrajtl,2025-11-07T22:22:58.232727
802,226,theme,"{""theme_quality"": 1, ""theme_success"": 1, ""roleplaying"": 0, ""notes"": """"}",jkrajtl,2025-11-07T22:27:07.824139
803,171,theme,"{""theme_quality"": 1, ""theme_success"": 0, ""roleplaying"": 1, ""notes"": """"}",jkrajtl,2025-11-07T22:33:06.289676
804,152,theme,"{""theme_quality"": 1, ""theme_success"": 0, ""roleplaying"": 1, ""notes"": """"}",jkrajtl,2025-11-07T22:34:57.382308
805,159,theme,"{""theme_quality"": 0, ""theme_success"": 0, ""roleplaying"": 1, ""notes"": """"}",jkrajtl,2025-11-07T22:36:10.784922
806,206,story,"{""age_appropriateness"": 1, ""clarity"": 1, ""creativity"": 0, ""language"": 1, ""message"": 1, ""literature"": 0, ""notes"": """"}",uroblek,2025-11-08T11:13:01.537259
807,48,story,"{""age_appropriateness"": 1, ""clarity"": 1, ""creativity"": 1, ""language"": 1, ""message"": 0, ""literature"": 0, ""notes"": """"}",uroblek,2025-11-08T11:14:47.052193
808,13,story,"{""age_appropriateness"": 1, ""clarity"": 1, ""creativity"": 0, ""language"": 1, ""message"": 1, ""literature"": 0, ""notes"": """"}",uroblek,2025-11-08T11:16:44.279774
809,264,story,"{""age_appropriateness"": 1, ""clarity"": 1, ""creativity"": 1, ""language"": 1, ""message"": 0, ""literature"": 0, ""notes"": """"}",uroblek,2025-11-08T11:18:00.412508
810,228,story,"{""age_appropriateness"": 1, ""clarity"": 1, ""creativity"": 1, ""language"": 1, ""message"": 1, ""literature"": 0, ""notes"": """"}",uroblek,2025-11-08T11:19:29.688457
811,105,story,"{""age_appropriateness"": 1, ""clarity"": 1, ""creativity"": 0, ""language"": 1, ""message"": 1, ""literature"": 0, ""notes"": """"}",uroblek,2025-11-08T11:21:08.898481
812,157,story,"{""age_appropriateness"": 0, ""clarity"": 1, ""creativity"": 1, ""language"": 1, ""message"": 0, ""literature"": 0, ""notes"": """"}",uroblek,2025-11-08T11:25:29.869105
813,153,story,"{""age_appropriateness"": 0, ""clarity"": 0, ""creativity"": 1, ""language"": 1, ""message"": 0, ""literature"": 0, ""notes"": """"}",uroblek,2025-11-08T11:54:36.654363
814,165,story,"{""age_appropriateness"": 0, ""clarity"": 1, ""creativity"": 1, ""language"": 1, ""message"": 0, ""literature"": 0, ""notes"": """"}",uroblek,2025-11-08T11:55:35.521767
815,236,story,"{""age_appropriateness"": 1, ""clarity"": 1, ""creativity"": 1, ""language"": 1, ""message"": 1, ""literature"": 0, ""notes"": """"}",uroblek,2025-11-08T11:59:24.570822
816,163,story,"{""age_appropriateness"": 0, ""clarity"": 1, ""creativity"": 1, ""language"": 1, ""message"": 0, ""literature"": 0, ""notes"": """"}",uroblek,2025-11-08T12:00:02.016328
817,107,story,"{""age_appropriateness"": 1, ""clarity"": 1, ""creativity"": 1, ""language"": 1, ""message"": 1, ""literature"": 0, ""notes"": """"}",uroblek,2025-11-08T12:37:47.843470
818,181,story,"{""age_appropriateness"": 1, ""clarity"": 1, ""creativity"": 0, ""language"": 1, ""message"": 1, ""literature"": 0, ""notes"": """"}",uroblek,2025-11-08T12:39:24.659887
819,118,story,"{""age_appropriateness"": 1, ""clarity"": 1, ""creativity"": 0, ""language"": 1, ""message"": 1, ""literature"": 0, ""notes"": """"}",uroblek,2025-11-08T12:42:26.774243
820,249,theme,"{""theme_quality"": 0, ""theme_success"": 1, ""roleplaying"": 1, ""notes"": """"}",tnadoh,2025-11-08T15:09:15.328901
821,42,theme,"{""theme_quality"": 0, ""theme_success"": 1, ""roleplaying"": 0, ""notes"": """"}",tnadoh,2025-11-08T15:17:56.338048
822,10,theme,"{""theme_quality"": 0, ""theme_success"": 1, ""roleplaying"": 0, ""notes"": """"}",tnadoh,2025-11-08T15:19:42.640278
823,95,theme,"{""theme_quality"": 0, ""theme_success"": 1, ""roleplaying"": 0, ""notes"": """"}",tnadoh,2025-11-08T15:20:54.446369
824,132,theme,"{""theme_quality"": 0, ""theme_success"": 1, ""roleplaying"": 1, ""notes"": """"}",tnadoh,2025-11-08T15:21:20.714123
825,212,story,"{""age_appropriateness"": 1, ""clarity"": 1, ""creativity"": 0, ""language"": 1, ""message"": 1, ""literature"": 0, ""notes"": """"}",uroblek,2025-11-08T15:24:08.881840
826,51,story,"{""age_appropriateness"": 1, ""clarity"": 1, ""creativity"": 1, ""language"": 1, ""message"": 1, ""literature"": 0, ""notes"": """"}",uroblek,2025-11-08T15:26:57.292418
827,225,story,"{""age_appropriateness"": 1, ""clarity"": 1, ""creativity"": 0, ""language"": 1, ""message"": 1, ""literature"": 0, ""notes"": """"}",uroblek,2025-11-08T15:27:55.975580
828,171,theme,"{""theme_quality"": 0, ""theme_success"": 1, ""roleplaying"": 1, ""notes"": """"}",tnadoh,2025-11-08T15:29:29.182063
829,122,theme,"{""theme_quality"": 1, ""theme_success"": 1, ""roleplaying"": 1, ""notes"": """"}",tnadoh,2025-11-08T15:31:17.855364
830,71,theme,"{""theme_quality"": 0, ""theme_success"": 1, ""roleplaying"": 0, ""notes"": """"}",tnadoh,2025-11-08T15:32:18.201340
831,73,theme,"{""theme_quality"": 0, ""theme_success"": 1, ""roleplaying"": 1, ""notes"": """"}",tnadoh,2025-11-08T15:33:51.327545
832,213,theme,"{""theme_quality"": 0, ""theme_success"": 1, ""roleplaying"": 0, ""notes"": """"}",tnadoh,2025-11-08T15:44:09.579624
833,246,theme,"{""theme_quality"": 0, ""theme_success"": 1, ""roleplaying"": 0, ""notes"": """"}",tnadoh,2025-11-08T15:44:44.373931
834,9,theme,"{""theme_quality"": 0, ""theme_success"": 1, ""roleplaying"": 1, ""notes"": """"}",tnadoh,2025-11-08T15:49:46.719015
835,90,theme,"{""theme_quality"": 0, ""theme_success"": 1, ""roleplaying"": 0, ""notes"": """"}",tnadoh,2025-11-08T15:50:39.945337
836,188,theme,"{""theme_quality"": 0, ""theme_success"": 1, ""roleplaying"": 0, ""notes"": """"}",tnadoh,2025-11-08T15:51:33.610959
837,44,education,"{""education_quality"": 0, ""naturalness"": 1, ""correctness"": 1, ""notes"": """"}",tnadoh,2025-11-08T15:54:36.522499
838,75,education,"{""education_quality"": 0, ""naturalness"": 1, ""correctness"": 0, ""notes"": """"}",tnadoh,2025-11-08T15:57:15.781894
839,174,education,"{""education_quality"": 0, ""naturalness"": 0, ""correctness"": 1, ""notes"": """"}",tnadoh,2025-11-08T15:57:35.057237
840,126,education,"{""education_quality"": 0, ""naturalness"": 0, ""correctness"": 1, ""notes"": """"}",tnadoh,2025-11-08T16:01:21.493565
841,17,education,"{""education_quality"": 0, ""naturalness"": 1, ""correctness"": 1, ""notes"": """"}",tnadoh,2025-11-08T16:15:55.419508
842,34,education,"{""education_quality"": 0, ""naturalness"": 0, ""correctness"": 0, ""notes"": """"}",tnadoh,2025-11-08T16:17:17.538986
843,78,education,"{""education_quality"": 0, ""naturalness"": 1, ""correctness"": 1, ""notes"": """"}",tnadoh,2025-11-08T16:42:53.916099
844,12,education,"{""education_quality"": 0, ""naturalness"": 1, ""correctness"": 1, ""notes"": """"}",tnadoh,2025-11-08T16:43:49.899176
845,12,education,"{""education_quality"": 0, ""naturalness"": 1, ""correctness"": 1, ""notes"": """"}",tnadoh,2025-11-08T16:43:50.930103
846,116,education,"{""education_quality"": 0, ""naturalness"": 0, ""correctness"": 1, ""notes"": """"}",tnadoh,2025-11-08T16:44:08.407371
847,82,education,"{""education_quality"": 0, ""naturalness"": 1, ""correctness"": 0, ""notes"": """"}",tnadoh,2025-11-08T16:53:34.683725
848,67,education,"{""education_quality"": 0, ""naturalness"": 0, ""correctness"": 1, ""notes"": """"}",tnadoh,2025-11-08T16:54:37.664672
849,117,education,"{""education_quality"": 0, ""naturalness"": 0, ""correctness"": 1, ""notes"": """"}",tnadoh,2025-11-08T16:55:00.109957
850,103,story,"{""age_appropriateness"": 1, ""clarity"": 1, ""creativity"": 1, ""language"": 1, ""message"": 1, ""literature"": 0, ""notes"": """"}",uroblek,2025-11-08T16:56:00.470188
851,130,education,"{""education_quality"": 0, ""naturalness"": 1, ""correctness"": 0, ""notes"": """"}",tnadoh,2025-11-08T16:56:42.718465
852,27,education,"{""education_quality"": 0, ""naturalness"": 1, ""correctness"": 1, ""notes"": """"}",tnadoh,2025-11-08T16:57:47.266512
853,96,education,"{""education_quality"": 0, ""naturalness"": 1, ""correctness"": 0, ""notes"": """"}",tnadoh,2025-11-08T16:58:27.073788
854,182,education,"{""education_quality"": 0, ""naturalness"": 0, ""correctness"": 1, ""notes"": """"}",tnadoh,2025-11-08T16:58:59.809595
855,156,education,"{""education_quality"": 0, ""naturalness"": 1, ""correctness"": 1, ""notes"": """"}",tnadoh,2025-11-08T16:59:39.024071
856,101,theme,"{""theme_quality"": 1, ""theme_success"": 1, ""roleplaying"": 1, ""notes"": """"}",uroblek,2025-11-08T17:01:01.175949
857,184,theme,"{""theme_quality"": 1, ""theme_success"": 1, ""roleplaying"": 1, ""notes"": """"}",uroblek,2025-11-08T17:02:24.577610
858,135,questions,"{""difficulty"": 0, ""completeness"": 1, ""correctness_of_responses"": 1, ""notes"": """"}",nprokopchuk,2025-11-08T19:45:55.506834
859,5,questions,"{""difficulty"": 0, ""completeness"": 0, ""correctness_of_responses"": 0, ""notes"": """"}",nprokopchuk,2025-11-08T19:46:02.147031
860,102,questions,"{""difficulty"": 0, ""completeness"": 1, ""correctness_of_responses"": 1, ""notes"": """"}",nprokopchuk,2025-11-08T19:49:32.138211
861,88,questions,"{""difficulty"": 1, ""completeness"": 1, ""correctness_of_responses"": 1, ""notes"": """"}",nprokopchuk,2025-11-08T19:50:00.418047
862,47,questions,"{""difficulty"": 0, ""completeness"": 1, ""correctness_of_responses"": 1, ""notes"": """"}",nprokopchuk,2025-11-08T19:50:25.721971
863,180,questions,"{""difficulty"": 0, ""completeness"": 1, ""correctness_of_responses"": 1, ""notes"": """"}",nprokopchuk,2025-11-08T19:51:07.516263
864,33,questions,"{""difficulty"": 1, ""completeness"": 0, ""correctness_of_responses"": 1, ""notes"": """"}",nprokopchuk,2025-11-08T19:51:34.930562
865,133,questions,"{""difficulty"": 0, ""completeness"": 1, ""correctness_of_responses"": 1, ""notes"": """"}",nprokopchuk,2025-11-08T19:51:57.913921
866,59,questions,"{""difficulty"": 0, ""completeness"": 1, ""correctness_of_responses"": 1, ""notes"": """"}",nprokopchuk,2025-11-08T20:00:55.878224
867,157,questions,"{""difficulty"": 1, ""completeness"": 0, ""correctness_of_responses"": 0, ""notes"": """"}",nprokopchuk,2025-11-08T20:01:15.888433
868,149,questions,"{""difficulty"": 1, ""completeness"": 1, ""correctness_of_responses"": 1, ""notes"": """"}",nprokopchuk,2025-11-08T20:04:20.680579
869,177,questions,"{""difficulty"": 0, ""completeness"": 0, ""correctness_of_responses"": 1, ""notes"": """"}",nprokopchuk,2025-11-08T20:05:37.005042
870,15,questions,"{""difficulty"": 0, ""completeness"": 0, ""correctness_of_responses"": 1, ""notes"": """"}",nprokopchuk,2025-11-08T20:07:59.424686
871,173,questions,"{""difficulty"": 0, ""completeness"": 1, ""correctness_of_responses"": 1, ""notes"": """"}",nprokopchuk,2025-11-08T20:08:22.417115
872,22,questions,"{""difficulty"": 0, ""completeness"": 1, ""correctness_of_responses"": 1, ""notes"": """"}",nprokopchuk,2025-11-08T20:14:03.001534
873,67,questions,"{""difficulty"": 1, ""completeness"": 1, ""correctness_of_responses"": 1, ""notes"": """"}",nprokopchuk,2025-11-08T20:16:17.123680
874,113,questions,"{""difficulty"": 1, ""completeness"": 1, ""correctness_of_responses"": 1, ""notes"": """"}",nprokopchuk,2025-11-08T20:16:36.959686
875,61,questions,"{""difficulty"": 1, ""completeness"": 1, ""correctness_of_responses"": 1, ""notes"": """"}",nprokopchuk,2025-11-08T20:16:55.737410
876,122,questions,"{""difficulty"": 1, ""completeness"": 1, ""correctness_of_responses"": 1, ""notes"": """"}",nprokopchuk,2025-11-08T20:20:59.287626
877,46,questions,"{""difficulty"": 1, ""completeness"": 1, ""correctness_of_responses"": 1, ""notes"": """"}",nprokopchuk,2025-11-08T20:21:27.703994
878,84,questions,"{""difficulty"": 1, ""completeness"": 1, ""correctness_of_responses"": 1, ""notes"": """"}",nprokopchuk,2025-11-08T20:21:47.335949
879,175,questions,"{""difficulty"": 1, ""completeness"": 1, ""correctness_of_responses"": 1, ""notes"": """"}",nprokopchuk,2025-11-08T20:22:03.799250
880,48,questions,"{""difficulty"": 1, ""completeness"": 1, ""correctness_of_responses"": 1, ""notes"": """"}",nprokopchuk,2025-11-08T20:22:22.071219
881,161,questions,"{""difficulty"": 1, ""completeness"": 1, ""correctness_of_responses"": 1, ""notes"": """"}",nprokopchuk,2025-11-08T20:22:41.887402
882,127,questions,"{""difficulty"": 1, ""completeness"": 0, ""correctness_of_responses"": 1, ""notes"": """"}",nprokopchuk,2025-11-08T20:22:54.736176
883,2,questions,"{""difficulty"": 1, ""completeness"": 1, ""correctness_of_responses"": 1, ""notes"": """"}",nprokopchuk,2025-11-08T20:23:08.423386
884,62,questions,"{""difficulty"": 1, ""completeness"": 1, ""correctness_of_responses"": 1, ""notes"": """"}",nprokopchuk,2025-11-08T20:23:38.424852
885,176,questions,"{""difficulty"": 1, ""completeness"": 0, ""correctness_of_responses"": 1, ""notes"": """"}",nprokopchuk,2025-11-08T20:23:46.912812
886,107,questions,"{""difficulty"": 1, ""completeness"": 1, ""correctness_of_responses"": 1, ""notes"": """"}",nprokopchuk,2025-11-08T20:24:40.232387
887,20,questions,"{""difficulty"": 1, ""completeness"": 1, ""correctness_of_responses"": 1, ""notes"": """"}",nprokopchuk,2025-11-08T20:25:00.183031
888,170,questions,"{""difficulty"": 1, ""completeness"": 1, ""correctness_of_responses"": 1, ""notes"": """"}",nprokopchuk,2025-11-08T20:27:18.975786
889,138,questions,"{""difficulty"": 1, ""completeness"": 1, ""correctness_of_responses"": 1, ""notes"": """"}",nprokopchuk,2025-11-08T20:27:44.254927
890,12,questions,"{""difficulty"": 1, ""completeness"": 1, ""correctness_of_responses"": 1, ""notes"": """"}",nprokopchuk,2025-11-08T20:27:59.392471
891,85,questions,"{""difficulty"": 1, ""completeness"": 0, ""correctness_of_responses"": 1, ""notes"": """"}",nprokopchuk,2025-11-08T20:28:11.135594
892,126,questions,"{""difficulty"": 1, ""completeness"": 1, ""correctness_of_responses"": 0, ""notes"": """"}",nprokopchuk,2025-11-08T20:28:56.328583
893,64,questions,"{""difficulty"": 1, ""completeness"": 1, ""correctness_of_responses"": 1, ""notes"": """"}",nprokopchuk,2025-11-08T20:29:09.109833
894,164,questions,"{""difficulty"": 1, ""completeness"": 1, ""correctness_of_responses"": 1, ""notes"": """"}",nprokopchuk,2025-11-08T20:29:23.055265
895,71,questions,"{""difficulty"": 1, ""completeness"": 0, ""correctness_of_responses"": 1, ""notes"": """"}",nprokopchuk,2025-11-08T20:29:43.015835
896,98,education,"{""education_quality"": 0, ""naturalness"": 1, ""correctness"": 1, ""notes"": """"}",tnadoh,2025-11-09T08:56:52.357319
897,72,education,"{""education_quality"": 0, ""naturalness"": 1, ""correctness"": 1, ""notes"": """"}",tnadoh,2025-11-09T08:59:46.473185
898,66,education,"{""education_quality"": 0, ""naturalness"": 1, ""correctness"": 1, ""notes"": """"}",tnadoh,2025-11-09T09:03:24.896720
899,6,education,"{""education_quality"": 0, ""naturalness"": 1, ""correctness"": 0, ""notes"": """"}",tnadoh,2025-11-09T09:05:18.661164
900,43,education,"{""education_quality"": 0, ""naturalness"": 0, ""correctness"": 1, ""notes"": """"}",tnadoh,2025-11-09T09:07:47.757836
901,53,education,"{""education_quality"": 0, ""naturalness"": 1, ""correctness"": 0, ""notes"": """"}",tnadoh,2025-11-09T09:09:44.803342
902,111,education,"{""education_quality"": 0, ""naturalness"": 0, ""correctness"": 1, ""notes"": """"}",tnadoh,2025-11-09T09:10:22.844507
903,89,education,"{""education_quality"": 0, ""naturalness"": 1, ""correctness"": 1, ""notes"": """"}",tnadoh,2025-11-09T09:12:28.331029
904,113,education,"{""education_quality"": 0, ""naturalness"": 0, ""correctness"": 1, ""notes"": """"}",tnadoh,2025-11-09T09:13:06.549374
905,99,education,"{""education_quality"": 0, ""naturalness"": 0, ""correctness"": 0, ""notes"": """"}",tnadoh,2025-11-09T09:13:29.091808
906,170,education,"{""education_quality"": 0, ""naturalness"": 1, ""correctness"": 0, ""notes"": """"}",tnadoh,2025-11-09T09:15:37.568113
907,7,education,"{""education_quality"": 0, ""naturalness"": 0, ""correctness"": 1, ""notes"": """"}",tnadoh,2025-11-09T09:18:17.311309
908,122,education,"{""education_quality"": 0, ""naturalness"": 1, ""correctness"": 1, ""notes"": """"}",tnadoh,2025-11-09T09:21:50.716095
909,124,education,"{""education_quality"": 0, ""naturalness"": 0, ""correctness"": 1, ""notes"": """"}",tnadoh,2025-11-09T09:23:48.985382
910,51,education,"{""education_quality"": 0, ""naturalness"": 1, ""correctness"": 0, ""notes"": """"}",tnadoh,2025-11-09T09:28:41.036067
911,120,education,"{""education_quality"": 0, ""naturalness"": 0, ""correctness"": 0, ""notes"": """"}",tnadoh,2025-11-09T09:29:50.174934
912,158,education,"{""education_quality"": 0, ""naturalness"": 1, ""correctness"": 1, ""notes"": """"}",tnadoh,2025-11-09T09:31:27.704384
913,41,education,"{""education_quality"": 0, ""naturalness"": 0, ""correctness"": 1, ""notes"": """"}",tnadoh,2025-11-09T09:32:57.286128
914,15,education,"{""education_quality"": 0, ""naturalness"": 0, ""correctness"": 1, ""notes"": """"}",tnadoh,2025-11-09T09:34:24.994155
915,99,questions,"{""difficulty"": 0, ""completeness"": 0, ""correctness_of_responses"": 0, ""notes"": """"}",tnadoh,2025-11-09T10:47:31.205726
916,159,questions,"{""difficulty"": 1, ""completeness"": 1, ""correctness_of_responses"": 1, ""notes"": """"}",tnadoh,2025-11-09T10:48:46.520535
917,23,questions,"{""difficulty"": 0, ""completeness"": 1, ""correctness_of_responses"": 1, ""notes"": """"}",tnadoh,2025-11-09T10:50:05.336109
918,165,questions,"{""difficulty"": 0, ""completeness"": 1, ""correctness_of_responses"": 1, ""notes"": """"}",tnadoh,2025-11-09T12:11:27.162884
919,182,questions,"{""difficulty"": 1, ""completeness"": 1, ""correctness_of_responses"": 1, ""notes"": """"}",tnadoh,2025-11-09T12:13:43.543429
920,113,questions,"{""difficulty"": 0, ""completeness"": 1, ""correctness_of_responses"": 1, ""notes"": """"}",tnadoh,2025-11-09T12:14:55.696900
921,39,questions,"{""difficulty"": 1, ""completeness"": 1, ""correctness_of_responses"": 1, ""notes"": """"}",tnadoh,2025-11-09T12:16:34.807337
922,75,questions,"{""difficulty"": 0, ""completeness"": 1, ""correctness_of_responses"": 1, ""notes"": """"}",tnadoh,2025-11-09T12:17:02.392627
923,75,questions,"{""difficulty"": 0, ""completeness"": 1, ""correctness_of_responses"": 1, ""notes"": """"}",tnadoh,2025-11-09T12:17:02.527347
924,111,questions,"{""difficulty"": 0, ""completeness"": 1, ""correctness_of_responses"": 1, ""notes"": """"}",tnadoh,2025-11-09T12:18:25.213539
925,168,questions,"{""difficulty"": 0, ""completeness"": 1, ""correctness_of_responses"": 0, ""notes"": """"}",tnadoh,2025-11-09T12:19:21.315160
926,90,questions,"{""difficulty"": 0, ""completeness"": 1, ""correctness_of_responses"": 1, ""notes"": """"}",tnadoh,2025-11-09T12:21:08.515185
927,151,questions,"{""difficulty"": 0, ""completeness"": 1, ""correctness_of_responses"": 1, ""notes"": """"}",tnadoh,2025-11-09T12:23:05.580655
928,82,questions,"{""difficulty"": 0, ""completeness"": 1, ""correctness_of_responses"": 1, ""notes"": """"}",tnadoh,2025-11-09T12:24:16.682176
929,185,questions,"{""difficulty"": 1, ""completeness"": 1, ""correctness_of_responses"": 1, ""notes"": """"}",tnadoh,2025-11-09T12:24:33.864301
930,36,questions,"{""difficulty"": 0, ""completeness"": 0, ""correctness_of_responses"": 1, ""notes"": """"}",tnadoh,2025-11-09T12:25:56.742941
931,54,questions,"{""difficulty"": 0, ""completeness"": 1, ""correctness_of_responses"": 1, ""notes"": """"}",tnadoh,2025-11-09T12:26:48.629999
932,42,questions,"{""difficulty"": 0, ""completeness"": 1, ""correctness_of_responses"": 1, ""notes"": """"}",tnadoh,2025-11-09T12:28:27.869179
933,102,questions,"{""difficulty"": 0, ""completeness"": 1, ""correctness_of_responses"": 1, ""notes"": """"}",tnadoh,2025-11-09T12:29:13.456809
934,94,questions,"{""difficulty"": 0, ""completeness"": 1, ""correctness_of_responses"": 1, ""notes"": """"}",tnadoh,2025-11-09T12:29:25.399437
935,73,questions,"{""difficulty"": 0, ""completeness"": 1, ""correctness_of_responses"": 1, ""notes"": """"}",tnadoh,2025-11-09T12:30:08.302541
936,10,questions,"{""difficulty"": 0, ""completeness"": 1, ""correctness_of_responses"": 1, ""notes"": """"}",tnadoh,2025-11-09T12:30:44.376101
937,187,questions,"{""difficulty"": 0, ""completeness"": 1, ""correctness_of_responses"": 1, ""notes"": """"}",tnadoh,2025-11-09T12:31:37.953732
938,41,questions,"{""difficulty"": 0, ""completeness"": 1, ""correctness_of_responses"": 1, ""notes"": """"}",tnadoh,2025-11-09T12:32:06.926031
939,50,questions,"{""difficulty"": 1, ""completeness"": 1, ""correctness_of_responses"": 1, ""notes"": """"}",tnadoh,2025-11-09T12:32:22.958628
940,139,questions,"{""difficulty"": 0, ""completeness"": 1, ""correctness_of_responses"": 1, ""notes"": """"}",tnadoh,2025-11-09T12:32:59.504867
941,140,questions,"{""difficulty"": 0, ""completeness"": 1, ""correctness_of_responses"": 0, ""notes"": """"}",tnadoh,2025-11-09T12:33:27.703179
942,181,questions,"{""difficulty"": 0, ""completeness"": 1, ""correctness_of_responses"": 1, ""notes"": """"}",tnadoh,2025-11-09T12:33:39.605823
943,263,theme,"{""theme_quality"": 1, ""theme_success"": 0, ""roleplaying"": 1, ""notes"": """"}",jkrajtl,2025-11-09T21:46:03.045415
944,74,theme,"{""theme_quality"": 1, ""theme_success"": 0, ""roleplaying"": 1, ""notes"": """"}",jkrajtl,2025-11-09T21:49:12.188044
945,115,theme,"{""theme_quality"": 0, ""theme_success"": 1, ""roleplaying"": 1, ""notes"": """"}",jkrajtl,2025-11-09T21:58:07.843584
946,225,theme,"{""theme_quality"": 1, ""theme_success"": 1, ""roleplaying"": 1, ""notes"": """"}",jkrajtl,2025-11-09T22:02:10.884554
947,65,questions,"{""difficulty"": 1, ""completeness"": 1, ""correctness_of_responses"": 1, ""notes"": ""Questions aren't difficult for at least 7-8 year-old kids, the annotation tool doesn't show JSON values for the prompt (age, gender values)""}",kkuznietsova,2025-11-09T22:41:18.980068
948,46,questions,"{""difficulty"": 1, ""completeness"": 1, ""correctness_of_responses"": 1, ""notes"": ""Questions aren't difficult for at least 5-6 year-old kids, the annotation tool doesn't show JSON values for the prompt (age, gender, topic)""}",kkuznietsova,2025-11-09T22:43:35.327144
949,126,questions,"{""difficulty"": 1, ""completeness"": 0, ""correctness_of_responses"": 1, ""notes"": ""Perhaps the story for question generation is not the one containing educational enhancement (capsaicin not mentioned in the story etc), the story and questions contain more complicated words that are more suitable for at least 9 year old kids in my humble opinion, but they are not difficult (again JSON values - age, phenomenon - not visible in the tool)""}",kkuznietsova,2025-11-09T22:49:21.139258
950,82,questions,"{""difficulty"": 1, ""completeness"": 1, ""correctness_of_responses"": 1, ""notes"": ""Age_range not visible, but questions are very easy, suitable for very small children.""}",kkuznietsova,2025-11-09T22:51:47.664768
951,21,questions,"{""difficulty"": 1, ""completeness"": 0, ""correctness_of_responses"": 1, ""notes"": ""The story does not contain the factual information from the question (pollen, bees, face to the sun), probably not educationally enhanced version, but original. The questions are pretty simple though, suitable for at least 6 year olds (JSON values are not visible)""}",kkuznietsova,2025-11-09T22:56:14.209223
952,25,questions,"{""difficulty"": 1, ""completeness"": 1, ""correctness_of_responses"": 1, ""notes"": ""The questions are suitable for at least 9 years olds (JSON values including age are not visible)""}",kkuznietsova,2025-11-09T22:58:01.831344
953,58,questions,"{""difficulty"": 1, ""completeness"": 1, ""correctness_of_responses"": 0, ""notes"": ""Difficulty and story are appropriate from around age 12 in my opinion (JSON values including age are not visible), the first question's answer is not entirely correct according to the story (nothing is said about real-life scams increasing)""}",kkuznietsova,2025-11-09T23:11:28.912318
954,213,theme,"{""theme_quality"": 0, ""theme_success"": 1, ""roleplaying"": 1, ""notes"": """"}",uroblek,2025-11-10T09:06:40.024577
955,12,theme,"{""theme_quality"": 0, ""theme_success"": 1, ""roleplaying"": 1, ""notes"": """"}",uroblek,2025-11-10T09:07:37.708380
956,125,theme,"{""theme_quality"": 0, ""theme_success"": 1, ""roleplaying"": 1, ""notes"": """"}",uroblek,2025-11-10T09:08:19.829779
957,148,theme,"{""theme_quality"": 0, ""theme_success"": 1, ""roleplaying"": 1, ""notes"": """"}",uroblek,2025-11-10T09:09:28.755776
958,219,theme,"{""theme_quality"": 1, ""theme_success"": 1, ""roleplaying"": 1, ""notes"": """"}",uroblek,2025-11-10T09:11:00.046770
959,215,theme,"{""theme_quality"": 0, ""theme_success"": 0, ""roleplaying"": 1, ""notes"": """"}",uroblek,2025-11-10T09:11:52.470043
960,282,theme,"{""theme_quality"": 0, ""theme_success"": 0, ""roleplaying"": 1, ""notes"": """"}",uroblek,2025-11-10T09:14:58.181862
961,79,theme,"{""theme_quality"": 0, ""theme_success"": 0, ""roleplaying"": 0, ""notes"": """"}",uroblek,2025-11-10T09:17:10.217156
962,193,theme,"{""theme_quality"": 0, ""theme_success"": 1, ""roleplaying"": 1, ""notes"": """"}",uroblek,2025-11-10T09:19:24.315682
963,158,theme,"{""theme_quality"": 0, ""theme_success"": 1, ""roleplaying"": 1, ""notes"": """"}",uroblek,2025-11-10T09:20:18.888829
964,88,theme,"{""theme_quality"": 0, ""theme_success"": 1, ""roleplaying"": 1, ""notes"": """"}",uroblek,2025-11-10T09:22:24.121183
965,152,theme,"{""theme_quality"": 0, ""theme_success"": 0, ""roleplaying"": 1, ""notes"": """"}",uroblek,2025-11-10T09:24:37.143389
966,133,theme,"{""theme_quality"": 0, ""theme_success"": 1, ""roleplaying"": 0, ""notes"": """"}",uroblek,2025-11-10T09:25:57.136832
967,44,theme,"{""theme_quality"": 0, ""theme_success"": 1, ""roleplaying"": 1, ""notes"": """"}",uroblek,2025-11-10T09:26:38.646941
968,199,theme,"{""theme_quality"": 0, ""theme_success"": 1, ""roleplaying"": 1, ""notes"": """"}",uroblek,2025-11-10T09:30:28.844952
969,71,theme,"{""theme_quality"": 0, ""theme_success"": 1, ""roleplaying"": 1, ""notes"": """"}",uroblek,2025-11-10T09:36:06.059342
970,39,theme,"{""theme_quality"": 0, ""theme_success"": 1, ""roleplaying"": 1, ""notes"": """"}",uroblek,2025-11-10T09:37:15.128219
971,34,theme,"{""theme_quality"": 0, ""theme_success"": 1, ""roleplaying"": 1, ""notes"": """"}",uroblek,2025-11-10T09:37:49.763474
972,272,theme,"{""theme_quality"": 0, ""theme_success"": 1, ""roleplaying"": 0, ""notes"": """"}",uroblek,2025-11-10T09:39:30.911558
973,70,theme,"{""theme_quality"": 0, ""theme_success"": 1, ""roleplaying"": 1, ""notes"": """"}",uroblek,2025-11-10T09:41:08.587400
974,234,theme,"{""theme_quality"": 0, ""theme_success"": 1, ""roleplaying"": 1, ""notes"": """"}",uroblek,2025-11-10T09:42:05.544827
975,7,theme,"{""theme_quality"": 0, ""theme_success"": 0, ""roleplaying"": 1, ""notes"": """"}",uroblek,2025-11-10T09:43:33.585642
976,110,theme,"{""theme_quality"": 0, ""theme_success"": 1, ""roleplaying"": 1, ""notes"": """"}",uroblek,2025-11-10T09:45:19.887816
977,258,theme,"{""theme_quality"": 0, ""theme_success"": 0, ""roleplaying"": 1, ""notes"": """"}",uroblek,2025-11-10T09:46:03.266247
978,120,theme,"{""theme_quality"": 0, ""theme_success"": 1, ""roleplaying"": 1, ""notes"": """"}",uroblek,2025-11-10T09:48:11.250845
979,114,theme,"{""theme_quality"": 0, ""theme_success"": 1, ""roleplaying"": 1, ""notes"": """"}",uroblek,2025-11-10T09:50:15.139583
980,262,theme,"{""theme_quality"": 0, ""theme_success"": 0, ""roleplaying"": 1, ""notes"": """"}",uroblek,2025-11-10T09:50:55.849488
981,132,theme,"{""theme_quality"": 0, ""theme_success"": 1, ""roleplaying"": 0, ""notes"": """"}",uroblek,2025-11-10T09:51:08.062503
982,244,story,"{""age_appropriateness"": 1, ""clarity"": 1, ""creativity"": 1, ""language"": 1, ""message"": 1, ""literature"": 1, ""notes"": ""IMO more appropriate for smaller children""}",kkuznietsova,2025-11-10T11:08:38.070563
983,89,story,"{""age_appropriateness"": 1, ""clarity"": 0, ""creativity"": 0, ""language"": 1, ""message"": 0, ""literature"": 0, ""notes"": ""Feels like the theme is more suitable for a long story, the short form makes it boring, like reading a summary, the message is a bit vague and it\u2019s hard to empathise with characters""}",kkuznietsova,2025-11-10T11:13:28.897684
984,71,story,"{""age_appropriateness"": 1, ""clarity"": 1, ""creativity"": 0, ""language"": 1, ""message"": 1, ""literature"": 0, ""notes"": ""Name Pip is overused by AI models and isn\u2019t very creative, the story overlooks the fact that rain clouds are mostly big ones, and that may give kids wrong  expectations""}",kkuznietsova,2025-11-10T11:18:14.568408
985,297,story,"{""age_appropriateness"": 1, ""clarity"": 1, ""creativity"": 1, ""language"": 1, ""message"": 1, ""literature"": 0, ""notes"": """"}",kkuznietsova,2025-11-10T11:21:01.651671
986,174,story,"{""age_appropriateness"": 0, ""clarity"": 0, ""creativity"": 0, ""language"": 0, ""message"": 0, ""literature"": 0, ""notes"": ""No age range, no moral etc. + doesn\u2019t feel like a story, sentences out together""}",kkuznietsova,2025-11-10T11:23:03.580242
987,130,story,"{""age_appropriateness"": 1, ""clarity"": 1, ""creativity"": 1, ""language"": 1, ""message"": 1, ""literature"": 0, ""notes"": ""\u201cStella\u2019s eyes widened at the beauty, forgetting her worries for a moment.\u201d one grammatically weird sentence""}",kkuznietsova,2025-11-10T11:26:26.592889
988,218,story,"{""age_appropriateness"": 0, ""clarity"": 1, ""creativity"": 1, ""language"": 1, ""message"": 1, ""literature"": 1, ""notes"": ""Most names are a bit generic, no age range specified""}",kkuznietsova,2025-11-10T11:29:39.910390
989,119,story,"{""age_appropriateness"": 1, ""clarity"": 1, ""creativity"": 1, ""language"": 1, ""message"": 1, ""literature"": 0, ""notes"": ""Pip as a name is not very creative, it\u2019s not obvious how the nature takes care of him in the end (it just makes him happy?)""}",kkuznietsova,2025-11-10T11:34:24.443003
990,251,story,"{""age_appropriateness"": 1, ""clarity"": 1, ""creativity"": 1, ""language"": 1, ""message"": 1, ""literature"": 0, ""notes"": ""Beginning Middle and End inside the story :)) otherwise okay, but doesn\u2019t discern between courage and recklessness (going into a cave alone as a little girl when your instincts tell you to run)""}",kkuznietsova,2025-11-10T11:40:05.536327
991,251,story,"{""age_appropriateness"": 1, ""clarity"": 1, ""creativity"": 1, ""language"": 1, ""message"": 1, ""literature"": 0, ""notes"": ""Beginning Middle and End inside the story :)) otherwise okay, but doesn\u2019t discern between courage and recklessness (going into a cave alone as a little girl when your instincts tell you to run)""}",kkuznietsova,2025-11-10T11:40:08.031603
992,131,story,"{""age_appropriateness"": 1, ""clarity"": 0, ""creativity"": 1, ""language"": 1, ""message"": 0, ""literature"": 0, ""notes"": ""Moral is not clear, story feels rushed""}",kkuznietsova,2025-11-10T11:42:54.806550
993,106,questions,"{""difficulty"": 1, ""completeness"": 1, ""correctness_of_responses"": 1, ""notes"": ""JSON values not visible, imo appropriate for at least 10 year olds, last question is a bit vague""}",kkuznietsova,2025-11-10T11:49:41.193462
994,199,questions,"{""difficulty"": 1, ""completeness"": 1, ""correctness_of_responses"": 1, ""notes"": ""Appropriate for at least 6 year olds""}",kkuznietsova,2025-11-10T11:52:54.444977
995,28,questions,"{""difficulty"": 1, ""completeness"": 1, ""correctness_of_responses"": 1, ""notes"": ""Appropriate for at least 7 year olds""}",kkuznietsova,2025-11-10T11:55:35.432535
996,137,theme,"{""theme_quality"": 0, ""theme_success"": 0, ""roleplaying"": 1, ""notes"": """"}",uroblek,2025-11-10T12:27:56.412398
997,270,theme,"{""theme_quality"": 0, ""theme_success"": 1, ""roleplaying"": 1, ""notes"": """"}",uroblek,2025-11-10T12:30:32.596713
998,254,theme,"{""theme_quality"": 0, ""theme_success"": 0, ""roleplaying"": 0, ""notes"": """"}",uroblek,2025-11-10T12:31:16.081488
999,123,theme,"{""theme_quality"": 0, ""theme_success"": 1, ""roleplaying"": 1, ""notes"": """"}",uroblek,2025-11-10T12:39:46.163711
1000,214,theme,"{""theme_quality"": 0, ""theme_success"": 0, ""roleplaying"": 1, ""notes"": """"}",uroblek,2025-11-10T12:41:12.493732
1001,129,theme,"{""theme_quality"": 0, ""theme_success"": 1, ""roleplaying"": 1, ""notes"": """"}",uroblek,2025-11-10T12:43:13.334980
1002,106,theme,"{""theme_quality"": 0, ""theme_success"": 1, ""roleplaying"": 1, ""notes"": """"}",uroblek,2025-11-10T13:00:10.387560
1003,67,theme,"{""theme_quality"": 0, ""theme_success"": 1, ""roleplaying"": 0, ""notes"": """"}",uroblek,2025-11-10T13:01:29.174239
1004,236,theme,"{""theme_quality"": 1, ""theme_success"": 1, ""roleplaying"": 1, ""notes"": """"}",uroblek,2025-11-10T13:02:37.577364
1005,271,theme,"{""theme_quality"": 0, ""theme_success"": 1, ""roleplaying"": 0, ""notes"": """"}",uroblek,2025-11-10T13:04:19.404006
1006,50,theme,"{""theme_quality"": 0, ""theme_success"": 1, ""roleplaying"": 0, ""notes"": """"}",uroblek,2025-11-10T13:05:17.921802
1007,57,theme,"{""theme_quality"": 0, ""theme_success"": 0, ""roleplaying"": 1, ""notes"": """"}",uroblek,2025-11-10T13:06:17.766282
1008,163,theme,"{""theme_quality"": 0, ""theme_success"": 0, ""roleplaying"": 1, ""notes"": """"}",uroblek,2025-11-10T13:07:06.344421
1009,238,theme,"{""theme_quality"": 0, ""theme_success"": 1, ""roleplaying"": 1, ""notes"": """"}",uroblek,2025-11-10T13:11:36.933207
1010,86,theme,"{""theme_quality"": 0, ""theme_success"": 1, ""roleplaying"": 0, ""notes"": """"}",uroblek,2025-11-10T13:12:58.675388
1011,252,theme,"{""theme_quality"": 0, ""theme_success"": 1, ""roleplaying"": 0, ""notes"": """"}",uroblek,2025-11-10T13:13:34.526968
1012,61,theme,"{""theme_quality"": 0, ""theme_success"": 1, ""roleplaying"": 1, ""notes"": """"}",uroblek,2025-11-10T13:14:48.075834
1013,124,theme,"{""theme_quality"": 0, ""theme_success"": 1, ""roleplaying"": 1, ""notes"": """"}",uroblek,2025-11-10T13:16:24.998591
1014,279,theme,"{""theme_quality"": 1, ""theme_success"": 1, ""roleplaying"": 1, ""notes"": """"}",uroblek,2025-11-10T13:18:16.081250
1015,77,story,"{""age_appropriateness"": 1, ""clarity"": 1, ""creativity"": 1, ""language"": 1, ""message"": 0, ""literature"": 0, ""notes"": """"}",thladnik,2025-11-10T13:18:47.491105
1016,234,story,"{""age_appropriateness"": 1, ""clarity"": 1, ""creativity"": 1, ""language"": 0, ""message"": 0, ""literature"": 0, ""notes"": """"}",thladnik,2025-11-10T13:20:13.157064
1017,273,story,"{""age_appropriateness"": 0, ""clarity"": 0, ""creativity"": 1, ""language"": 0, ""message"": 0, ""literature"": 0, ""notes"": """"}",thladnik,2025-11-10T13:21:34.460443
1018,110,story,"{""age_appropriateness"": 1, ""clarity"": 1, ""creativity"": 0, ""language"": 1, ""message"": 0, ""literature"": 0, ""notes"": """"}",thladnik,2025-11-10T13:22:40.068672
1019,139,story,"{""age_appropriateness"": 0, ""clarity"": 1, ""creativity"": 1, ""language"": 1, ""message"": 0, ""literature"": 0, ""notes"": ""the moral was clear, but no big event happened for the protagonist to have the chance of changing or learning it - to easy to believe it""}",thladnik,2025-11-10T13:24:58.992986
1020,116,theme,"{""theme_quality"": 0, ""theme_success"": 1, ""roleplaying"": 1, ""notes"": """"}",uroblek,2025-11-10T13:26:04.828517
1021,97,theme,"{""theme_quality"": 0, ""theme_success"": 0, ""roleplaying"": 1, ""notes"": """"}",uroblek,2025-11-10T13:26:25.732065
1022,239,story,"{""age_appropriateness"": 1, ""clarity"": 1, ""creativity"": 1, ""language"": 1, ""message"": 1, ""literature"": 0, ""notes"": """"}",thladnik,2025-11-10T13:26:38.411088
1023,201,story,"{""age_appropriateness"": 0, ""clarity"": 1, ""creativity"": 1, ""language"": 1, ""message"": 0, ""literature"": 0, ""notes"": ""too moralistic. otherwise cute""}",thladnik,2025-11-10T13:28:18.728909
1024,113,theme,"{""theme_quality"": 0, ""theme_success"": 1, ""roleplaying"": 1, ""notes"": """"}",uroblek,2025-11-10T13:29:04.236672
1025,75,theme,"{""theme_quality"": 0, ""theme_success"": 1, ""roleplaying"": 1, ""notes"": """"}",uroblek,2025-11-10T13:29:48.069936
1026,254,story,"{""age_appropriateness"": 1, ""clarity"": 0, ""creativity"": 1, ""language"": 0, ""message"": 1, ""literature"": 0, ""notes"": """"}",thladnik,2025-11-10T13:30:06.630899
1027,208,theme,"{""theme_quality"": 0, ""theme_success"": 1, ""roleplaying"": 0, ""notes"": """"}",uroblek,2025-11-10T13:30:16.426098
1028,197,theme,"{""theme_quality"": 1, ""theme_success"": 1, ""roleplaying"": 1, ""notes"": """"}",uroblek,2025-11-10T13:31:21.886040
1029,188,story,"{""age_appropriateness"": 1, ""clarity"": 1, ""creativity"": 0, ""language"": 1, ""message"": 1, ""literature"": 0, ""notes"": """"}",thladnik,2025-11-10T13:31:26.681509
1030,205,theme,"{""theme_quality"": 0, ""theme_success"": 1, ""roleplaying"": 0, ""notes"": """"}",uroblek,2025-11-10T13:32:59.853909
1031,117,story,"{""age_appropriateness"": 1, ""clarity"": 1, ""creativity"": 0, ""language"": 0, ""message"": 1, ""literature"": 0, ""notes"": """"}",thladnik,2025-11-10T13:33:00.764617
1032,102,story,"{""age_appropriateness"": 0, ""clarity"": 1, ""creativity"": 1, ""language"": 0, ""message"": 1, ""literature"": 0, ""notes"": """"}",thladnik,2025-11-10T13:34:33.796490
1033,46,theme,"{""theme_quality"": 0, ""theme_success"": 1, ""roleplaying"": 1, ""notes"": """"}",uroblek,2025-11-10T13:34:44.106087
1034,37,theme,"{""theme_quality"": 0, ""theme_success"": 1, ""roleplaying"": 1, ""notes"": """"}",uroblek,2025-11-10T13:36:47.967686
1035,40,story,"{""age_appropriateness"": 0, ""clarity"": 1, ""creativity"": 1, ""language"": 1, ""message"": 1, ""literature"": 0, ""notes"": """"}",thladnik,2025-11-10T13:36:59.259489
1036,201,theme,"{""theme_quality"": 0, ""theme_success"": 0, ""roleplaying"": 1, ""notes"": """"}",uroblek,2025-11-10T13:37:47.647031
1037,90,theme,"{""theme_quality"": 0, ""theme_success"": 1, ""roleplaying"": 0, ""notes"": """"}",uroblek,2025-11-10T13:38:30.587343
1038,52,story,"{""age_appropriateness"": 0, ""clarity"": 1, ""creativity"": 0, ""language"": 1, ""message"": 0, ""literature"": 0, ""notes"": ""boring to read""}",thladnik,2025-11-10T13:38:45.050488
1039,59,story,"{""age_appropriateness"": 0, ""clarity"": 1, ""creativity"": 1, ""language"": 0, ""message"": 0, ""literature"": 1, ""notes"": """"}",thladnik,2025-11-10T13:41:22.864050
1040,315,story,"{""age_appropriateness"": 1, ""clarity"": 1, ""creativity"": 1, ""language"": 1, ""message"": 1, ""literature"": 0, ""notes"": """"}",thladnik,2025-11-10T13:42:53.104471
1041,112,story,"{""age_appropriateness"": 1, ""clarity"": 1, ""creativity"": 0, ""language"": 1, ""message"": 1, ""literature"": 0, ""notes"": """"}",thladnik,2025-11-10T13:44:12.798319
1042,6,story,"{""age_appropriateness"": 1, ""clarity"": 1, ""creativity"": 1, ""language"": 1, ""message"": 0, ""literature"": 0, ""notes"": """"}",thladnik,2025-11-10T13:46:57.889964
1043,29,education,"{""education_quality"": 0, ""naturalness"": 1, ""correctness"": 1, ""notes"": """"}",uroblek,2025-11-10T13:48:06.107286
1044,196,story,"{""age_appropriateness"": 0, ""clarity"": 1, ""creativity"": 0, ""language"": 1, ""message"": 1, ""literature"": 0, ""notes"": """"}",thladnik,2025-11-10T13:48:20.460941
1045,116,story,"{""age_appropriateness"": 1, ""clarity"": 1, ""creativity"": 1, ""language"": 0, ""message"": 0, ""literature"": 0, ""notes"": """"}",thladnik,2025-11-10T13:49:42.006763
1046,224,story,"{""age_appropriateness"": 1, ""clarity"": 1, ""creativity"": 1, ""language"": 0, ""message"": 1, ""literature"": 0, ""notes"": """"}",thladnik,2025-11-10T13:51:17.561546
1047,23,education,"{""education_quality"": 0, ""naturalness"": 1, ""correctness"": 1, ""notes"": """"}",uroblek,2025-11-10T13:52:15.685645
1048,307,story,"{""age_appropriateness"": 1, ""clarity"": 0, ""creativity"": 0, ""language"": 0, ""message"": 0, ""literature"": 0, ""notes"": ""boring to read; no real conflict""}",thladnik,2025-11-10T13:52:57.946427
1049,317,story,"{""age_appropriateness"": 1, ""clarity"": 0, ""creativity"": 1, ""language"": 1, ""message"": 1, ""literature"": 0, ""notes"": """"}",thladnik,2025-11-10T13:54:24.407731
1050,92,education,"{""education_quality"": 0, ""naturalness"": 0, ""correctness"": 0, ""notes"": """"}",uroblek,2025-11-10T13:56:24.483656
1051,130,story,"{""age_appropriateness"": 0, ""clarity"": 1, ""creativity"": 1, ""language"": 0, ""message"": 0, ""literature"": 0, ""notes"": """"}",thladnik,2025-11-10T13:56:28.888512
1052,104,story,"{""age_appropriateness"": 1, ""clarity"": 1, ""creativity"": 0, ""language"": 1, ""message"": 0, ""literature"": 0, ""notes"": """"}",thladnik,2025-11-10T13:58:29.143492
1053,129,education,"{""education_quality"": 1, ""naturalness"": 1, ""correctness"": 1, ""notes"": """"}",uroblek,2025-11-10T13:58:35.726313
1054,79,education,"{""education_quality"": 0, ""naturalness"": 0, ""correctness"": 0, ""notes"": """"}",uroblek,2025-11-10T13:59:49.604585
1055,80,education,"{""education_quality"": 0, ""naturalness"": 1, ""correctness"": 1, ""notes"": """"}",uroblek,2025-11-10T14:00:20.166859
1056,146,education,"{""education_quality"": 0, ""naturalness"": 1, ""correctness"": 1, ""notes"": """"}",uroblek,2025-11-10T14:01:41.376719
1057,34,education,"{""education_quality"": 1, ""naturalness"": 1, ""correctness"": 1, ""notes"": """"}",uroblek,2025-11-10T14:03:45.191034
1058,135,education,"{""education_quality"": 0, ""naturalness"": 0, ""correctness"": 0, ""notes"": """"}",uroblek,2025-11-10T14:05:09.560972
1059,95,education,"{""education_quality"": 0, ""naturalness"": 1, ""correctness"": 1, ""notes"": """"}",uroblek,2025-11-10T14:07:54.437899
1060,21,education,"{""education_quality"": 0, ""naturalness"": 0, ""correctness"": 0, ""notes"": """"}",uroblek,2025-11-10T14:11:13.414925
1061,144,education,"{""education_quality"": 1, ""naturalness"": 1, ""correctness"": 1, ""notes"": """"}",uroblek,2025-11-10T14:13:25.196000
1062,1,education,"{""education_quality"": 0, ""naturalness"": 1, ""correctness"": 1, ""notes"": """"}",uroblek,2025-11-10T14:16:42.645537
1063,77,education,"{""education_quality"": 0, ""naturalness"": 0, ""correctness"": 0, ""notes"": """"}",uroblek,2025-11-10T14:18:35.536349
1064,198,education,"{""education_quality"": 0, ""naturalness"": 1, ""correctness"": 0, ""notes"": """"}",uroblek,2025-11-10T14:34:11.846070
1065,2,education,"{""education_quality"": 0, ""naturalness"": 0, ""correctness"": 1, ""notes"": """"}",uroblek,2025-11-10T14:34:37.876401
1066,50,education,"{""education_quality"": 1, ""naturalness"": 1, ""correctness"": 1, ""notes"": """"}",uroblek,2025-11-10T14:36:27.833361
1067,195,education,"{""education_quality"": 0, ""naturalness"": 0, ""correctness"": 0, ""notes"": """"}",uroblek,2025-11-10T14:37:46.820783
1068,121,education,"{""education_quality"": 0, ""naturalness"": 1, ""correctness"": 1, ""notes"": """"}",uroblek,2025-11-10T14:38:16.518935
1069,139,education,"{""education_quality"": 0, ""naturalness"": 1, ""correctness"": 1, ""notes"": """"}",uroblek,2025-11-10T14:41:43.542355
1070,183,education,"{""education_quality"": 0, ""naturalness"": 1, ""correctness"": 1, ""notes"": """"}",uroblek,2025-11-10T14:46:31.148212
1071,22,education,"{""education_quality"": 0, ""naturalness"": 1, ""correctness"": 0, ""notes"": """"}",uroblek,2025-11-10T14:48:06.908821
1072,88,education,"{""education_quality"": 1, ""naturalness"": 1, ""correctness"": 1, ""notes"": """"}",uroblek,2025-11-10T14:49:02.725165
1073,38,education,"{""education_quality"": 0, ""naturalness"": 1, ""correctness"": 1, ""notes"": """"}",uroblek,2025-11-10T14:50:39.429829
1074,145,education,"{""education_quality"": 0, ""naturalness"": 1, ""correctness"": 0, ""notes"": """"}",uroblek,2025-11-10T14:51:37.591483
1075,186,education,"{""education_quality"": 0, ""naturalness"": 0, ""correctness"": 0, ""notes"": """"}",uroblek,2025-11-10T14:54:35.868456
1076,131,education,"{""education_quality"": 0, ""naturalness"": 1, ""correctness"": 1, ""notes"": """"}",uroblek,2025-11-10T14:56:10.496016
1077,193,education,"{""education_quality"": 0, ""naturalness"": 1, ""correctness"": 1, ""notes"": """"}",uroblek,2025-11-10T14:56:43.932195
1078,75,education,"{""education_quality"": 0, ""naturalness"": 0, ""correctness"": 0, ""notes"": """"}",uroblek,2025-11-10T14:57:30.880045
1079,114,education,"{""education_quality"": 0, ""naturalness"": 0, ""correctness"": 1, ""notes"": """"}",uroblek,2025-11-10T14:58:37.406008
1080,10,education,"{""education_quality"": 0, ""naturalness"": 1, ""correctness"": 1, ""notes"": """"}",uroblek,2025-11-10T14:59:27.278064
1081,136,education,"{""education_quality"": 0, ""naturalness"": 1, ""correctness"": 1, ""notes"": """"}",uroblek,2025-11-10T15:01:32.036612
1082,69,education,"{""education_quality"": 0, ""naturalness"": 1, ""correctness"": 1, ""notes"": """"}",uroblek,2025-11-10T15:02:03.758057
1083,143,education,"{""education_quality"": 0, ""naturalness"": 1, ""correctness"": 1, ""notes"": """"}",uroblek,2025-11-10T17:32:36.317959
1084,49,education,"{""education_quality"": 0, ""naturalness"": 0, ""correctness"": 0, ""notes"": """"}",uroblek,2025-11-10T17:33:03.873686
1085,60,education,"{""education_quality"": 0, ""naturalness"": 0, ""correctness"": 1, ""notes"": """"}",uroblek,2025-11-10T17:35:56.289594
1086,45,education,"{""education_quality"": 0, ""naturalness"": 1, ""correctness"": 1, ""notes"": """"}",uroblek,2025-11-10T17:36:49.567413
1087,109,education,"{""education_quality"": 0, ""naturalness"": 0, ""correctness"": 1, ""notes"": """"}",uroblek,2025-11-10T17:37:55.660727
1088,96,education,"{""education_quality"": 0, ""naturalness"": 1, ""correctness"": 1, ""notes"": """"}",uroblek,2025-11-10T17:38:28.214473
1089,120,education,"{""education_quality"": 0, ""naturalness"": 0, ""correctness"": 1, ""notes"": """"}",uroblek,2025-11-10T17:39:32.322340
1090,18,questions,"{""difficulty"": 0, ""completeness"": 0, ""correctness_of_responses"": 1, ""notes"": """"}",uroblek,2025-11-10T17:49:03.848178
1091,168,questions,"{""difficulty"": 1, ""completeness"": 0, ""correctness_of_responses"": 1, ""notes"": """"}",uroblek,2025-11-10T17:56:18.741666
1092,161,questions,"{""difficulty"": 1, ""completeness"": 1, ""correctness_of_responses"": 1, ""notes"": """"}",uroblek,2025-11-10T17:59:58.498273
1093,202,story,"{""age_appropriateness"": 1, ""clarity"": 0, ""creativity"": 0, ""language"": 0, ""message"": 0, ""literature"": 0, ""notes"": """"}",thladnik,2025-11-10T18:02:06.954937
1094,91,questions,"{""difficulty"": 1, ""completeness"": 1, ""correctness_of_responses"": 1, ""notes"": """"}",uroblek,2025-11-10T18:32:34.565930
1095,264,story,"{""age_appropriateness"": 0, ""clarity"": 1, ""creativity"": 0, ""language"": 0, ""message"": 0, ""literature"": 0, ""notes"": """"}",thladnik,2025-11-10T18:38:06.520524
1096,148,story,"{""age_appropriateness"": 1, ""clarity"": 1, ""creativity"": 0, ""language"": 1, ""message"": 0, ""literature"": 0, ""notes"": """"}",thladnik,2025-11-10T18:47:46.378153
1097,294,story,"{""age_appropriateness"": 0, ""clarity"": 1, ""creativity"": 1, ""language"": 1, ""message"": 0, ""literature"": 0, ""notes"": """"}",thladnik,2025-11-10T18:49:22.143203
1098,198,story,"{""age_appropriateness"": 0, ""clarity"": 1, ""creativity"": 1, ""language"": 1, ""message"": 1, ""literature"": 0, ""notes"": """"}",thladnik,2025-11-10T18:50:20.483658
1099,111,story,"{""age_appropriateness"": 1, ""clarity"": 0, ""creativity"": 1, ""language"": 0, ""message"": 1, ""literature"": 0, ""notes"": """"}",thladnik,2025-11-10T18:51:28.735615
1100,126,questions,"{""difficulty"": 1, ""completeness"": 0, ""correctness_of_responses"": 0, ""notes"": """"}",uroblek,2025-11-10T18:53:02.235656
1101,266,story,"{""age_appropriateness"": 0, ""clarity"": 0, ""creativity"": 1, ""language"": 0, ""message"": 1, ""literature"": 0, ""notes"": """"}",thladnik,2025-11-10T18:55:27.602101
1102,73,story,"{""age_appropriateness"": 0, ""clarity"": 1, ""creativity"": 0, ""language"": 0, ""message"": 1, ""literature"": 0, ""notes"": """"}",thladnik,2025-11-10T18:55:53.561775
1103,141,story,"{""age_appropriateness"": 0, ""clarity"": 0, ""creativity"": 1, ""language"": 0, ""message"": 0, ""literature"": 0, ""notes"": ""weird""}",thladnik,2025-11-10T19:05:21.635972
1104,292,story,"{""age_appropriateness"": 1, ""clarity"": 0, ""creativity"": 0, ""language"": 1, ""message"": 0, ""literature"": 0, ""notes"": """"}",thladnik,2025-11-10T19:06:16.722085
1105,138,story,"{""age_appropriateness"": 0, ""clarity"": 0, ""creativity"": 1, ""language"": 1, ""message"": 1, ""literature"": 0, ""notes"": """"}",thladnik,2025-11-10T19:08:19.602209
1106,125,story,"{""age_appropriateness"": 0, ""clarity"": 1, ""creativity"": 1, ""language"": 1, ""message"": 0, ""literature"": 0, ""notes"": """"}",thladnik,2025-11-10T19:10:59.406146
1107,183,story,"{""age_appropriateness"": 1, ""clarity"": 0, ""creativity"": 1, ""language"": 1, ""message"": 1, ""literature"": 0, ""notes"": """"}",thladnik,2025-11-10T19:12:58.805430
1108,9,story,"{""age_appropriateness"": 1, ""clarity"": 0, ""creativity"": 1, ""language"": 1, ""message"": 1, ""literature"": 0, ""notes"": """"}",thladnik,2025-11-10T19:19:32.897900
1109,274,story,"{""age_appropriateness"": 1, ""clarity"": 0, ""creativity"": 1, ""language"": 0, ""message"": 1, ""literature"": 0, ""notes"": """"}",thladnik,2025-11-10T19:20:57.373319
1110,150,story,"{""age_appropriateness"": 1, ""clarity"": 0, ""creativity"": 1, ""language"": 1, ""message"": 0, ""literature"": 0, ""notes"": """"}",thladnik,2025-11-10T19:22:38.316808
1111,235,story,"{""age_appropriateness"": 1, ""clarity"": 0, ""creativity"": 0, ""language"": 1, ""message"": 0, ""literature"": 0, ""notes"": ""not original""}",thladnik,2025-11-10T19:23:55.845824
1112,108,story,"{""age_appropriateness"": 1, ""clarity"": 1, ""creativity"": 0, ""language"": 1, ""message"": 1, ""literature"": 0, ""notes"": """"}",thladnik,2025-11-10T19:25:19.533405
1113,37,story,"{""age_appropriateness"": 1, ""clarity"": 0, ""creativity"": 1, ""language"": 1, ""message"": 0, ""literature"": 0, ""notes"": ""i appreciate the \""jokes\"" (wondraland, mrs. papyrus)""}",thladnik,2025-11-10T19:27:05.751875
1114,206,story,"{""age_appropriateness"": 1, ""clarity"": 0, ""creativity"": 0, ""language"": 0, ""message"": 1, ""literature"": 0, ""notes"": ""some elements of the storry were not original""}",thladnik,2025-11-10T19:28:42.862676
1115,291,story,"{""age_appropriateness"": 1, ""clarity"": 1, ""creativity"": 1, ""language"": 1, ""message"": 0, ""literature"": 0, ""notes"": ""cute""}",thladnik,2025-11-10T19:32:03.084245
1116,231,story,"{""age_appropriateness"": 1, ""clarity"": 1, ""creativity"": 1, ""language"": 1, ""message"": 1, ""literature"": 0, ""notes"": """"}",thladnik,2025-11-10T19:34:31.641163
1117,107,theme,"{""theme_quality"": 1, ""theme_success"": 1, ""roleplaying"": 1, ""notes"": """"}",kkuznietsova,2025-11-10T19:35:43.194870
1118,222,story,"{""age_appropriateness"": 1, ""clarity"": 1, ""creativity"": 1, ""language"": 1, ""message"": 0, ""literature"": 1, ""notes"": ""lovely""}",thladnik,2025-11-10T19:35:49.779671
1119,213,story,"{""age_appropriateness"": 1, ""clarity"": 1, ""creativity"": 1, ""language"": 1, ""message"": 0, ""literature"": 0, ""notes"": """"}",thladnik,2025-11-10T19:38:23.625326
1120,176,theme,"{""theme_quality"": 0, ""theme_success"": 0, ""roleplaying"": 1, ""notes"": ""No mention of Luma in the first story, but then suddenly \u201cYou have the heart of a true Luma!\u201d and we don't know what it means.""}",kkuznietsova,2025-11-10T19:40:35.958909
1121,98,story,"{""age_appropriateness"": 1, ""clarity"": 1, ""creativity"": 1, ""language"": 1, ""message"": 1, ""literature"": 1, ""notes"": ""nice. very teenager-y""}",thladnik,2025-11-10T19:41:56.885688
1122,109,story,"{""age_appropriateness"": 1, ""clarity"": 0, ""creativity"": 0, ""language"": 0, ""message"": 0, ""literature"": 0, ""notes"": """"}",thladnik,2025-11-10T19:43:03.183233
1123,110,theme,"{""theme_quality"": 0, ""theme_success"": 1, ""roleplaying"": 1, ""notes"": ""Not entirely obvious how the words were pasted back into the book, and how they were stolen with crayons.""}",kkuznietsova,2025-11-10T19:43:20.741689
1124,109,theme,"{""theme_quality"": 0, ""theme_success"": 0, ""roleplaying"": 1, ""notes"": ""There is no exposition in the transformed story (No introduction of Shadow or explanation of their relationship with Whiskers) as there is in the original story. Feels more like a continuation of the original story.""}",kkuznietsova,2025-11-10T19:47:45.957025
1125,172,theme,"{""theme_quality"": 0, ""theme_success"": 1, ""roleplaying"": 1, ""notes"": ""Teaches recklessness rather than courage/uniqueness""}",kkuznietsova,2025-11-10T19:53:33.064656
1126,288,theme,"{""theme_quality"": 1, ""theme_success"": 1, ""roleplaying"": 0, ""notes"": """"}",thladnik,2025-11-10T19:56:11.526721
1127,55,theme,"{""theme_quality"": 0, ""theme_success"": 1, ""roleplaying"": 1, ""notes"": """"}",thladnik,2025-11-10T19:56:42.873276
1128,43,theme,"{""theme_quality"": 0, ""theme_success"": 1, ""roleplaying"": 1, ""notes"": ""Division into Chapters makes it feel like a summary of each""}",kkuznietsova,2025-11-10T19:57:58.812171
1129,55,theme,"{""theme_quality"": 0, ""theme_success"": 1, ""roleplaying"": 1, ""notes"": ""Cat behavior and roleplaying is funny, however lego tower descriptions are vague and confusing""}",kkuznietsova,2025-11-10T20:01:43.893551
1130,215,theme,"{""theme_quality"": 0, ""theme_success"": 0, ""roleplaying"": 1, ""notes"": """"}",thladnik,2025-11-10T20:02:38.303993
1131,193,questions,"{""difficulty"": 1, ""completeness"": 0, ""correctness_of_responses"": 1, ""notes"": """"}",uroblek,2025-11-10T20:06:59.400615
1132,123,theme,"{""theme_quality"": 0, ""theme_success"": 0, ""roleplaying"": 0, ""notes"": """"}",thladnik,2025-11-10T20:07:47.515409
1133,65,theme,"{""theme_quality"": 0, ""theme_success"": 0, ""roleplaying"": 0, ""notes"": """"}",thladnik,2025-11-10T20:10:24.290856
1134,216,theme,"{""theme_quality"": 1, ""theme_success"": 1, ""roleplaying"": 0, ""notes"": ""Percy doesn't have much influence on the story""}",kkuznietsova,2025-11-10T20:10:24.770161
1135,10,theme,"{""theme_quality"": 1, ""theme_success"": 1, ""roleplaying"": 1, ""notes"": ""Funny!""}",kkuznietsova,2025-11-10T20:13:19.600202
1136,8,questions,"{""difficulty"": 1, ""completeness"": 1, ""correctness_of_responses"": 1, ""notes"": """"}",uroblek,2025-11-10T20:14:05.417256
1137,203,questions,"{""difficulty"": 1, ""completeness"": 0, ""correctness_of_responses"": 1, ""notes"": """"}",uroblek,2025-11-10T20:14:52.940013
1138,205,theme,"{""theme_quality"": 1, ""theme_success"": 1, ""roleplaying"": 1, ""notes"": ""Engaging :)""}",kkuznietsova,2025-11-10T20:16:47.935828
1139,53,theme,"{""theme_quality"": 0, ""theme_success"": 1, ""roleplaying"": 1, ""notes"": ""Not awful, but feels a bit rushed (more of a book format plot), side characters from the original story are not introduced well (as if we're supposed to know about their existence already)""}",kkuznietsova,2025-11-10T20:23:02.609937
1140,116,questions,"{""difficulty"": 1, ""completeness"": 1, ""correctness_of_responses"": 1, ""notes"": """"}",uroblek,2025-11-10T20:39:28.342131
1141,77,questions,"{""difficulty"": 1, ""completeness"": 1, ""correctness_of_responses"": 1, ""notes"": """"}",uroblek,2025-11-10T20:42:38.549781
1142,144,questions,"{""difficulty"": 0, ""completeness"": 0, ""correctness_of_responses"": 0, ""notes"": """"}",uroblek,2025-11-10T20:43:10.767997
1143,9,questions,"{""difficulty"": 1, ""completeness"": 0, ""correctness_of_responses"": 1, ""notes"": """"}",uroblek,2025-11-10T20:45:10.441404
1144,74,questions,"{""difficulty"": 1, ""completeness"": 1, ""correctness_of_responses"": 1, ""notes"": """"}",uroblek,2025-11-10T20:46:02.125136
1145,86,questions,"{""difficulty"": 1, ""completeness"": 1, ""correctness_of_responses"": 1, ""notes"": """"}",uroblek,2025-11-10T20:47:30.786816
1146,180,questions,"{""difficulty"": 1, ""completeness"": 0, ""correctness_of_responses"": 1, ""notes"": """"}",uroblek,2025-11-10T20:49:03.426112
1147,188,questions,"{""difficulty"": 1, ""completeness"": 1, ""correctness_of_responses"": 1, ""notes"": """"}",uroblek,2025-11-10T20:50:22.916603
1148,191,questions,"{""difficulty"": 1, ""completeness"": 0, ""correctness_of_responses"": 1, ""notes"": """"}",uroblek,2025-11-10T20:56:08.702607
1149,20,questions,"{""difficulty"": 1, ""completeness"": 1, ""correctness_of_responses"": 1, ""notes"": """"}",uroblek,2025-11-10T21:01:18.243075
1150,121,questions,"{""difficulty"": 1, ""completeness"": 0, ""correctness_of_responses"": 1, ""notes"": """"}",uroblek,2025-11-10T21:32:23.992960
1151,154,questions,"{""difficulty"": 0, ""completeness"": 0, ""correctness_of_responses"": 0, ""notes"": """"}",uroblek,2025-11-10T21:32:59.824400
1152,182,questions,"{""difficulty"": 0, ""completeness"": 0, ""correctness_of_responses"": 1, ""notes"": """"}",uroblek,2025-11-10T21:35:57.128127
1153,115,questions,"{""difficulty"": 1, ""completeness"": 1, ""correctness_of_responses"": 1, ""notes"": """"}",uroblek,2025-11-10T21:38:08.542926
1154,76,questions,"{""difficulty"": 1, ""completeness"": 0, ""correctness_of_responses"": 0, ""notes"": """"}",uroblek,2025-11-10T21:40:04.378113
1155,39,questions,"{""difficulty"": 1, ""completeness"": 0, ""correctness_of_responses"": 0, ""notes"": """"}",uroblek,2025-11-10T21:45:29.238070
1156,34,questions,"{""difficulty"": 1, ""completeness"": 1, ""correctness_of_responses"": 1, ""notes"": """"}",uroblek,2025-11-10T21:46:33.654795
1157,21,questions,"{""difficulty"": 1, ""completeness"": 0, ""correctness_of_responses"": 0, ""notes"": """"}",uroblek,2025-11-10T21:47:20.001123
1158,53,questions,"{""difficulty"": 1, ""completeness"": 1, ""correctness_of_responses"": 1, ""notes"": """"}",uroblek,2025-11-10T21:48:33.074997
1159,7,questions,"{""difficulty"": 0, ""completeness"": 0, ""correctness_of_responses"": 0, ""notes"": """"}",uroblek,2025-11-10T22:01:36.783076
1160,81,questions,"{""difficulty"": 1, ""completeness"": 1, ""correctness_of_responses"": 1, ""notes"": """"}",uroblek,2025-11-10T22:03:38.675269
1161,36,questions,"{""difficulty"": 1, ""completeness"": 1, ""correctness_of_responses"": 1, ""notes"": """"}",uroblek,2025-11-10T22:05:34.752808
1162,47,questions,"{""difficulty"": 1, ""completeness"": 0, ""correctness_of_responses"": 1, ""notes"": """"}",uroblek,2025-11-10T22:07:29.409655
1163,35,questions,"{""difficulty"": 1, ""completeness"": 0, ""correctness_of_responses"": 1, ""notes"": """"}",uroblek,2025-11-10T22:10:20.868199
1164,130,questions,"{""difficulty"": 0, ""completeness"": 0, ""correctness_of_responses"": 0, ""notes"": """"}",uroblek,2025-11-10T22:11:12.243730
1165,26,questions,"{""difficulty"": 1, ""completeness"": 0, ""correctness_of_responses"": 1, ""notes"": """"}",uroblek,2025-11-10T22:13:35.772097
1166,38,questions,"{""difficulty"": 1, ""completeness"": 1, ""correctness_of_responses"": 1, ""notes"": """"}",uroblek,2025-11-10T22:15:09.336542
1167,117,questions,"{""difficulty"": 1, ""completeness"": 0, ""correctness_of_responses"": 0, ""notes"": """"}",uroblek,2025-11-10T22:16:00.167770
1168,156,questions,"{""difficulty"": 1, ""completeness"": 1, ""correctness_of_responses"": 1, ""notes"": """"}",uroblek,2025-11-10T22:19:51.432870
1169,48,questions,"{""difficulty"": 1, ""completeness"": 1, ""correctness_of_responses"": 1, ""notes"": """"}",uroblek,2025-11-10T22:21:58.823612
1170,61,questions,"{""difficulty"": 1, ""completeness"": 1, ""correctness_of_responses"": 1, ""notes"": """"}",uroblek,2025-11-10T22:24:48.735414
1171,128,questions,"{""difficulty"": 1, ""completeness"": 0, ""correctness_of_responses"": 1, ""notes"": """"}",uroblek,2025-11-10T22:25:35.769988
1172,107,theme,"{""theme_quality"": 0, ""theme_success"": 1, ""roleplaying"": 1, ""notes"": """"}",thladnik,2025-11-11T07:10:49.745016
1173,169,theme,"{""theme_quality"": 0, ""theme_success"": 0, ""roleplaying"": 1, ""notes"": """"}",thladnik,2025-11-11T07:12:16.976512
1174,1,theme,"{""theme_quality"": 1, ""theme_success"": 1, ""roleplaying"": 1, ""notes"": """"}",thladnik,2025-11-11T07:14:12.018475
1175,274,theme,"{""theme_quality"": 0, ""theme_success"": 1, ""roleplaying"": 1, ""notes"": """"}",thladnik,2025-11-11T07:14:53.726033
1176,301,theme,"{""theme_quality"": 1, ""theme_success"": 1, ""roleplaying"": 1, ""notes"": """"}",thladnik,2025-11-11T07:16:03.710464
1177,196,theme,"{""theme_quality"": 1, ""theme_success"": 0, ""roleplaying"": 0, ""notes"": """"}",thladnik,2025-11-11T07:16:47.890074
1178,242,theme,"{""theme_quality"": 1, ""theme_success"": 1, ""roleplaying"": 1, ""notes"": """"}",thladnik,2025-11-11T07:17:43.795319
1179,202,theme,"{""theme_quality"": 0, ""theme_success"": 1, ""roleplaying"": 1, ""notes"": """"}",thladnik,2025-11-11T07:19:38.002131
1180,278,theme,"{""theme_quality"": 1, ""theme_success"": 1, ""roleplaying"": 1, ""notes"": """"}",thladnik,2025-11-11T07:20:43.559262
1181,48,theme,"{""theme_quality"": 0, ""theme_success"": 1, ""roleplaying"": 1, ""notes"": """"}",thladnik,2025-11-11T07:22:02.140802
1182,170,theme,"{""theme_quality"": 1, ""theme_success"": 1, ""roleplaying"": 0, ""notes"": """"}",thladnik,2025-11-11T07:23:03.463854
1183,298,theme,"{""theme_quality"": 1, ""theme_success"": 0, ""roleplaying"": 0, ""notes"": """"}",thladnik,2025-11-11T07:24:50.051603
1184,318,theme,"{""theme_quality"": 0, ""theme_success"": 0, ""roleplaying"": 0, ""notes"": ""theme original story is prompt. cannot evaluate correctly""}",thladnik,2025-11-11T07:25:28.926956
1185,73,theme,"{""theme_quality"": 0, ""theme_success"": 0, ""roleplaying"": 1, ""notes"": """"}",thladnik,2025-11-11T07:26:41.538752
1186,315,theme,"{""theme_quality"": 1, ""theme_success"": 0, ""roleplaying"": 0, ""notes"": """"}",thladnik,2025-11-11T07:28:33.281423
1187,297,theme,"{""theme_quality"": 0, ""theme_success"": 0, ""roleplaying"": 0, ""notes"": """"}",thladnik,2025-11-11T07:30:34.517841
1188,133,theme,"{""theme_quality"": 1, ""theme_success"": 0, ""roleplaying"": 0, ""notes"": """"}",thladnik,2025-11-11T07:31:29.010199
1189,276,theme,"{""theme_quality"": 0, ""theme_success"": 1, ""roleplaying"": 1, ""notes"": """"}",thladnik,2025-11-11T07:33:09.191948
1190,175,theme,"{""theme_quality"": 0, ""theme_success"": 1, ""roleplaying"": 0, ""notes"": """"}",thladnik,2025-11-11T07:34:58.645171
1191,251,theme,"{""theme_quality"": 1, ""theme_success"": 0, ""roleplaying"": 0, ""notes"": """"}",thladnik,2025-11-11T07:37:49.470520
1192,231,theme,"{""theme_quality"": 1, ""theme_success"": 0, ""roleplaying"": 0, ""notes"": """"}",thladnik,2025-11-11T07:39:36.015754
1193,132,theme,"{""theme_quality"": 0, ""theme_success"": 1, ""roleplaying"": 0, ""notes"": """"}",thladnik,2025-11-11T07:40:17.413456
1194,296,theme,"{""theme_quality"": 1, ""theme_success"": 1, ""roleplaying"": 1, ""notes"": """"}",thladnik,2025-11-11T07:41:34.200165
1195,51,theme,"{""theme_quality"": 0, ""theme_success"": 1, ""roleplaying"": 0, ""notes"": """"}",thladnik,2025-11-11T07:43:19.160580
1196,29,theme,"{""theme_quality"": 0, ""theme_success"": 1, ""roleplaying"": 0, ""notes"": """"}",thladnik,2025-11-11T07:45:41.643479
1197,223,theme,"{""theme_quality"": 0, ""theme_success"": 0, ""roleplaying"": 1, ""notes"": """"}",thladnik,2025-11-11T07:47:18.524102
1198,221,theme,"{""theme_quality"": 1, ""theme_success"": 1, ""roleplaying"": 0, ""notes"": """"}",thladnik,2025-11-11T07:47:54.360748
1199,214,theme,"{""theme_quality"": 0, ""theme_success"": 0, ""roleplaying"": 1, ""notes"": """"}",thladnik,2025-11-11T07:50:18.341746
1200,13,theme,"{""theme_quality"": 0, ""theme_success"": 0, ""roleplaying"": 1, ""notes"": ""theme result is a mess(?)""}",thladnik,2025-11-11T07:52:58.514681
1201,287,theme,"{""theme_quality"": 1, ""theme_success"": 1, ""roleplaying"": 0, ""notes"": """"}",thladnik,2025-11-11T08:15:51.514064
1202,299,theme,"{""theme_quality"": 0, ""theme_success"": 0, ""roleplaying"": 0, ""notes"": """"}",thladnik,2025-11-11T08:17:37.900617
1203,305,theme,"{""theme_quality"": 0, ""theme_success"": 0, ""roleplaying"": 0, ""notes"": ""same story""}",thladnik,2025-11-11T08:18:45.723451
1204,172,theme,"{""theme_quality"": 1, ""theme_success"": 0, ""roleplaying"": 1, ""notes"": """"}",thladnik,2025-11-11T08:20:12.362939
1205,177,theme,"{""theme_quality"": 1, ""theme_success"": 1, ""roleplaying"": 1, ""notes"": """"}",thladnik,2025-11-11T08:21:32.726257
1206,54,theme,"{""theme_quality"": 1, ""theme_success"": 1, ""roleplaying"": 1, ""notes"": """"}",jkrajtl,2025-11-11T10:03:20.145559
1207,104,theme,"{""theme_quality"": 1, ""theme_success"": 1, ""roleplaying"": 1, ""notes"": """"}",jkrajtl,2025-11-11T10:06:54.718731
1208,245,theme,"{""theme_quality"": 1, ""theme_success"": 1, ""roleplaying"": 1, ""notes"": """"}",jkrajtl,2025-11-11T10:09:26.495107
1209,220,theme,"{""theme_quality"": 1, ""theme_success"": 1, ""roleplaying"": 0, ""notes"": """"}",jkrajtl,2025-11-11T10:13:50.110889
1210,121,theme,"{""theme_quality"": 1, ""theme_success"": 1, ""roleplaying"": 1, ""notes"": """"}",jkrajtl,2025-11-11T10:17:31.730944
1211,295,theme,"{""theme_quality"": 1, ""theme_success"": 0, ""roleplaying"": 1, ""notes"": """"}",jkrajtl,2025-11-11T10:23:28.515896
1212,83,theme,"{""theme_quality"": 0, ""theme_success"": 0, ""roleplaying"": 0, ""notes"": ""same story, minimal changes""}",thladnik,2025-11-11T10:51:19.551178
1213,292,theme,"{""theme_quality"": 1, ""theme_success"": 1, ""roleplaying"": 0, ""notes"": """"}",thladnik,2025-11-11T10:52:54.978076
1214,246,theme,"{""theme_quality"": 0, ""theme_success"": 0, ""roleplaying"": 1, ""notes"": ""same story basically""}",thladnik,2025-11-11T10:54:15.158497
1215,128,theme,"{""theme_quality"": 1, ""theme_success"": 1, ""roleplaying"": 0, ""notes"": """"}",thladnik,2025-11-11T10:56:43.116354
1216,265,theme,"{""theme_quality"": 0, ""theme_success"": 1, ""roleplaying"": 0, ""notes"": """"}",thladnik,2025-11-11T10:57:26.262379
1217,95,theme,"{""theme_quality"": 0, ""theme_success"": 0, ""roleplaying"": 1, ""notes"": ""not much changed""}",thladnik,2025-11-11T10:59:24.012962
1218,129,theme,"{""theme_quality"": 1, ""theme_success"": 1, ""roleplaying"": 1, ""notes"": ""probably better than the original""}",thladnik,2025-11-11T11:03:34.392595
1219,194,theme,"{""theme_quality"": 1, ""theme_success"": 1, ""roleplaying"": 1, ""notes"": """"}",thladnik,2025-11-11T11:04:46.216896
1220,207,theme,"{""theme_quality"": 0, ""theme_success"": 0, ""roleplaying"": 0, ""notes"": """"}",thladnik,2025-11-11T11:05:51.450286
1221,201,theme,"{""theme_quality"": 1, ""theme_success"": 1, ""roleplaying"": 1, ""notes"": """"}",thladnik,2025-11-11T11:08:28.530298
1222,256,theme,"{""theme_quality"": 0, ""theme_success"": 0, ""roleplaying"": 1, ""notes"": """"}",thladnik,2025-11-11T11:09:15.423865
1223,247,theme,"{""theme_quality"": 0, ""theme_success"": 0, ""roleplaying"": 0, ""notes"": ""same story""}",thladnik,2025-11-11T11:11:17.244010
1224,206,theme,"{""theme_quality"": 1, ""theme_success"": 1, ""roleplaying"": 1, ""notes"": ""very nice""}",thladnik,2025-11-11T11:13:30.381854
1225,124,theme,"{""theme_quality"": 1, ""theme_success"": 0, ""roleplaying"": 1, ""notes"": ""totally different story""}",thladnik,2025-11-11T11:15:59.701085
1226,283,theme,"{""theme_quality"": 1, ""theme_success"": 1, ""roleplaying"": 1, ""notes"": """"}",thladnik,2025-11-11T11:16:58.727457
1227,262,theme,"{""theme_quality"": 0, ""theme_success"": 1, ""roleplaying"": 1, ""notes"": ""yes but unreadable""}",thladnik,2025-11-11T11:18:40.482282
1228,180,theme,"{""theme_quality"": 1, ""theme_success"": 1, ""roleplaying"": 1, ""notes"": """"}",thladnik,2025-11-11T11:20:52.986472
1229,58,theme,"{""theme_quality"": 0, ""theme_success"": 1, ""roleplaying"": 1, ""notes"": """"}",thladnik,2025-11-11T11:22:25.507051
1230,263,theme,"{""theme_quality"": 0, ""theme_success"": 0, ""roleplaying"": 1, ""notes"": """"}",thladnik,2025-11-11T11:24:14.227918
1231,92,theme,"{""theme_quality"": 1, ""theme_success"": 1, ""roleplaying"": 0, ""notes"": """"}",thladnik,2025-11-11T11:27:32.592630
1232,105,theme,"{""theme_quality"": 0, ""theme_success"": 1, ""roleplaying"": 0, ""notes"": """"}",thladnik,2025-11-11T11:28:31.797476
1233,39,education,"{""education_quality"": 0, ""naturalness"": 1, ""correctness"": 0, ""notes"": """"}",thladnik,2025-11-11T13:04:49.351484
1234,65,story,"{""age_appropriateness"": 1, ""clarity"": 1, ""creativity"": 1, ""language"": 1, ""message"": 1, ""literature"": 1, ""notes"": """"}",kkuznietsova,2025-11-11T13:07:53.500918
1235,211,education,"{""education_quality"": 0, ""naturalness"": 0, ""correctness"": 0, ""notes"": ""no facts were included. pearls dont swim (rather the shell does, but thats different).""}",thladnik,2025-11-11T13:09:46.184887
1236,32,education,"{""education_quality"": 0, ""naturalness"": 0, ""correctness"": 1, ""notes"": ""kinda correct""}",thladnik,2025-11-11T13:13:06.021119
1237,122,education,"{""education_quality"": 0, ""naturalness"": 0, ""correctness"": 1, ""notes"": """"}",thladnik,2025-11-11T13:14:27.653732
1238,72,education,"{""education_quality"": 0, ""naturalness"": 0, ""correctness"": 0, ""notes"": """"}",thladnik,2025-11-11T13:15:02.655510
1239,50,education,"{""education_quality"": 0, ""naturalness"": 0, ""correctness"": 1, ""notes"": ""not all facts were correct, they were simplified""}",thladnik,2025-11-11T13:17:11.396131
1240,148,education,"{""education_quality"": 0, ""naturalness"": 0, ""correctness"": 1, ""notes"": """"}",thladnik,2025-11-11T13:19:36.066170
1241,160,education,"{""education_quality"": 0, ""naturalness"": 0, ""correctness"": 0, ""notes"": ""no real facts included""}",thladnik,2025-11-11T13:20:32.017931
1242,92,education,"{""education_quality"": 0, ""naturalness"": 0, ""correctness"": 0, ""notes"": ""no real facts learnt""}",thladnik,2025-11-11T13:21:09.437104
1243,166,education,"{""education_quality"": 0, ""naturalness"": 1, ""correctness"": 1, ""notes"": """"}",thladnik,2025-11-11T13:23:30.185188
1244,24,education,"{""education_quality"": 0, ""naturalness"": 1, ""correctness"": 0, ""notes"": """"}",thladnik,2025-11-11T13:33:10.721529
1245,98,education,"{""education_quality"": 1, ""naturalness"": 1, ""correctness"": 0, ""notes"": """"}",thladnik,2025-11-11T13:37:30.885210
1246,308,theme,"{""theme_quality"": 1, ""theme_success"": 1, ""roleplaying"": 1, ""notes"": """"}",jkrajtl,2025-11-11T13:41:13.390042
1247,184,theme,"{""theme_quality"": 1, ""theme_success"": 1, ""roleplaying"": 1, ""notes"": """"}",jkrajtl,2025-11-11T13:53:55.860663
1248,162,theme,"{""theme_quality"": 0, ""theme_success"": 1, ""roleplaying"": 1, ""notes"": """"}",jkrajtl,2025-11-11T13:56:40.381977
1249,8,education,"{""education_quality"": 1, ""naturalness"": 0, ""correctness"": 1, ""notes"": """"}",thladnik,2025-11-11T14:03:18.114539
1250,307,theme,"{""theme_quality"": 1, ""theme_success"": 0, ""roleplaying"": 1, ""notes"": """"}",jkrajtl,2025-11-11T14:14:11.149023
1251,191,education,"{""education_quality"": 1, ""naturalness"": 1, ""correctness"": 0, ""notes"": """"}",thladnik,2025-11-11T14:26:00.090309
1252,84,education,"{""education_quality"": 1, ""naturalness"": 1, ""correctness"": 0, ""notes"": ""nice beginning; it has potential to teach about different time measuring systems""}",thladnik,2025-11-11T14:27:58.250742
1253,88,education,"{""education_quality"": 1, ""naturalness"": 1, ""correctness"": 0, ""notes"": ""okay, but you cannot just \""seal\"" the waste pipe..doesnt seem like solving the issue""}",thladnik,2025-11-11T14:29:46.389542
1254,198,education,"{""education_quality"": 0, ""naturalness"": 1, ""correctness"": 0, ""notes"": """"}",thladnik,2025-11-11T14:30:35.682361
1255,74,education,"{""education_quality"": 1, ""naturalness"": 1, ""correctness"": 0, ""notes"": ""nice idea""}",thladnik,2025-11-11T14:31:59.763202
1256,19,education,"{""education_quality"": 1, ""naturalness"": 1, ""correctness"": 1, ""notes"": ""lovely. could be more nuanced""}",thladnik,2025-11-11T14:34:04.607625
1257,68,education,"{""education_quality"": 1, ""naturalness"": 1, ""correctness"": 1, ""notes"": """"}",thladnik,2025-11-11T14:34:36.523292
1258,183,education,"{""education_quality"": 1, ""naturalness"": 0, ""correctness"": 1, ""notes"": ""obviously a robot wrote this. kinda cute though""}",thladnik,2025-11-11T14:35:53.904638
1259,179,education,"{""education_quality"": 1, ""naturalness"": 0, ""correctness"": 1, ""notes"": """"}",thladnik,2025-11-11T14:36:19.438848
1260,139,education,"{""education_quality"": 1, ""naturalness"": 1, ""correctness"": 0, ""notes"": """"}",thladnik,2025-11-11T14:37:35.762518
1261,146,education,"{""education_quality"": 1, ""naturalness"": 0, ""correctness"": 0, ""notes"": ""tesla? polemic""}",thladnik,2025-11-11T14:39:54.322287
1262,79,education,"{""education_quality"": 1, ""naturalness"": 1, ""correctness"": 1, ""notes"": """"}",thladnik,2025-11-11T14:40:54.939020
1263,126,education,"{""education_quality"": 1, ""naturalness"": 1, ""correctness"": 1, ""notes"": ""lovely""}",thladnik,2025-11-11T14:41:36.432753
1264,45,story,"{""age_appropriateness"": 1, ""clarity"": 1, ""creativity"": 1, ""language"": 1, ""message"": 1, ""literature"": 1, ""notes"": """"}",kkuznietsova,2025-11-11T14:42:48.847384
1265,91,education,"{""education_quality"": 1, ""naturalness"": 0, ""correctness"": 0, ""notes"": """"}",thladnik,2025-11-11T14:43:15.368230
1266,161,education,"{""education_quality"": 1, ""naturalness"": 0, ""correctness"": 1, ""notes"": """"}",thladnik,2025-11-11T14:54:40.283795
1267,197,education,"{""education_quality"": 1, ""naturalness"": 1, ""correctness"": 1, ""notes"": """"}",thladnik,2025-11-11T14:57:18.017512
1268,190,education,"{""education_quality"": 0, ""naturalness"": 0, ""correctness"": 0, ""notes"": ""no""}",thladnik,2025-11-11T14:58:22.834101
1269,35,education,"{""education_quality"": 0, ""naturalness"": 0, ""correctness"": 1, ""notes"": """"}",thladnik,2025-11-11T14:58:34.772181
1270,46,education,"{""education_quality"": 1, ""naturalness"": 1, ""correctness"": 1, ""notes"": ""love it, great and very original topic choice""}",thladnik,2025-11-11T14:59:16.579787
1271,140,education,"{""education_quality"": 1, ""naturalness"": 1, ""correctness"": 1, ""notes"": """"}",thladnik,2025-11-11T15:00:25.589060
1272,173,education,"{""education_quality"": 0, ""naturalness"": 0, ""correctness"": 0, ""notes"": ""confusing format, hard to read without paragraphs. what is the lesson?""}",thladnik,2025-11-11T15:01:52.200808
1273,18,education,"{""education_quality"": 1, ""naturalness"": 1, ""correctness"": 0, ""notes"": ""love the mountain goats""}",thladnik,2025-11-11T15:02:26.349327
1274,7,education,"{""education_quality"": 0, ""naturalness"": 1, ""correctness"": 0, ""notes"": ""no real info on the topic""}",thladnik,2025-11-11T15:03:24.209036
1275,155,education,"{""education_quality"": 0, ""naturalness"": 0, ""correctness"": 0, ""notes"": """"}",thladnik,2025-11-11T15:04:13.471884
1276,62,education,"{""education_quality"": 0, ""naturalness"": 1, ""correctness"": 0, ""notes"": """"}",thladnik,2025-11-11T15:05:34.800398
1277,56,education,"{""education_quality"": 1, ""naturalness"": 1, ""correctness"": 1, ""notes"": ""scarry. love it""}",thladnik,2025-11-11T15:07:17.742454
1278,81,education,"{""education_quality"": 0, ""naturalness"": 1, ""correctness"": 0, ""notes"": ""probably false info""}",thladnik,2025-11-11T15:08:49.414740
1279,58,questions,"{""difficulty"": 1, ""completeness"": 1, ""correctness_of_responses"": 1, ""notes"": ""good""}",thladnik,2025-11-11T15:10:08.186219
1280,97,questions,"{""difficulty"": 1, ""completeness"": 1, ""correctness_of_responses"": 1, ""notes"": """"}",thladnik,2025-11-11T15:11:43.010507
1281,305,story,"{""age_appropriateness"": 0, ""clarity"": 1, ""creativity"": 0, ""language"": 1, ""message"": 1, ""literature"": 0, ""notes"": """"}",vdurn,2025-11-11T15:13:00.718512
1282,70,questions,"{""difficulty"": 1, ""completeness"": 1, ""correctness_of_responses"": 0, ""notes"": ""answer to 3rd question is wrong (it's a myth, a misconception)""}",thladnik,2025-11-11T15:13:28.211742
1283,26,questions,"{""difficulty"": 1, ""completeness"": 1, ""correctness_of_responses"": 0, ""notes"": ""weeds are a misconception and a human-made arbitrary concept that show our shallow understanding""}",thladnik,2025-11-11T15:14:21.431221
1284,69,questions,"{""difficulty"": 1, ""completeness"": 1, ""correctness_of_responses"": 1, ""notes"": """"}",thladnik,2025-11-11T15:15:21.400475
1285,252,story,"{""age_appropriateness"": 1, ""clarity"": 1, ""creativity"": 0, ""language"": 0, ""message"": 1, ""literature"": 0, ""notes"": """"}",vdurn,2025-11-11T15:15:38.891567
1286,59,questions,"{""difficulty"": 1, ""completeness"": 1, ""correctness_of_responses"": 0, ""notes"": ""3rd question is debatable""}",thladnik,2025-11-11T15:15:56.579040
1287,12,questions,"{""difficulty"": 1, ""completeness"": 1, ""correctness_of_responses"": 1, ""notes"": ""kinda correct""}",thladnik,2025-11-11T15:16:37.832344
1288,181,questions,"{""difficulty"": 0, ""completeness"": 1, ""correctness_of_responses"": 0, ""notes"": """"}",thladnik,2025-11-11T15:17:06.668470
1289,207,questions,"{""difficulty"": 0, ""completeness"": 0, ""correctness_of_responses"": 0, ""notes"": ""the questions were a bit useless""}",thladnik,2025-11-11T15:17:39.742544
1290,199,questions,"{""difficulty"": 0, ""completeness"": 1, ""correctness_of_responses"": 1, ""notes"": """"}",thladnik,2025-11-11T15:17:58.951087
1291,194,questions,"{""difficulty"": 1, ""completeness"": 1, ""correctness_of_responses"": 1, ""notes"": """"}",thladnik,2025-11-11T15:18:16.033502
1292,315,story,"{""age_appropriateness"": 0, ""clarity"": 1, ""creativity"": 0, ""language"": 1, ""message"": 1, ""literature"": 0, ""notes"": """"}",vdurn,2025-11-11T15:18:16.526213
1293,37,questions,"{""difficulty"": 1, ""completeness"": 1, ""correctness_of_responses"": 0, ""notes"": ""not sure about corectness of answers; they avoid something and dont tell the whole story""}",thladnik,2025-11-11T15:20:08.448806
1294,189,story,"{""age_appropriateness"": 1, ""clarity"": 0, ""creativity"": 0, ""language"": 1, ""message"": 1, ""literature"": 0, ""notes"": """"}",vdurn,2025-11-11T15:20:54.930026
1295,27,questions,"{""difficulty"": 1, ""completeness"": 1, ""correctness_of_responses"": 1, ""notes"": """"}",thladnik,2025-11-11T15:21:05.519797
1296,34,questions,"{""difficulty"": 1, ""completeness"": 1, ""correctness_of_responses"": 0, ""notes"": ""are solar panels energy *source*?""}",thladnik,2025-11-11T15:22:05.379833
1297,92,questions,"{""difficulty"": 1, ""completeness"": 1, ""correctness_of_responses"": 0, ""notes"": """"}",thladnik,2025-11-11T15:22:33.172947
1298,236,story,"{""age_appropriateness"": 1, ""clarity"": 0, ""creativity"": 1, ""language"": 1, ""message"": 1, ""literature"": 0, ""notes"": """"}",vdurn,2025-11-11T15:22:42.755908
1299,43,questions,"{""difficulty"": 0, ""completeness"": 1, ""correctness_of_responses"": 1, ""notes"": """"}",thladnik,2025-11-11T15:22:45.912858
1300,272,story,"{""age_appropriateness"": 0, ""clarity"": 0, ""creativity"": 0, ""language"": 0, ""message"": 0, ""literature"": 0, ""notes"": """"}",vdurn,2025-11-11T15:25:03.930321
1301,88,questions,"{""difficulty"": 0, ""completeness"": 1, ""correctness_of_responses"": 0, ""notes"": """"}",thladnik,2025-11-11T15:25:08.497081
1302,105,questions,"{""difficulty"": 1, ""completeness"": 1, ""correctness_of_responses"": 1, ""notes"": """"}",thladnik,2025-11-11T15:25:35.806573
1303,150,questions,"{""difficulty"": 1, ""completeness"": 1, ""correctness_of_responses"": 1, ""notes"": """"}",thladnik,2025-11-11T15:26:13.953727
1304,72,questions,"{""difficulty"": 0, ""completeness"": 1, ""correctness_of_responses"": 1, ""notes"": """"}",thladnik,2025-11-11T15:26:36.605356
1305,96,questions,"{""difficulty"": 1, ""completeness"": 1, ""correctness_of_responses"": 1, ""notes"": """"}",thladnik,2025-11-11T15:27:05.934543
1306,209,story,"{""age_appropriateness"": 1, ""clarity"": 1, ""creativity"": 0, ""language"": 1, ""message"": 1, ""literature"": 0, ""notes"": """"}",vdurn,2025-11-11T15:27:19.397495
1307,40,questions,"{""difficulty"": 0, ""completeness"": 1, ""correctness_of_responses"": 0, ""notes"": """"}",thladnik,2025-11-11T15:28:13.023751
1308,334,story,"{""age_appropriateness"": 0, ""clarity"": 0, ""creativity"": 0, ""language"": 0, ""message"": 0, ""literature"": 0, ""notes"": """"}",vdurn,2025-11-11T15:28:20.866810
1309,132,questions,"{""difficulty"": 1, ""completeness"": 1, ""correctness_of_responses"": 1, ""notes"": """"}",thladnik,2025-11-11T15:28:36.534548
1310,162,story,"{""age_appropriateness"": 0, ""clarity"": 0, ""creativity"": 0, ""language"": 0, ""message"": 0, ""literature"": 0, ""notes"": """"}",vdurn,2025-11-11T15:28:57.956804
1311,80,questions,"{""difficulty"": 1, ""completeness"": 1, ""correctness_of_responses"": 1, ""notes"": """"}",thladnik,2025-11-11T15:28:58.414161
1312,184,questions,"{""difficulty"": 0, ""completeness"": 1, ""correctness_of_responses"": 0, ""notes"": """"}",thladnik,2025-11-11T15:29:15.238195
1313,79,questions,"{""difficulty"": 1, ""completeness"": 1, ""correctness_of_responses"": 1, ""notes"": """"}",thladnik,2025-11-11T15:29:35.834627
1314,95,questions,"{""difficulty"": 0, ""completeness"": 1, ""correctness_of_responses"": 0, ""notes"": """"}",thladnik,2025-11-11T15:30:01.066832
1315,303,story,"{""age_appropriateness"": 0, ""clarity"": 0, ""creativity"": 1, ""language"": 0, ""message"": 0, ""literature"": 0, ""notes"": """"}",vdurn,2025-11-11T15:31:17.770795
1316,8,questions,"{""difficulty"": 0, ""completeness"": 1, ""correctness_of_responses"": 1, ""notes"": """"}",thladnik,2025-11-11T15:31:30.040160
1317,53,questions,"{""difficulty"": 1, ""completeness"": 1, ""correctness_of_responses"": 0, ""notes"": ""plants on moon..""}",thladnik,2025-11-11T15:32:10.744060
1318,19,questions,"{""difficulty"": 0, ""completeness"": 1, ""correctness_of_responses"": 1, ""notes"": """"}",thladnik,2025-11-11T15:32:27.672831
1319,83,questions,"{""difficulty"": 1, ""completeness"": 1, ""correctness_of_responses"": 0, ""notes"": """"}",thladnik,2025-11-11T15:32:45.548297
1320,205,questions,"{""difficulty"": 1, ""completeness"": 1, ""correctness_of_responses"": 1, ""notes"": """"}",thladnik,2025-11-11T15:33:12.061239
1321,152,story,"{""age_appropriateness"": 0, ""clarity"": 0, ""creativity"": 0, ""language"": 0, ""message"": 0, ""literature"": 0, ""notes"": """"}",vdurn,2025-11-11T15:33:13.671782
1322,57,questions,"{""difficulty"": 1, ""completeness"": 1, ""correctness_of_responses"": 1, ""notes"": """"}",thladnik,2025-11-11T15:33:43.534289
1323,112,questions,"{""difficulty"": 1, ""completeness"": 1, ""correctness_of_responses"": 0, ""notes"": ""nice. not entirely true in my opinion (Q1)""}",thladnik,2025-11-11T15:34:46.356543
1324,23,story,"{""age_appropriateness"": 1, ""clarity"": 1, ""creativity"": 0, ""language"": 0, ""message"": 1, ""literature"": 0, ""notes"": """"}",vdurn,2025-11-11T15:34:51.609501
1325,177,story,"{""age_appropriateness"": 0, ""clarity"": 0, ""creativity"": 0, ""language"": 0, ""message"": 1, ""literature"": 0, ""notes"": """"}",vdurn,2025-11-11T15:36:54.187222
1326,182,story,"{""age_appropriateness"": 0, ""clarity"": 1, ""creativity"": 0, ""language"": 1, ""message"": 0, ""literature"": 0, ""notes"": """"}",vdurn,2025-11-11T15:38:52.270485
1327,153,questions,"{""difficulty"": 1, ""completeness"": 0, ""correctness_of_responses"": 0, ""notes"": ""just one question""}",thladnik,2025-11-11T15:40:53.739376
1328,203,questions,"{""difficulty"": 1, ""completeness"": 1, ""correctness_of_responses"": 0, ""notes"": ""nice idea, nice lesson""}",thladnik,2025-11-11T15:41:35.968840
1329,8,story,"{""age_appropriateness"": 1, ""clarity"": 1, ""creativity"": 0, ""language"": 1, ""message"": 1, ""literature"": 1, ""notes"": """"}",vdurn,2025-11-11T15:41:52.058230
1330,100,questions,"{""difficulty"": 0, ""completeness"": 1, ""correctness_of_responses"": 0, ""notes"": ""nothing realy learnt""}",thladnik,2025-11-11T15:41:56.522166
1331,16,questions,"{""difficulty"": 0, ""completeness"": 0, ""correctness_of_responses"": 0, ""notes"": """"}",thladnik,2025-11-11T15:42:13.945447
1332,152,questions,"{""difficulty"": 1, ""completeness"": 1, ""correctness_of_responses"": 0, ""notes"": ""good questions, but answers arent factical, so its hard to yes if its true or not""}",thladnik,2025-11-11T15:42:57.619836
1333,296,story,"{""age_appropriateness"": 1, ""clarity"": 1, ""creativity"": 1, ""language"": 0, ""message"": 1, ""literature"": 0, ""notes"": """"}",vdurn,2025-11-11T15:43:41.623749
1334,110,questions,"{""difficulty"": 1, ""completeness"": 1, ""correctness_of_responses"": 1, ""notes"": """"}",thladnik,2025-11-11T15:44:00.016034
1335,304,story,"{""age_appropriateness"": 1, ""clarity"": 0, ""creativity"": 0, ""language"": 0, ""message"": 0, ""literature"": 0, ""notes"": """"}",vdurn,2025-11-11T15:45:50.897597
1336,326,story,"{""age_appropriateness"": 0, ""clarity"": 0, ""creativity"": 1, ""language"": 0, ""message"": 0, ""literature"": 0, ""notes"": """"}",vdurn,2025-11-11T15:47:17.331987
1337,146,story,"{""age_appropriateness"": 1, ""clarity"": 1, ""creativity"": 0, ""language"": 1, ""message"": 1, ""literature"": 1, ""notes"": """"}",vdurn,2025-11-11T15:51:27.888365
1338,247,story,"{""age_appropriateness"": 1, ""clarity"": 0, ""creativity"": 0, ""language"": 0, ""message"": 1, ""literature"": 0, ""notes"": """"}",vdurn,2025-11-11T15:53:14.127001
1339,288,story,"{""age_appropriateness"": 1, ""clarity"": 1, ""creativity"": 1, ""language"": 1, ""message"": 0, ""literature"": 1, ""notes"": """"}",vdurn,2025-11-11T15:57:42.393581
1340,300,story,"{""age_appropriateness"": 1, ""clarity"": 1, ""creativity"": 0, ""language"": 1, ""message"": 0, ""literature"": 0, ""notes"": """"}",vdurn,2025-11-11T16:01:31.187418
1341,80,story,"{""age_appropriateness"": 0, ""clarity"": 0, ""creativity"": 0, ""language"": 0, ""message"": 0, ""literature"": 0, ""notes"": """"}",vdurn,2025-11-11T16:03:50.666911
1342,316,story,"{""age_appropriateness"": 0, ""clarity"": 1, ""creativity"": 1, ""language"": 1, ""message"": 0, ""literature"": 1, ""notes"": """"}",vdurn,2025-11-11T16:06:50.337636
1343,250,story,"{""age_appropriateness"": 0, ""clarity"": 1, ""creativity"": 0, ""language"": 1, ""message"": 1, ""literature"": 0, ""notes"": """"}",vdurn,2025-11-11T16:07:58.881853
1344,279,story,"{""age_appropriateness"": 1, ""clarity"": 0, ""creativity"": 0, ""language"": 1, ""message"": 1, ""literature"": 0, ""notes"": """"}",vdurn,2025-11-11T16:12:36.263721
1345,155,story,"{""age_appropriateness"": 0, ""clarity"": 0, ""creativity"": 0, ""language"": 0, ""message"": 0, ""literature"": 0, ""notes"": """"}",vdurn,2025-11-11T16:13:39.094941
1346,293,story,"{""age_appropriateness"": 1, ""clarity"": 1, ""creativity"": 0, ""language"": 1, ""message"": 0, ""literature"": 0, ""notes"": """"}",vdurn,2025-11-11T16:15:45.753910
1347,231,story,"{""age_appropriateness"": 1, ""clarity"": 1, ""creativity"": 0, ""language"": 1, ""message"": 1, ""literature"": 1, ""notes"": """"}",vdurn,2025-11-11T16:17:47.579223
1348,178,story,"{""age_appropriateness"": 0, ""clarity"": 0, ""creativity"": 0, ""language"": 0, ""message"": 0, ""literature"": 0, ""notes"": """"}",vdurn,2025-11-11T16:18:52.772892
1349,319,story,"{""age_appropriateness"": 0, ""clarity"": 1, ""creativity"": 0, ""language"": 1, ""message"": 1, ""literature"": 0, ""notes"": """"}",vdurn,2025-11-11T16:23:59.547227
1350,123,story,"{""age_appropriateness"": 1, ""clarity"": 1, ""creativity"": 1, ""language"": 1, ""message"": 1, ""literature"": 1, ""notes"": ""Best one so far. ""}",vdurn,2025-11-11T16:26:48.094769
1351,232,story,"{""age_appropriateness"": 1, ""clarity"": 1, ""creativity"": 1, ""language"": 1, ""message"": 1, ""literature"": 1, ""notes"": """"}",kkuznietsova,2025-11-11T17:26:03.366634
1352,252,story,"{""age_appropriateness"": 1, ""clarity"": 1, ""creativity"": 1, ""language"": 0, ""message"": 1, ""literature"": 0, ""notes"": ""Bold font markup""}",kkuznietsova,2025-11-11T17:28:45.067625
1353,193,story,"{""age_appropriateness"": 1, ""clarity"": 1, ""creativity"": 1, ""language"": 1, ""message"": 1, ""literature"": 1, ""notes"": ""Maybe 10 year olds is too old for this""}",kkuznietsova,2025-11-11T17:36:17.012581
1354,49,story,"{""age_appropriateness"": 1, ""clarity"": 1, ""creativity"": 1, ""language"": 1, ""message"": 1, ""literature"": 0, ""notes"": ""Division into chapters is unnecessary; perhaps a bit rushed""}",kkuznietsova,2025-11-11T17:41:04.666618
1355,82,story,"{""age_appropriateness"": 1, ""clarity"": 1, ""creativity"": 1, ""language"": 1, ""message"": 1, ""literature"": 0, ""notes"": ""\""Tessa\"" and the plot are a bit overused""}",kkuznietsova,2025-11-11T17:44:13.050872
1356,299,story,"{""age_appropriateness"": 1, ""clarity"": 1, ""creativity"": 0, ""language"": 1, ""message"": 1, ""literature"": 1, ""notes"": """"}",vdurn,2025-11-11T17:45:52.014434
1357,264,story,"{""age_appropriateness"": 0, ""clarity"": 1, ""creativity"": 1, ""language"": 1, ""message"": 1, ""literature"": 1, ""notes"": ""Age range not specified but ok for 6-7 year olds""}",kkuznietsova,2025-11-11T17:46:36.387204
1358,3,story,"{""age_appropriateness"": 0, ""clarity"": 1, ""creativity"": 1, ""language"": 1, ""message"": 0, ""literature"": 1, ""notes"": ""No age range specified, probably more suitable for 8-10 year olds, no message really""}",kkuznietsova,2025-11-11T17:50:01.514890
1359,233,story,"{""age_appropriateness"": 1, ""clarity"": 1, ""creativity"": 1, ""language"": 1, ""message"": 1, ""literature"": 1, ""notes"": """"}",vdurn,2025-11-11T17:51:56.940171
1360,115,story,"{""age_appropriateness"": 1, ""clarity"": 1, ""creativity"": 1, ""language"": 1, ""message"": 1, ""literature"": 1, ""notes"": """"}",vdurn,2025-11-11T17:54:06.666511
1361,153,story,"{""age_appropriateness"": 0, ""clarity"": 0, ""creativity"": 0, ""language"": 0, ""message"": 0, ""literature"": 0, ""notes"": """"}",vdurn,2025-11-11T17:54:55.047336
1362,260,story,"{""age_appropriateness"": 0, ""clarity"": 1, ""creativity"": 0, ""language"": 1, ""message"": 0, ""literature"": 0, ""notes"": """"}",vdurn,2025-11-11T17:59:48.065617
1363,65,story,"{""age_appropriateness"": 1, ""clarity"": 1, ""creativity"": 1, ""language"": 1, ""message"": 1, ""literature"": 1, ""notes"": """"}",vdurn,2025-11-11T18:02:24.175006
1364,116,story,"{""age_appropriateness"": 1, ""clarity"": 1, ""creativity"": 0, ""language"": 1, ""message"": 1, ""literature"": 1, ""notes"": """"}",vdurn,2025-11-11T18:06:02.232967
1365,197,story,"{""age_appropriateness"": 1, ""clarity"": 0, ""creativity"": 0, ""language"": 1, ""message"": 0, ""literature"": 1, ""notes"": """"}",vdurn,2025-11-11T18:07:29.512973
1366,283,story,"{""age_appropriateness"": 0, ""clarity"": 0, ""creativity"": 1, ""language"": 1, ""message"": 1, ""literature"": 0, ""notes"": """"}",vdurn,2025-11-11T18:09:10.737239
1367,295,story,"{""age_appropriateness"": 0, ""clarity"": 0, ""creativity"": 1, ""language"": 1, ""message"": 1, ""literature"": 0, ""notes"": """"}",vdurn,2025-11-11T18:11:42.134463
1368,290,story,"{""age_appropriateness"": 0, ""clarity"": 1, ""creativity"": 0, ""language"": 1, ""message"": 0, ""literature"": 0, ""notes"": """"}",vdurn,2025-11-11T18:12:30.304536
1369,234,story,"{""age_appropriateness"": 0, ""clarity"": 0, ""creativity"": 0, ""language"": 1, ""message"": 1, ""literature"": 0, ""notes"": """"}",vdurn,2025-11-11T18:14:42.319106
1370,165,story,"{""age_appropriateness"": 0, ""clarity"": 0, ""creativity"": 0, ""language"": 0, ""message"": 0, ""literature"": 0, ""notes"": """"}",vdurn,2025-11-11T18:17:57.045374
1371,7,story,"{""age_appropriateness"": 1, ""clarity"": 1, ""creativity"": 0, ""language"": 1, ""message"": 1, ""literature"": 0, ""notes"": """"}",vdurn,2025-11-11T18:21:14.778594
1372,331,story,"{""age_appropriateness"": 0, ""clarity"": 0, ""creativity"": 0, ""language"": 1, ""message"": 0, ""literature"": 0, ""notes"": """"}",vdurn,2025-11-11T18:24:13.955093
1373,168,story,"{""age_appropriateness"": 0, ""clarity"": 0, ""creativity"": 0, ""language"": 0, ""message"": 0, ""literature"": 0, ""notes"": """"}",vdurn,2025-11-11T18:28:02.236833
1374,275,theme,"{""theme_quality"": 1, ""theme_success"": 1, ""roleplaying"": 1, ""notes"": """"}",jkrajtl,2025-11-11T18:49:01.100564
1375,140,theme,"{""theme_quality"": 1, ""theme_success"": 1, ""roleplaying"": 1, ""notes"": """"}",jkrajtl,2025-11-11T18:52:15.829611
1376,329,theme,"{""theme_quality"": 1, ""theme_success"": 1, ""roleplaying"": 1, ""notes"": """"}",jkrajtl,2025-11-11T18:56:45.416306
1377,196,theme,"{""theme_quality"": 1, ""theme_success"": 1, ""roleplaying"": 1, ""notes"": """"}",jkrajtl,2025-11-11T19:01:18.435379
1378,268,theme,"{""theme_quality"": 1, ""theme_success"": 1, ""roleplaying"": 1, ""notes"": """"}",jkrajtl,2025-11-11T19:04:30.336998
1379,114,theme,"{""theme_quality"": 1, ""theme_success"": 1, ""roleplaying"": 1, ""notes"": """"}",jkrajtl,2025-11-11T19:13:06.924136
1380,222,theme,"{""theme_quality"": 1, ""theme_success"": 1, ""roleplaying"": 1, ""notes"": """"}",jkrajtl,2025-11-11T19:15:42.730639
1381,129,theme,"{""theme_quality"": 1, ""theme_success"": 1, ""roleplaying"": 1, ""notes"": """"}",jkrajtl,2025-11-11T19:20:40.693013
1382,209,theme,"{""theme_quality"": 1, ""theme_success"": 1, ""roleplaying"": 1, ""notes"": """"}",jkrajtl,2025-11-11T19:24:51.439138
1383,311,theme,"{""theme_quality"": 1, ""theme_success"": 1, ""roleplaying"": 1, ""notes"": """"}",jkrajtl,2025-11-11T19:31:19.150867
1384,272,theme,"{""theme_quality"": 1, ""theme_success"": 1, ""roleplaying"": 1, ""notes"": """"}",jkrajtl,2025-11-11T19:35:05.157363
1385,203,theme,"{""theme_quality"": 1, ""theme_success"": 1, ""roleplaying"": 1, ""notes"": """"}",jkrajtl,2025-11-11T19:39:39.750381
1386,201,theme,"{""theme_quality"": 1, ""theme_success"": 1, ""roleplaying"": 1, ""notes"": """"}",jkrajtl,2025-11-11T19:45:10.045983
1387,269,theme,"{""theme_quality"": 1, ""theme_success"": 1, ""roleplaying"": 1, ""notes"": """"}",jkrajtl,2025-11-11T19:48:32.033159
1388,144,theme,"{""theme_quality"": 0, ""theme_success"": 1, ""roleplaying"": 1, ""notes"": """"}",jkrajtl,2025-11-11T19:51:42.731553
1389,20,story,"{""age_appropriateness"": 1, ""clarity"": 1, ""creativity"": 0, ""language"": 1, ""message"": 0, ""literature"": 0, ""notes"": """"}",vdurn,2025-11-11T19:54:16.485665
1390,332,story,"{""age_appropriateness"": 0, ""clarity"": 0, ""creativity"": 0, ""language"": 1, ""message"": 1, ""literature"": 0, ""notes"": """"}",vdurn,2025-11-11T19:55:42.977197
1391,134,theme,"{""theme_quality"": 1, ""theme_success"": 0, ""roleplaying"": 1, ""notes"": """"}",jkrajtl,2025-11-11T19:56:21.485111
1392,133,story,"{""age_appropriateness"": 1, ""clarity"": 1, ""creativity"": 1, ""language"": 1, ""message"": 1, ""literature"": 1, ""notes"": """"}",vdurn,2025-11-11T19:57:57.861044
1393,110,story,"{""age_appropriateness"": 1, ""clarity"": 0, ""creativity"": 0, ""language"": 1, ""message"": 1, ""literature"": 0, ""notes"": """"}",vdurn,2025-11-11T19:59:17.629100
1394,210,story,"{""age_appropriateness"": 1, ""clarity"": 1, ""creativity"": 1, ""language"": 1, ""message"": 1, ""literature"": 1, ""notes"": """"}",vdurn,2025-11-11T20:00:36.363406
1395,142,story,"{""age_appropriateness"": 1, ""clarity"": 1, ""creativity"": 1, ""language"": 1, ""message"": 1, ""literature"": 1, ""notes"": """"}",vdurn,2025-11-11T20:02:34.544812
1396,103,story,"{""age_appropriateness"": 1, ""clarity"": 0, ""creativity"": 1, ""language"": 0, ""message"": 0, ""literature"": 0, ""notes"": """"}",vdurn,2025-11-11T20:06:37.045385
1397,172,story,"{""age_appropriateness"": 0, ""clarity"": 0, ""creativity"": 1, ""language"": 0, ""message"": 0, ""literature"": 0, ""notes"": """"}",vdurn,2025-11-11T20:07:49.619837
1398,107,story,"{""age_appropriateness"": 1, ""clarity"": 1, ""creativity"": 0, ""language"": 1, ""message"": 1, ""literature"": 0, ""notes"": """"}",vdurn,2025-11-11T20:16:38.146533
1399,242,story,"{""age_appropriateness"": 1, ""clarity"": 1, ""creativity"": 0, ""language"": 1, ""message"": 1, ""literature"": 1, ""notes"": """"}",vdurn,2025-11-11T20:18:46.542061
1400,281,story,"{""age_appropriateness"": 1, ""clarity"": 1, ""creativity"": 1, ""language"": 1, ""message"": 1, ""literature"": 1, ""notes"": """"}",vdurn,2025-11-11T20:19:53.813341
1401,325,story,"{""age_appropriateness"": 0, ""clarity"": 0, ""creativity"": 1, ""language"": 1, ""message"": 0, ""literature"": 0, ""notes"": """"}",vdurn,2025-11-11T20:22:05.079178
1402,277,theme,"{""theme_quality"": 0, ""theme_success"": 1, ""roleplaying"": 1, ""notes"": """"}",vdurn,2025-11-11T20:24:12.452813
1403,153,theme,"{""theme_quality"": 0, ""theme_success"": 0, ""roleplaying"": 1, ""notes"": """"}",vdurn,2025-11-11T20:25:49.479647
1404,144,theme,"{""theme_quality"": 0, ""theme_success"": 0, ""roleplaying"": 1, ""notes"": """"}",vdurn,2025-11-11T20:29:06.164903
1405,169,theme,"{""theme_quality"": 1, ""theme_success"": 1, ""roleplaying"": 1, ""notes"": """"}",vdurn,2025-11-11T20:31:36.937823
1406,159,theme,"{""theme_quality"": 0, ""theme_success"": 1, ""roleplaying"": 1, ""notes"": """"}",vdurn,2025-11-11T20:32:38.313835
1407,338,theme,"{""theme_quality"": 1, ""theme_success"": 1, ""roleplaying"": 1, ""notes"": """"}",vdurn,2025-11-11T20:33:22.555109
1408,291,theme,"{""theme_quality"": 0, ""theme_success"": 1, ""roleplaying"": 1, ""notes"": """"}",vdurn,2025-11-11T20:34:44.198023
1409,103,theme,"{""theme_quality"": 1, ""theme_success"": 1, ""roleplaying"": 1, ""notes"": """"}",jkrajtl,2025-11-11T20:40:33.734123
1410,105,theme,"{""theme_quality"": 1, ""theme_success"": 1, ""roleplaying"": 1, ""notes"": """"}",jkrajtl,2025-11-11T20:43:54.464676
1411,238,theme,"{""theme_quality"": 1, ""theme_success"": 0, ""roleplaying"": 1, ""notes"": """"}",jkrajtl,2025-11-11T20:49:20.041207
1412,257,theme,"{""theme_quality"": 0, ""theme_success"": 1, ""roleplaying"": 1, ""notes"": """"}",jkrajtl,2025-11-11T20:52:21.807146
1413,315,theme,"{""theme_quality"": 1, ""theme_success"": 0, ""roleplaying"": 0, ""notes"": """"}",jkrajtl,2025-11-11T20:57:08.780410
1414,224,theme,"{""theme_quality"": 1, ""theme_success"": 1, ""roleplaying"": 0, ""notes"": """"}",jkrajtl,2025-11-11T20:59:56.172461
1415,111,theme,"{""theme_quality"": 1, ""theme_success"": 1, ""roleplaying"": 1, ""notes"": """"}",jkrajtl,2025-11-11T21:03:26.218906
1416,325,theme,"{""theme_quality"": 1, ""theme_success"": 1, ""roleplaying"": 1, ""notes"": """"}",jkrajtl,2025-11-11T21:08:44.255390
1417,165,theme,"{""theme_quality"": 1, ""theme_success"": 1, ""roleplaying"": 0, ""notes"": """"}",jkrajtl,2025-11-11T21:10:59.672115
1418,207,education,"{""education_quality"": 0, ""naturalness"": 0, ""correctness"": 0, ""notes"": """"}",jkrajtl,2025-11-11T21:14:59.526524
1419,59,education,"{""education_quality"": 1, ""naturalness"": 1, ""correctness"": 1, ""notes"": """"}",jkrajtl,2025-11-11T21:17:32.734825
1420,1,education,"{""education_quality"": 1, ""naturalness"": 0, ""correctness"": 0, ""notes"": """"}",jkrajtl,2025-11-11T21:20:23.503020
1421,140,education,"{""education_quality"": 1, ""naturalness"": 1, ""correctness"": 1, ""notes"": """"}",jkrajtl,2025-11-11T21:23:32.733243
1422,179,education,"{""education_quality"": 0, ""naturalness"": 1, ""correctness"": 0, ""notes"": """"}",jkrajtl,2025-11-11T21:25:34.213188
1423,62,education,"{""education_quality"": 1, ""naturalness"": 1, ""correctness"": 1, ""notes"": """"}",jkrajtl,2025-11-11T21:28:59.410410
1424,126,education,"{""education_quality"": 1, ""naturalness"": 1, ""correctness"": 1, ""notes"": """"}",jkrajtl,2025-11-11T21:31:31.456789
1425,230,education,"{""education_quality"": 1, ""naturalness"": 1, ""correctness"": 1, ""notes"": """"}",jkrajtl,2025-11-11T21:34:52.295646
1426,194,education,"{""education_quality"": 1, ""naturalness"": 0, ""correctness"": 0, ""notes"": """"}",jkrajtl,2025-11-11T21:36:46.174492
1427,81,education,"{""education_quality"": 1, ""naturalness"": 1, ""correctness"": 1, ""notes"": """"}",jkrajtl,2025-11-11T21:38:11.641863
1428,77,education,"{""education_quality"": 1, ""naturalness"": 0, ""correctness"": 0, ""notes"": """"}",jkrajtl,2025-11-11T21:39:27.434036
1429,211,education,"{""education_quality"": 0, ""naturalness"": 0, ""correctness"": 0, ""notes"": """"}",jkrajtl,2025-11-11T21:40:59.577450
1430,66,education,"{""education_quality"": 1, ""naturalness"": 1, ""correctness"": 1, ""notes"": """"}",jkrajtl,2025-11-11T21:44:22.479901
1431,122,education,"{""education_quality"": 1, ""naturalness"": 1, ""correctness"": 1, ""notes"": """"}",jkrajtl,2025-11-11T21:45:39.359104
1432,157,education,"{""education_quality"": 0, ""naturalness"": 0, ""correctness"": 1, ""notes"": """"}",jkrajtl,2025-11-11T21:47:13.587329
1433,24,education,"{""education_quality"": 1, ""naturalness"": 1, ""correctness"": 1, ""notes"": """"}",jkrajtl,2025-11-11T21:49:14.529337
1434,87,education,"{""education_quality"": 1, ""naturalness"": 1, ""correctness"": 1, ""notes"": """"}",kkuznietsova,2025-11-11T22:14:11.992605
1435,124,education,"{""education_quality"": 0, ""naturalness"": 0, ""correctness"": 1, ""notes"": ""A little too much information, too little of a story""}",kkuznietsova,2025-11-11T22:15:13.694104
1436,181,education,"{""education_quality"": 0, ""naturalness"": 0, ""correctness"": 1, ""notes"": ""Sentences too short + too little structure""}",kkuznietsova,2025-11-11T22:17:00.739535
1437,91,education,"{""education_quality"": 0, ""naturalness"": 1, ""correctness"": 1, ""notes"": ""Not waful but quite short and lacks exposition + sentence doesn't really make sense in the context \""Slowly, the dragon began to understand: rebuilding was a braver act than destroying.\""""}",kkuznietsova,2025-11-11T22:20:04.749393
1438,157,education,"{""education_quality"": 0, ""naturalness"": 0, ""correctness"": 1, ""notes"": ""Not very natural + a bit too much information for a 4 year old in one story in my opinion""}",kkuznietsova,2025-11-11T22:22:04.426455
1439,346,theme,"{""theme_quality"": 0, ""theme_success"": 1, ""roleplaying"": 1, ""notes"": """"}",vdurn,2025-11-12T09:15:12.365815
1440,119,theme,"{""theme_quality"": 1, ""theme_success"": 1, ""roleplaying"": 1, ""notes"": """"}",vdurn,2025-11-12T09:16:46.433341
1441,71,education,"{""education_quality"": 1, ""naturalness"": 1, ""correctness"": 1, ""notes"": """"}",jkrajtl,2025-11-12T11:49:44.987411
1442,233,education,"{""education_quality"": 1, ""naturalness"": 0, ""correctness"": 0, ""notes"": """"}",jkrajtl,2025-11-12T11:53:25.787000
1443,21,education,"{""education_quality"": 1, ""naturalness"": 0, ""correctness"": 0, ""notes"": """"}",jkrajtl,2025-11-12T12:02:41.394201
1444,227,education,"{""education_quality"": 1, ""naturalness"": 1, ""correctness"": 1, ""notes"": """"}",mstoklas,2025-11-12T12:05:39.423538
1445,139,education,"{""education_quality"": 1, ""naturalness"": 1, ""correctness"": 1, ""notes"": """"}",jkrajtl,2025-11-12T12:06:09.128640
1446,118,education,"{""education_quality"": 0, ""naturalness"": 0, ""correctness"": 1, ""notes"": """"}",jkrajtl,2025-11-12T12:07:59.937533
1447,149,education,"{""education_quality"": 1, ""naturalness"": 0, ""correctness"": 1, ""notes"": """"}",mstoklas,2025-11-12T12:12:06.132501
1448,242,education,"{""education_quality"": 1, ""naturalness"": 1, ""correctness"": 1, ""notes"": """"}",jkrajtl,2025-11-12T12:13:36.212447
1449,113,education,"{""education_quality"": 1, ""naturalness"": 0, ""correctness"": 1, ""notes"": """"}",jkrajtl,2025-11-12T12:15:22.142133
1450,229,education,"{""education_quality"": 1, ""naturalness"": 1, ""correctness"": 1, ""notes"": """"}",mstoklas,2025-11-12T12:15:50.074312
1451,82,education,"{""education_quality"": 1, ""naturalness"": 1, ""correctness"": 1, ""notes"": """"}",mstoklas,2025-11-12T12:19:12.322360
1452,182,education,"{""education_quality"": 0, ""naturalness"": 0, ""correctness"": 1, ""notes"": """"}",mstoklas,2025-11-12T12:20:23.412221
1453,6,education,"{""education_quality"": 1, ""naturalness"": 0, ""correctness"": 0, ""notes"": """"}",mstoklas,2025-11-12T12:22:23.051042
1454,76,education,"{""education_quality"": 1, ""naturalness"": 1, ""correctness"": 1, ""notes"": """"}",mstoklas,2025-11-12T12:23:38.114839
1455,129,education,"{""education_quality"": 1, ""naturalness"": 0, ""correctness"": 0, ""notes"": """"}",jkrajtl,2025-11-12T12:56:34.657049
1456,134,education,"{""education_quality"": 1, ""naturalness"": 1, ""correctness"": 0, ""notes"": """"}",jkrajtl,2025-11-12T12:59:04.213528
1457,99,education,"{""education_quality"": 1, ""naturalness"": 0, ""correctness"": 0, ""notes"": """"}",jkrajtl,2025-11-12T13:00:29.379789
1458,100,education,"{""education_quality"": 1, ""naturalness"": 1, ""correctness"": 1, ""notes"": """"}",jkrajtl,2025-11-12T13:01:31.938596
1459,213,education,"{""education_quality"": 1, ""naturalness"": 1, ""correctness"": 0, ""notes"": """"}",jkrajtl,2025-11-12T15:36:06.675469
1460,103,education,"{""education_quality"": 1, ""naturalness"": 1, ""correctness"": 0, ""notes"": """"}",jkrajtl,2025-11-12T15:39:43.682433
1461,104,story,"{""age_appropriateness"": 1, ""clarity"": 1, ""creativity"": 1, ""language"": 1, ""message"": 0, ""literature"": 0, ""notes"": """"}",nhmeljak,2025-11-12T15:43:15.366881
1462,198,education,"{""education_quality"": 1, ""naturalness"": 0, ""correctness"": 0, ""notes"": """"}",jkrajtl,2025-11-12T15:45:03.105795
1463,204,education,"{""education_quality"": 1, ""naturalness"": 1, ""correctness"": 1, ""notes"": """"}",jkrajtl,2025-11-12T15:48:14.729459
1464,38,story,"{""age_appropriateness"": 1, ""clarity"": 1, ""creativity"": 1, ""language"": 1, ""message"": 1, ""literature"": 0, ""notes"": """"}",nhmeljak,2025-11-12T15:48:47.316199
1465,350,story,"{""age_appropriateness"": 1, ""clarity"": 1, ""creativity"": 1, ""language"": 1, ""message"": 1, ""literature"": 0, ""notes"": """"}",nhmeljak,2025-11-12T15:52:11.128503
1466,147,education,"{""education_quality"": 1, ""naturalness"": 1, ""correctness"": 0, ""notes"": """"}",jkrajtl,2025-11-12T15:52:15.126276
1467,250,education,"{""education_quality"": 1, ""naturalness"": 0, ""correctness"": 0, ""notes"": """"}",jkrajtl,2025-11-12T15:55:34.328222
1468,190,education,"{""education_quality"": 0, ""naturalness"": 0, ""correctness"": 1, ""notes"": """"}",jkrajtl,2025-11-12T15:56:31.652753
1469,187,education,"{""education_quality"": 1, ""naturalness"": 1, ""correctness"": 1, ""notes"": """"}",jkrajtl,2025-11-12T15:58:44.729495
1470,141,education,"{""education_quality"": 0, ""naturalness"": 1, ""correctness"": 1, ""notes"": """"}",jkrajtl,2025-11-12T16:03:15.228952
1471,61,education,"{""education_quality"": 1, ""naturalness"": 0, ""correctness"": 0, ""notes"": """"}",jkrajtl,2025-11-12T16:06:02.412515
1472,143,education,"{""education_quality"": 1, ""naturalness"": 1, ""correctness"": 1, ""notes"": """"}",jkrajtl,2025-11-12T16:07:31.279307
1473,210,education,"{""education_quality"": 1, ""naturalness"": 0, ""correctness"": 0, ""notes"": """"}",jkrajtl,2025-11-12T16:08:57.378765
1474,158,education,"{""education_quality"": 1, ""naturalness"": 1, ""correctness"": 1, ""notes"": """"}",jkrajtl,2025-11-12T16:10:07.927794
1475,116,questions,"{""difficulty"": 1, ""completeness"": 0, ""correctness_of_responses"": 1, ""notes"": """"}",jkrajtl,2025-11-12T16:14:30.517124
1476,134,questions,"{""difficulty"": 0, ""completeness"": 1, ""correctness_of_responses"": 1, ""notes"": """"}",jkrajtl,2025-11-12T16:17:29.954328
1477,174,story,"{""age_appropriateness"": 1, ""clarity"": 0, ""creativity"": 1, ""language"": 1, ""message"": 0, ""literature"": 0, ""notes"": """"}",mstoklas,2025-11-12T16:18:18.509544
1478,136,questions,"{""difficulty"": 1, ""completeness"": 1, ""correctness_of_responses"": 1, ""notes"": """"}",jkrajtl,2025-11-12T16:20:49.558371
1479,101,story,"{""age_appropriateness"": 1, ""clarity"": 1, ""creativity"": 1, ""language"": 1, ""message"": 1, ""literature"": 1, ""notes"": """"}",mstoklas,2025-11-12T16:21:44.425069
1480,218,questions,"{""difficulty"": 1, ""completeness"": 1, ""correctness_of_responses"": 0, ""notes"": """"}",jkrajtl,2025-11-12T16:24:06.462274
1481,188,story,"{""age_appropriateness"": 1, ""clarity"": 1, ""creativity"": 1, ""language"": 1, ""message"": 1, ""literature"": 0, ""notes"": """"}",mstoklas,2025-11-12T16:24:47.371153
1482,171,questions,"{""difficulty"": 0, ""completeness"": 1, ""correctness_of_responses"": 0, ""notes"": """"}",jkrajtl,2025-11-12T16:25:35.591292
1483,151,story,"{""age_appropriateness"": 0, ""clarity"": 1, ""creativity"": 1, ""language"": 1, ""message"": 0, ""literature"": 0, ""notes"": """"}",mstoklas,2025-11-12T16:25:50.684565
1484,176,story,"{""age_appropriateness"": 0, ""clarity"": 1, ""creativity"": 1, ""language"": 1, ""message"": 0, ""literature"": 0, ""notes"": """"}",mstoklas,2025-11-12T16:27:09.736964
1485,104,questions,"{""difficulty"": 1, ""completeness"": 0, ""correctness_of_responses"": 1, ""notes"": """"}",jkrajtl,2025-11-12T16:27:11.298172
1486,45,story,"{""age_appropriateness"": 1, ""clarity"": 0, ""creativity"": 1, ""language"": 1, ""message"": 0, ""literature"": 0, ""notes"": """"}",tgregorova,2025-11-12T16:27:35.351284
1487,216,story,"{""age_appropriateness"": 0, ""clarity"": 1, ""creativity"": 1, ""language"": 1, ""message"": 1, ""literature"": 1, ""notes"": """"}",tgregorova,2025-11-12T16:28:08.645924
1488,233,story,"{""age_appropriateness"": 1, ""clarity"": 0, ""creativity"": 1, ""language"": 0, ""message"": 1, ""literature"": 1, ""notes"": """"}",tgregorova,2025-11-12T16:28:29.654859
1489,239,story,"{""age_appropriateness"": 1, ""clarity"": 1, ""creativity"": 1, ""language"": 1, ""message"": 1, ""literature"": 0, ""notes"": """"}",tgregorova,2025-11-12T16:28:56.735533
1490,359,story,"{""age_appropriateness"": 1, ""clarity"": 1, ""creativity"": 1, ""language"": 1, ""message"": 1, ""literature"": 1, ""notes"": """"}",mstoklas,2025-11-12T16:30:01.795686
1491,135,story,"{""age_appropriateness"": 0, ""clarity"": 1, ""creativity"": 1, ""language"": 1, ""message"": 0, ""literature"": 0, ""notes"": """"}",tgregorova,2025-11-12T16:31:29.556555
1492,48,story,"{""age_appropriateness"": 1, ""clarity"": 1, ""creativity"": 1, ""language"": 1, ""message"": 0, ""literature"": 1, ""notes"": """"}",tgregorova,2025-11-12T16:32:10.978124
1493,207,story,"{""age_appropriateness"": 1, ""clarity"": 1, ""creativity"": 0, ""language"": 0, ""message"": 1, ""literature"": 0, ""notes"": """"}",tgregorova,2025-11-12T16:32:47.452310
1494,129,story,"{""age_appropriateness"": 1, ""clarity"": 1, ""creativity"": 1, ""language"": 1, ""message"": 1, ""literature"": 0, ""notes"": """"}",tgregorova,2025-11-12T16:33:04.297200
1495,357,theme,"{""theme_quality"": 1, ""theme_success"": 1, ""roleplaying"": 0, ""notes"": """"}",tgregorova,2025-11-12T16:33:42.330939
1496,5,theme,"{""theme_quality"": 1, ""theme_success"": 0, ""roleplaying"": 0, ""notes"": """"}",tgregorova,2025-11-12T16:34:06.061358
1497,124,story,"{""age_appropriateness"": 1, ""clarity"": 0, ""creativity"": 0, ""language"": 1, ""message"": 1, ""literature"": 0, ""notes"": """"}",mstoklas,2025-11-12T16:35:13.011531
1498,120,theme,"{""theme_quality"": 0, ""theme_success"": 1, ""roleplaying"": 1, ""notes"": """"}",tgregorova,2025-11-12T16:35:37.905098
1499,236,theme,"{""theme_quality"": 0, ""theme_success"": 0, ""roleplaying"": 0, ""notes"": """"}",tgregorova,2025-11-12T16:36:12.197442
1500,327,theme,"{""theme_quality"": 1, ""theme_success"": 1, ""roleplaying"": 1, ""notes"": """"}",tgregorova,2025-11-12T16:37:16.423598
1501,292,story,"{""age_appropriateness"": 1, ""clarity"": 0, ""creativity"": 0, ""language"": 1, ""message"": 0, ""literature"": 0, ""notes"": """"}",mstoklas,2025-11-12T16:37:19.218100
1502,23,theme,"{""theme_quality"": 1, ""theme_success"": 0, ""roleplaying"": 1, ""notes"": """"}",tgregorova,2025-11-12T16:38:01.880591
1503,239,theme,"{""theme_quality"": 1, ""theme_success"": 0, ""roleplaying"": 1, ""notes"": """"}",tgregorova,2025-11-12T16:38:29.333588
1504,332,theme,"{""theme_quality"": 1, ""theme_success"": 0, ""roleplaying"": 1, ""notes"": """"}",tgregorova,2025-11-12T16:39:02.501599
1505,277,theme,"{""theme_quality"": 0, ""theme_success"": 1, ""roleplaying"": 1, ""notes"": """"}",tgregorova,2025-11-12T16:39:14.613274
1506,305,story,"{""age_appropriateness"": 1, ""clarity"": 0, ""creativity"": 1, ""language"": 1, ""message"": 1, ""literature"": 0, ""notes"": """"}",mstoklas,2025-11-12T16:39:37.667210
1507,293,theme,"{""theme_quality"": 0, ""theme_success"": 1, ""roleplaying"": 0, ""notes"": """"}",tgregorova,2025-11-12T16:40:22.061325
1508,274,story,"{""age_appropriateness"": 1, ""clarity"": 1, ""creativity"": 1, ""language"": 1, ""message"": 1, ""literature"": 0, ""notes"": """"}",mstoklas,2025-11-12T16:40:58.738946
1509,132,education,"{""education_quality"": 1, ""naturalness"": 1, ""correctness"": 1, ""notes"": """"}",tgregorova,2025-11-12T16:41:11.910411
1510,84,education,"{""education_quality"": 0, ""naturalness"": 0, ""correctness"": 1, ""notes"": """"}",tgregorova,2025-11-12T16:41:45.715602
1511,85,education,"{""education_quality"": 0, ""naturalness"": 0, ""correctness"": 0, ""notes"": """"}",tgregorova,2025-11-12T16:42:55.866794
1512,85,education,"{""education_quality"": 0, ""naturalness"": 0, ""correctness"": 0, ""notes"": """"}",tgregorova,2025-11-12T16:42:56.426685
1513,49,story,"{""age_appropriateness"": 1, ""clarity"": 1, ""creativity"": 1, ""language"": 1, ""message"": 1, ""literature"": 1, ""notes"": """"}",mstoklas,2025-11-12T16:43:14.613385
1514,46,education,"{""education_quality"": 0, ""naturalness"": 0, ""correctness"": 1, ""notes"": """"}",tgregorova,2025-11-12T16:44:02.403321
1515,41,education,"{""education_quality"": 1, ""naturalness"": 1, ""correctness"": 1, ""notes"": """"}",tgregorova,2025-11-12T16:44:24.114828
1516,156,story,"{""age_appropriateness"": 0, ""clarity"": 0, ""creativity"": 1, ""language"": 0, ""message"": 0, ""literature"": 0, ""notes"": """"}",mstoklas,2025-11-12T16:44:46.057565
1517,330,story,"{""age_appropriateness"": 1, ""clarity"": 0, ""creativity"": 0, ""language"": 0, ""message"": 1, ""literature"": 0, ""notes"": """"}",mstoklas,2025-11-12T16:45:50.008359
1518,135,education,"{""education_quality"": 1, ""naturalness"": 0, ""correctness"": 1, ""notes"": """"}",tgregorova,2025-11-12T16:48:12.367479
1519,66,story,"{""age_appropriateness"": 1, ""clarity"": 1, ""creativity"": 1, ""language"": 1, ""message"": 1, ""literature"": 1, ""notes"": """"}",mstoklas,2025-11-12T16:48:37.795712
1520,240,education,"{""education_quality"": 0, ""naturalness"": 0, ""correctness"": 1, ""notes"": """"}",tgregorova,2025-11-12T16:48:41.729328
1521,121,education,"{""education_quality"": 0, ""naturalness"": 1, ""correctness"": 1, ""notes"": """"}",tgregorova,2025-11-12T16:49:19.818747
1522,101,education,"{""education_quality"": 0, ""naturalness"": 0, ""correctness"": 0, ""notes"": """"}",tgregorova,2025-11-12T16:50:20.449643
1523,372,story,"{""age_appropriateness"": 1, ""clarity"": 1, ""creativity"": 1, ""language"": 1, ""message"": 1, ""literature"": 0, ""notes"": """"}",mstoklas,2025-11-12T16:50:25.424855
1524,288,story,"{""age_appropriateness"": 1, ""clarity"": 1, ""creativity"": 1, ""language"": 1, ""message"": 1, ""literature"": 1, ""notes"": """"}",mstoklas,2025-11-12T16:51:34.938200
1525,275,story,"{""age_appropriateness"": 1, ""clarity"": 1, ""creativity"": 1, ""language"": 1, ""message"": 1, ""literature"": 0, ""notes"": """"}",mstoklas,2025-11-12T16:53:01.646977
1526,209,questions,"{""difficulty"": 0, ""completeness"": 0, ""correctness_of_responses"": 0, ""notes"": """"}",tgregorova,2025-11-12T16:53:38.596052
1527,37,story,"{""age_appropriateness"": 1, ""clarity"": 1, ""creativity"": 1, ""language"": 1, ""message"": 1, ""literature"": 1, ""notes"": """"}",mstoklas,2025-11-12T16:53:54.569412
1528,101,questions,"{""difficulty"": 1, ""completeness"": 1, ""correctness_of_responses"": 1, ""notes"": """"}",tgregorova,2025-11-12T16:55:10.305740
1529,174,questions,"{""difficulty"": 1, ""completeness"": 1, ""correctness_of_responses"": 1, ""notes"": """"}",tgregorova,2025-11-12T16:56:05.077809
1530,225,story,"{""age_appropriateness"": 0, ""clarity"": 0, ""creativity"": 1, ""language"": 1, ""message"": 1, ""literature"": 0, ""notes"": """"}",mstoklas,2025-11-12T16:56:05.717300
1531,121,questions,"{""difficulty"": 1, ""completeness"": 1, ""correctness_of_responses"": 1, ""notes"": """"}",tgregorova,2025-11-12T16:57:11.120841
1532,17,story,"{""age_appropriateness"": 1, ""clarity"": 1, ""creativity"": 1, ""language"": 1, ""message"": 1, ""literature"": 1, ""notes"": """"}",mstoklas,2025-11-12T16:57:36.825768
1533,41,questions,"{""difficulty"": 1, ""completeness"": 1, ""correctness_of_responses"": 1, ""notes"": """"}",tgregorova,2025-11-12T16:58:01.582884
1534,128,questions,"{""difficulty"": 0, ""completeness"": 1, ""correctness_of_responses"": 1, ""notes"": """"}",tgregorova,2025-11-12T16:58:37.693855
1535,247,story,"{""age_appropriateness"": 0, ""clarity"": 1, ""creativity"": 0, ""language"": 1, ""message"": 1, ""literature"": 0, ""notes"": """"}",mstoklas,2025-11-12T16:59:14.359979
1536,211,questions,"{""difficulty"": 1, ""completeness"": 1, ""correctness_of_responses"": 1, ""notes"": """"}",tgregorova,2025-11-12T16:59:23.996475
1537,30,story,"{""age_appropriateness"": 1, ""clarity"": 1, ""creativity"": 1, ""language"": 1, ""message"": 1, ""literature"": 1, ""notes"": """"}",mstoklas,2025-11-12T16:59:49.194498
1538,105,questions,"{""difficulty"": 0, ""completeness"": 0, ""correctness_of_responses"": 1, ""notes"": """"}",tgregorova,2025-11-12T17:00:28.895093
1539,173,questions,"{""difficulty"": 0, ""completeness"": 0, ""correctness_of_responses"": 0, ""notes"": """"}",tgregorova,2025-11-12T17:00:44.749593
1540,212,story,"{""age_appropriateness"": 1, ""clarity"": 1, ""creativity"": 0, ""language"": 1, ""message"": 0, ""literature"": 0, ""notes"": """"}",mstoklas,2025-11-12T17:01:35.676755
1541,86,questions,"{""difficulty"": 1, ""completeness"": 1, ""correctness_of_responses"": 0, ""notes"": """"}",tgregorova,2025-11-12T17:01:39.061363
1542,263,story,"{""age_appropriateness"": 1, ""clarity"": 1, ""creativity"": 1, ""language"": 1, ""message"": 1, ""literature"": 1, ""notes"": """"}",mstoklas,2025-11-12T17:04:28.998932
1543,32,story,"{""age_appropriateness"": 1, ""clarity"": 0, ""creativity"": 1, ""language"": 1, ""message"": 1, ""literature"": 1, ""notes"": """"}",tgregorova,2025-11-12T17:05:09.132966
1544,261,story,"{""age_appropriateness"": 0, ""clarity"": 1, ""creativity"": 1, ""language"": 0, ""message"": 1, ""literature"": 0, ""notes"": """"}",tgregorova,2025-11-12T17:05:16.838672
1545,11,story,"{""age_appropriateness"": 1, ""clarity"": 1, ""creativity"": 0, ""language"": 0, ""message"": 1, ""literature"": 1, ""notes"": """"}",tgregorova,2025-11-12T17:05:25.309733
1546,11,story,"{""age_appropriateness"": 1, ""clarity"": 1, ""creativity"": 0, ""language"": 0, ""message"": 1, ""literature"": 1, ""notes"": """"}",tgregorova,2025-11-12T17:05:25.583157
1547,256,story,"{""age_appropriateness"": 1, ""clarity"": 1, ""creativity"": 0, ""language"": 1, ""message"": 0, ""literature"": 1, ""notes"": """"}",tgregorova,2025-11-12T17:05:38.062264
1548,256,story,"{""age_appropriateness"": 1, ""clarity"": 1, ""creativity"": 0, ""language"": 1, ""message"": 0, ""literature"": 1, ""notes"": """"}",tgregorova,2025-11-12T17:05:38.815106
1549,299,story,"{""age_appropriateness"": 1, ""clarity"": 1, ""creativity"": 1, ""language"": 1, ""message"": 1, ""literature"": 0, ""notes"": """"}",tgregorova,2025-11-12T17:05:49.015609
1550,299,story,"{""age_appropriateness"": 1, ""clarity"": 1, ""creativity"": 1, ""language"": 1, ""message"": 1, ""literature"": 0, ""notes"": """"}",tgregorova,2025-11-12T17:05:49.250876
1551,324,story,"{""age_appropriateness"": 1, ""clarity"": 0, ""creativity"": 1, ""language"": 0, ""message"": 1, ""literature"": 0, ""notes"": """"}",tgregorova,2025-11-12T17:06:03.528884
1552,307,story,"{""age_appropriateness"": 0, ""clarity"": 0, ""creativity"": 1, ""language"": 1, ""message"": 1, ""literature"": 0, ""notes"": """"}",tgregorova,2025-11-12T17:06:17.706958
1553,370,story,"{""age_appropriateness"": 1, ""clarity"": 1, ""creativity"": 0, ""language"": 1, ""message"": 0, ""literature"": 1, ""notes"": """"}",tgregorova,2025-11-12T17:06:27.184860
1554,150,story,"{""age_appropriateness"": 1, ""clarity"": 0, ""creativity"": 1, ""language"": 0, ""message"": 0, ""literature"": 0, ""notes"": """"}",mstoklas,2025-11-12T17:06:33.340577
1555,363,story,"{""age_appropriateness"": 1, ""clarity"": 0, ""creativity"": 1, ""language"": 1, ""message"": 1, ""literature"": 0, ""notes"": """"}",tgregorova,2025-11-12T17:06:35.929424
1556,328,story,"{""age_appropriateness"": 1, ""clarity"": 0, ""creativity"": 0, ""language"": 0, ""message"": 1, ""literature"": 0, ""notes"": """"}",tgregorova,2025-11-12T17:06:52.491005
1557,119,story,"{""age_appropriateness"": 1, ""clarity"": 0, ""creativity"": 1, ""language"": 1, ""message"": 1, ""literature"": 0, ""notes"": """"}",tgregorova,2025-11-12T17:07:26.298038
1558,25,story,"{""age_appropriateness"": 1, ""clarity"": 0, ""creativity"": 1, ""language"": 1, ""message"": 0, ""literature"": 0, ""notes"": """"}",tgregorova,2025-11-12T17:07:37.488636
1559,294,story,"{""age_appropriateness"": 1, ""clarity"": 1, ""creativity"": 1, ""language"": 0, ""message"": 1, ""literature"": 0, ""notes"": """"}",tgregorova,2025-11-12T17:07:46.010378
1560,70,story,"{""age_appropriateness"": 1, ""clarity"": 1, ""creativity"": 1, ""language"": 0, ""message"": 1, ""literature"": 0, ""notes"": """"}",tgregorova,2025-11-12T17:08:20.033812
1561,273,story,"{""age_appropriateness"": 1, ""clarity"": 0, ""creativity"": 0, ""language"": 1, ""message"": 1, ""literature"": 0, ""notes"": """"}",tgregorova,2025-11-12T17:08:28.448773
1562,134,story,"{""age_appropriateness"": 1, ""clarity"": 0, ""creativity"": 1, ""language"": 0, ""message"": 1, ""literature"": 0, ""notes"": """"}",tgregorova,2025-11-12T17:08:39.137758
1563,14,story,"{""age_appropriateness"": 1, ""clarity"": 0, ""creativity"": 1, ""language"": 1, ""message"": 0, ""literature"": 0, ""notes"": """"}",tgregorova,2025-11-12T17:08:47.184555
1564,14,story,"{""age_appropriateness"": 1, ""clarity"": 0, ""creativity"": 1, ""language"": 1, ""message"": 0, ""literature"": 0, ""notes"": """"}",tgregorova,2025-11-12T17:08:47.396101
1565,258,story,"{""age_appropriateness"": 1, ""clarity"": 1, ""creativity"": 1, ""language"": 0, ""message"": 1, ""literature"": 0, ""notes"": """"}",tgregorova,2025-11-12T17:09:04.208018
1566,181,story,"{""age_appropriateness"": 0, ""clarity"": 0, ""creativity"": 1, ""language"": 1, ""message"": 1, ""literature"": 0, ""notes"": """"}",tgregorova,2025-11-12T17:09:15.421754
1567,154,story,"{""age_appropriateness"": 0, ""clarity"": 0, ""creativity"": 0, ""language"": 0, ""message"": 0, ""literature"": 0, ""notes"": """"}",tgregorova,2025-11-12T17:09:27.094581
1568,24,story,"{""age_appropriateness"": 1, ""clarity"": 0, ""creativity"": 0, ""language"": 0, ""message"": 1, ""literature"": 0, ""notes"": """"}",tgregorova,2025-11-12T17:09:37.126807
1569,248,story,"{""age_appropriateness"": 1, ""clarity"": 1, ""creativity"": 1, ""language"": 1, ""message"": 1, ""literature"": 1, ""notes"": """"}",mstoklas,2025-11-12T17:12:36.526143
1570,99,story,"{""age_appropriateness"": 0, ""clarity"": 1, ""creativity"": 0, ""language"": 1, ""message"": 1, ""literature"": 1, ""notes"": """"}",tgregorova,2025-11-12T17:14:47.520584
1571,176,story,"{""age_appropriateness"": 0, ""clarity"": 0, ""creativity"": 0, ""language"": 0, ""message"": 0, ""literature"": 0, ""notes"": """"}",tgregorova,2025-11-12T17:14:55.847716
1572,350,story,"{""age_appropriateness"": 1, ""clarity"": 1, ""creativity"": 0, ""language"": 1, ""message"": 0, ""literature"": 0, ""notes"": """"}",tgregorova,2025-11-12T17:15:16.219555
1573,348,story,"{""age_appropriateness"": 1, ""clarity"": 1, ""creativity"": 1, ""language"": 1, ""message"": 1, ""literature"": 1, ""notes"": """"}",mstoklas,2025-11-12T17:15:24.380170
1574,89,story,"{""age_appropriateness"": 1, ""clarity"": 1, ""creativity"": 1, ""language"": 1, ""message"": 1, ""literature"": 1, ""notes"": """"}",mstoklas,2025-11-12T17:17:46.829925
1575,111,story,"{""age_appropriateness"": 1, ""clarity"": 1, ""creativity"": 1, ""language"": 1, ""message"": 1, ""literature"": 1, ""notes"": """"}",mstoklas,2025-11-12T17:21:59.939966
1576,293,story,"{""age_appropriateness"": 1, ""clarity"": 1, ""creativity"": 1, ""language"": 1, ""message"": 0, ""literature"": 0, ""notes"": """"}",mstoklas,2025-11-12T17:23:29.051738
1577,293,story,"{""age_appropriateness"": 1, ""clarity"": 0, ""creativity"": 1, ""language"": 1, ""message"": 0, ""literature"": 1, ""notes"": """"}",tgregorova,2025-11-12T17:24:01.326519
1578,358,story,"{""age_appropriateness"": 1, ""clarity"": 0, ""creativity"": 0, ""language"": 1, ""message"": 1, ""literature"": 0, ""notes"": """"}",tgregorova,2025-11-12T17:24:12.809305
1579,304,story,"{""age_appropriateness"": 0, ""clarity"": 1, ""creativity"": 1, ""language"": 1, ""message"": 1, ""literature"": 1, ""notes"": """"}",tgregorova,2025-11-12T17:24:20.858041
1580,122,story,"{""age_appropriateness"": 1, ""clarity"": 0, ""creativity"": 0, ""language"": 0, ""message"": 1, ""literature"": 0, ""notes"": """"}",tgregorova,2025-11-12T17:24:29.907846
1581,330,story,"{""age_appropriateness"": 0, ""clarity"": 0, ""creativity"": 0, ""language"": 0, ""message"": 0, ""literature"": 0, ""notes"": """"}",tgregorova,2025-11-12T17:24:41.177942
1582,192,story,"{""age_appropriateness"": 1, ""clarity"": 0, ""creativity"": 1, ""language"": 0, ""message"": 1, ""literature"": 0, ""notes"": """"}",tgregorova,2025-11-12T17:24:52.487677
1583,192,story,"{""age_appropriateness"": 1, ""clarity"": 0, ""creativity"": 1, ""language"": 0, ""message"": 1, ""literature"": 0, ""notes"": """"}",tgregorova,2025-11-12T17:24:52.944110
1584,46,story,"{""age_appropriateness"": 0, ""clarity"": 0, ""creativity"": 1, ""language"": 1, ""message"": 1, ""literature"": 1, ""notes"": """"}",tgregorova,2025-11-12T17:25:25.938082
1585,316,story,"{""age_appropriateness"": 1, ""clarity"": 0, ""creativity"": 1, ""language"": 1, ""message"": 1, ""literature"": 0, ""notes"": """"}",tgregorova,2025-11-12T17:25:34.676736
1586,42,story,"{""age_appropriateness"": 1, ""clarity"": 1, ""creativity"": 1, ""language"": 1, ""message"": 1, ""literature"": 1, ""notes"": """"}",tgregorova,2025-11-12T17:25:45.590938
1587,55,story,"{""age_appropriateness"": 1, ""clarity"": 0, ""creativity"": 1, ""language"": 1, ""message"": 1, ""literature"": 1, ""notes"": """"}",tgregorova,2025-11-12T17:26:00.926195
1588,140,story,"{""age_appropriateness"": 1, ""clarity"": 0, ""creativity"": 1, ""language"": 1, ""message"": 0, ""literature"": 0, ""notes"": """"}",tgregorova,2025-11-12T17:26:11.534799
1589,333,story,"{""age_appropriateness"": 1, ""clarity"": 0, ""creativity"": 1, ""language"": 1, ""message"": 0, ""literature"": 0, ""notes"": """"}",tgregorova,2025-11-12T17:26:24.708844
1590,260,story,"{""age_appropriateness"": 0, ""clarity"": 0, ""creativity"": 1, ""language"": 1, ""message"": 0, ""literature"": 0, ""notes"": """"}",tgregorova,2025-11-12T17:26:35.803244
1591,265,story,"{""age_appropriateness"": 1, ""clarity"": 1, ""creativity"": 1, ""language"": 1, ""message"": 1, ""literature"": 1, ""notes"": """"}",tgregorova,2025-11-12T17:26:56.660842
1592,263,story,"{""age_appropriateness"": 1, ""clarity"": 1, ""creativity"": 1, ""language"": 1, ""message"": 1, ""literature"": 0, ""notes"": """"}",tgregorova,2025-11-12T17:27:05.651881
1593,320,story,"{""age_appropriateness"": 1, ""clarity"": 0, ""creativity"": 1, ""language"": 0, ""message"": 1, ""literature"": 0, ""notes"": """"}",tgregorova,2025-11-12T17:27:14.382689
1594,191,story,"{""age_appropriateness"": 0, ""clarity"": 1, ""creativity"": 0, ""language"": 0, ""message"": 1, ""literature"": 0, ""notes"": """"}",tgregorova,2025-11-12T17:27:21.906855
1595,332,story,"{""age_appropriateness"": 0, ""clarity"": 0, ""creativity"": 1, ""language"": 1, ""message"": 0, ""literature"": 0, ""notes"": """"}",tgregorova,2025-11-12T17:27:28.540311
1596,262,story,"{""age_appropriateness"": 1, ""clarity"": 1, ""creativity"": 1, ""language"": 1, ""message"": 1, ""literature"": 1, ""notes"": """"}",tgregorova,2025-11-12T17:27:36.851742
1597,4,story,"{""age_appropriateness"": 1, ""clarity"": 0, ""creativity"": 1, ""language"": 0, ""message"": 0, ""literature"": 0, ""notes"": """"}",tgregorova,2025-11-12T17:27:47.139739
1598,264,theme,"{""theme_quality"": 0, ""theme_success"": 0, ""roleplaying"": 0, ""notes"": """"}",nprokopchuk,2025-11-12T17:48:03.054777
1599,70,theme,"{""theme_quality"": 1, ""theme_success"": 0, ""roleplaying"": 1, ""notes"": """"}",nprokopchuk,2025-11-12T17:48:31.112396
1600,225,theme,"{""theme_quality"": 1, ""theme_success"": 1, ""roleplaying"": 0, ""notes"": """"}",nprokopchuk,2025-11-12T17:52:21.457496
1601,154,theme,"{""theme_quality"": 1, ""theme_success"": 1, ""roleplaying"": 0, ""notes"": """"}",nprokopchuk,2025-11-12T17:58:57.378930
1602,321,theme,"{""theme_quality"": 0, ""theme_success"": 0, ""roleplaying"": 0, ""notes"": """"}",nprokopchuk,2025-11-12T17:59:24.454591
1603,100,theme,"{""theme_quality"": 1, ""theme_success"": 1, ""roleplaying"": 0, ""notes"": """"}",nprokopchuk,2025-11-12T18:02:42.023246
1604,324,theme,"{""theme_quality"": 1, ""theme_success"": 0, ""roleplaying"": 0, ""notes"": """"}",nprokopchuk,2025-11-12T18:02:58.715175
1605,39,theme,"{""theme_quality"": 1, ""theme_success"": 1, ""roleplaying"": 1, ""notes"": """"}",mstoklas,2025-11-12T18:12:32.122992
1606,273,theme,"{""theme_quality"": 1, ""theme_success"": 1, ""roleplaying"": 0, ""notes"": """"}",mstoklas,2025-11-12T18:14:29.327993
1607,287,theme,"{""theme_quality"": 1, ""theme_success"": 0, ""roleplaying"": 0, ""notes"": """"}",nprokopchuk,2025-11-12T18:14:45.985569
1608,269,theme,"{""theme_quality"": 1, ""theme_success"": 1, ""roleplaying"": 0, ""notes"": """"}",nprokopchuk,2025-11-12T18:15:18.717080
1609,249,theme,"{""theme_quality"": 1, ""theme_success"": 1, ""roleplaying"": 0, ""notes"": """"}",nprokopchuk,2025-11-12T18:15:42.125724
1610,114,theme,"{""theme_quality"": 1, ""theme_success"": 1, ""roleplaying"": 1, ""notes"": """"}",mstoklas,2025-11-12T18:16:46.397502
1611,333,theme,"{""theme_quality"": 1, ""theme_success"": 1, ""roleplaying"": 1, ""notes"": """"}",nprokopchuk,2025-11-12T18:19:33.843355
1612,123,theme,"{""theme_quality"": 0, ""theme_success"": 1, ""roleplaying"": 1, ""notes"": """"}",mstoklas,2025-11-12T18:20:16.686914
1613,135,theme,"{""theme_quality"": 1, ""theme_success"": 0, ""roleplaying"": 0, ""notes"": """"}",nprokopchuk,2025-11-12T18:20:23.967922
1614,122,theme,"{""theme_quality"": 0, ""theme_success"": 0, ""roleplaying"": 1, ""notes"": """"}",mstoklas,2025-11-12T18:23:53.888095
1615,257,theme,"{""theme_quality"": 0, ""theme_success"": 0, ""roleplaying"": 0, ""notes"": """"}",mstoklas,2025-11-12T18:24:52.461357
1616,313,theme,"{""theme_quality"": 1, ""theme_success"": 0, ""roleplaying"": 0, ""notes"": """"}",mstoklas,2025-11-12T18:26:21.508834
1617,155,theme,"{""theme_quality"": 0, ""theme_success"": 0, ""roleplaying"": 1, ""notes"": """"}",mstoklas,2025-11-12T18:27:58.735160
1618,40,theme,"{""theme_quality"": 1, ""theme_success"": 1, ""roleplaying"": 1, ""notes"": """"}",mstoklas,2025-11-12T18:29:45.532402
1619,157,theme,"{""theme_quality"": 1, ""theme_success"": 1, ""roleplaying"": 1, ""notes"": """"}",mstoklas,2025-11-12T18:31:44.747547
1620,107,theme,"{""theme_quality"": 1, ""theme_success"": 1, ""roleplaying"": 1, ""notes"": """"}",mstoklas,2025-11-12T18:33:52.813357
1621,305,story,"{""age_appropriateness"": 1, ""clarity"": 1, ""creativity"": 1, ""language"": 1, ""message"": 1, ""literature"": 0, ""notes"": """"}",nhmeljak,2025-11-12T18:40:42.885561
1622,290,theme,"{""theme_quality"": 0, ""theme_success"": 0, ""roleplaying"": 0, ""notes"": """"}",nprokopchuk,2025-11-12T18:45:59.564487
1623,209,theme,"{""theme_quality"": 1, ""theme_success"": 1, ""roleplaying"": 0, ""notes"": """"}",nprokopchuk,2025-11-12T18:48:09.105669
1624,282,theme,"{""theme_quality"": 1, ""theme_success"": 1, ""roleplaying"": 0, ""notes"": """"}",nprokopchuk,2025-11-12T18:48:24.599125
1625,83,theme,"{""theme_quality"": 1, ""theme_success"": 1, ""roleplaying"": 0, ""notes"": """"}",nprokopchuk,2025-11-12T18:49:36.470396
1626,242,theme,"{""theme_quality"": 1, ""theme_success"": 1, ""roleplaying"": 1, ""notes"": """"}",nprokopchuk,2025-11-12T18:49:54.699018
1627,357,theme,"{""theme_quality"": 1, ""theme_success"": 1, ""roleplaying"": 0, ""notes"": """"}",nprokopchuk,2025-11-12T18:50:28.456786
1628,248,theme,"{""theme_quality"": 1, ""theme_success"": 1, ""roleplaying"": 1, ""notes"": """"}",nprokopchuk,2025-11-12T18:50:47.534781
1629,1,theme,"{""theme_quality"": 1, ""theme_success"": 0, ""roleplaying"": 0, ""notes"": """"}",nprokopchuk,2025-11-12T18:51:01.253653
1630,167,story,"{""age_appropriateness"": 0, ""clarity"": 1, ""creativity"": 1, ""language"": 1, ""message"": 0, ""literature"": 0, ""notes"": """"}",nhmeljak,2025-11-12T18:51:30.169590
1631,240,story,"{""age_appropriateness"": 1, ""clarity"": 1, ""creativity"": 1, ""language"": 1, ""message"": 1, ""literature"": 1, ""notes"": """"}",nhmeljak,2025-11-12T18:59:20.397992
1632,121,story,"{""age_appropriateness"": 1, ""clarity"": 1, ""creativity"": 1, ""language"": 0, ""message"": 1, ""literature"": 0, ""notes"": """"}",nhmeljak,2025-11-12T19:22:44.715532
1633,312,story,"{""age_appropriateness"": 0, ""clarity"": 1, ""creativity"": 0, ""language"": 1, ""message"": 0, ""literature"": 0, ""notes"": """"}",nhmeljak,2025-11-12T19:29:55.617662
1634,278,theme,"{""theme_quality"": 0, ""theme_success"": 1, ""roleplaying"": 1, ""notes"": """"}",mstoklas,2025-11-12T19:38:06.672298
1635,29,story,"{""age_appropriateness"": 1, ""clarity"": 1, ""creativity"": 1, ""language"": 1, ""message"": 1, ""literature"": 1, ""notes"": ""The japanese part is wrong\r\n-1 point""}",nhmeljak,2025-11-12T19:38:15.942769
1636,266,theme,"{""theme_quality"": 0, ""theme_success"": 0, ""roleplaying"": 0, ""notes"": ""no real change ?""}",mstoklas,2025-11-12T19:39:59.561586
1637,378,story,"{""age_appropriateness"": 1, ""clarity"": 1, ""creativity"": 0, ""language"": 0, ""message"": 1, ""literature"": 0, ""notes"": ""Sentences too short, feels like a description of a play rather than a story""}",kkuznietsova,2025-11-12T20:01:23.865209
1638,259,story,"{""age_appropriateness"": 1, ""clarity"": 1, ""creativity"": 0, ""language"": 1, ""message"": 1, ""literature"": 0, ""notes"": """"}",kkuznietsova,2025-11-12T20:04:05.483637
1639,202,story,"{""age_appropriateness"": 1, ""clarity"": 1, ""creativity"": 0, ""language"": 1, ""message"": 1, ""literature"": 0, ""notes"": """"}",kkuznietsova,2025-11-12T20:08:11.386164
1640,105,story,"{""age_appropriateness"": 1, ""clarity"": 1, ""creativity"": 1, ""language"": 1, ""message"": 1, ""literature"": 1, ""notes"": """"}",kkuznietsova,2025-11-12T20:11:40.153273
1641,303,story,"{""age_appropriateness"": 0, ""clarity"": 1, ""creativity"": 1, ""language"": 1, ""message"": 1, ""literature"": 0, ""notes"": ""Medieval times but the riddle is about keyboard :) no age range specified""}",kkuznietsova,2025-11-12T20:15:11.654277
1642,379,story,"{""age_appropriateness"": 1, ""clarity"": 1, ""creativity"": 0, ""language"": 0, ""message"": 0, ""literature"": 0, ""notes"": ""Short sentences, no story vibes""}",kkuznietsova,2025-11-12T20:17:06.660740
1643,366,story,"{""age_appropriateness"": 1, ""clarity"": 1, ""creativity"": 1, ""language"": 1, ""message"": 1, ""literature"": 1, ""notes"": ""A bit simple for kids of that age""}",kkuznietsova,2025-11-12T20:20:16.293459
1644,176,education,"{""education_quality"": 1, ""naturalness"": 0, ""correctness"": 1, ""notes"": ""It is unintentionally funny at times, but the story structure is not very story-like""}",kkuznietsova,2025-11-12T20:23:53.972103
1645,205,education,"{""education_quality"": 0, ""naturalness"": 0, ""correctness"": 1, ""notes"": """"}",kkuznietsova,2025-11-12T20:26:20.756162
1646,31,education,"{""education_quality"": 0, ""naturalness"": 0, ""correctness"": 0, ""notes"": ""Unintentionally funny sometimes, but abstract art example isn\u2019t correct and the story isn\u2019t very natural otherwise""}",kkuznietsova,2025-11-12T20:31:20.574376
1647,162,education,"{""education_quality"": 1, ""naturalness"": 1, ""correctness"": 1, ""notes"": ""Markup and emojis""}",kkuznietsova,2025-11-12T20:33:20.895840
1648,45,education,"{""education_quality"": 0, ""naturalness"": 0, ""correctness"": 1, ""notes"": ""Kind of rushed and unnatural""}",kkuznietsova,2025-11-12T20:35:26.498887
1649,40,story,"{""age_appropriateness"": 1, ""clarity"": 1, ""creativity"": 1, ""language"": 1, ""message"": 1, ""literature"": 0, ""notes"": """"}",nhmeljak,2025-11-12T20:44:43.865218
1650,102,story,"{""age_appropriateness"": 1, ""clarity"": 1, ""creativity"": 1, ""language"": 1, ""message"": 1, ""literature"": 1, ""notes"": """"}",nhmeljak,2025-11-12T20:48:24.970494
1651,195,questions,"{""difficulty"": 0, ""completeness"": 0, ""correctness_of_responses"": 0, ""notes"": """"}",jkrajtl,2025-11-12T22:42:18.614378
1652,125,questions,"{""difficulty"": 1, ""completeness"": 1, ""correctness_of_responses"": 1, ""notes"": """"}",jkrajtl,2025-11-12T22:44:53.599974
1653,140,questions,"{""difficulty"": 0, ""completeness"": 1, ""correctness_of_responses"": 1, ""notes"": """"}",jkrajtl,2025-11-12T22:48:31.651685
1654,151,questions,"{""difficulty"": 1, ""completeness"": 1, ""correctness_of_responses"": 1, ""notes"": """"}",jkrajtl,2025-11-12T22:50:35.182173
1655,254,questions,"{""difficulty"": 1, ""completeness"": 1, ""correctness_of_responses"": 1, ""notes"": """"}",jkrajtl,2025-11-12T22:51:55.960831
1656,81,questions,"{""difficulty"": 0, ""completeness"": 1, ""correctness_of_responses"": 1, ""notes"": """"}",jkrajtl,2025-11-12T22:55:12.944538
1657,114,questions,"{""difficulty"": 0, ""completeness"": 1, ""correctness_of_responses"": 1, ""notes"": """"}",jkrajtl,2025-11-12T22:56:59.482647
1658,103,questions,"{""difficulty"": 0, ""completeness"": 0, ""correctness_of_responses"": 0, ""notes"": """"}",jkrajtl,2025-11-12T22:58:39.336167
1659,79,questions,"{""difficulty"": 1, ""completeness"": 1, ""correctness_of_responses"": 1, ""notes"": """"}",jkrajtl,2025-11-12T23:00:16.367947
1660,210,questions,"{""difficulty"": 0, ""completeness"": 1, ""correctness_of_responses"": 1, ""notes"": """"}",jkrajtl,2025-11-12T23:03:15.220714
1661,60,questions,"{""difficulty"": 1, ""completeness"": 1, ""correctness_of_responses"": 1, ""notes"": """"}",jkrajtl,2025-11-12T23:04:28.428393
1662,255,questions,"{""difficulty"": 1, ""completeness"": 1, ""correctness_of_responses"": 1, ""notes"": """"}",jkrajtl,2025-11-12T23:06:31.977360
1663,115,questions,"{""difficulty"": 1, ""completeness"": 1, ""correctness_of_responses"": 1, ""notes"": """"}",jkrajtl,2025-11-12T23:09:24.892389
1664,74,questions,"{""difficulty"": 1, ""completeness"": 1, ""correctness_of_responses"": 1, ""notes"": """"}",jkrajtl,2025-11-12T23:10:56.934035
1665,257,questions,"{""difficulty"": 1, ""completeness"": 1, ""correctness_of_responses"": 1, ""notes"": """"}",jkrajtl,2025-11-12T23:13:39.933016
1666,224,questions,"{""difficulty"": 1, ""completeness"": 0, ""correctness_of_responses"": 1, ""notes"": """"}",jkrajtl,2025-11-12T23:17:45.465637
1667,237,questions,"{""difficulty"": 1, ""completeness"": 1, ""correctness_of_responses"": 1, ""notes"": """"}",jkrajtl,2025-11-12T23:22:08.034144
1668,180,questions,"{""difficulty"": 1, ""completeness"": 1, ""correctness_of_responses"": 1, ""notes"": """"}",jkrajtl,2025-11-12T23:22:58.473905
1669,296,story,"{""age_appropriateness"": 1, ""clarity"": 1, ""creativity"": 1, ""language"": 1, ""message"": 1, ""literature"": 0, ""notes"": """"}",kkuznietsova,2025-11-13T06:50:50.027056
1670,196,questions,"{""difficulty"": 0, ""completeness"": 0, ""correctness_of_responses"": 1, ""notes"": """"}",jkrajtl,2025-11-13T08:30:49.882843
1671,184,questions,"{""difficulty"": 1, ""completeness"": 1, ""correctness_of_responses"": 1, ""notes"": """"}",jkrajtl,2025-11-13T08:35:33.341663
1672,190,questions,"{""difficulty"": 1, ""completeness"": 1, ""correctness_of_responses"": 1, ""notes"": """"}",jkrajtl,2025-11-13T08:41:18.752761
1673,92,questions,"{""difficulty"": 0, ""completeness"": 0, ""correctness_of_responses"": 1, ""notes"": """"}",jkrajtl,2025-11-13T08:44:21.565458
1674,181,questions,"{""difficulty"": 1, ""completeness"": 1, ""correctness_of_responses"": 1, ""notes"": """"}",jkrajtl,2025-11-13T08:45:44.245491
1675,27,questions,"{""difficulty"": 0, ""completeness"": 0, ""correctness_of_responses"": 1, ""notes"": """"}",jkrajtl,2025-11-13T08:52:08.414023
1676,13,questions,"{""difficulty"": 1, ""completeness"": 1, ""correctness_of_responses"": 1, ""notes"": """"}",jkrajtl,2025-11-13T08:54:22.120979
1677,101,questions,"{""difficulty"": 1, ""completeness"": 1, ""correctness_of_responses"": 1, ""notes"": """"}",jkrajtl,2025-11-13T08:57:10.166295
1678,32,questions,"{""difficulty"": 1, ""completeness"": 1, ""correctness_of_responses"": 1, ""notes"": """"}",jkrajtl,2025-11-13T08:58:57.789670
1679,147,questions,"{""difficulty"": 0, ""completeness"": 0, ""correctness_of_responses"": 0, ""notes"": """"}",jkrajtl,2025-11-13T09:04:37.546287
1680,30,questions,"{""difficulty"": 0, ""completeness"": 0, ""correctness_of_responses"": 1, ""notes"": """"}",jkrajtl,2025-11-13T09:07:56.372120
1681,23,questions,"{""difficulty"": 0, ""completeness"": 0, ""correctness_of_responses"": 0, ""notes"": """"}",jkrajtl,2025-11-13T09:09:02.170210
1682,131,questions,"{""difficulty"": 1, ""completeness"": 1, ""correctness_of_responses"": 1, ""notes"": """"}",jkrajtl,2025-11-13T09:10:43.502108
1683,1,questions,"{""difficulty"": 1, ""completeness"": 0, ""correctness_of_responses"": 1, ""notes"": """"}",jkrajtl,2025-11-13T09:13:40.340269
1684,102,questions,"{""difficulty"": 1, ""completeness"": 0, ""correctness_of_responses"": 1, ""notes"": """"}",jkrajtl,2025-11-13T09:15:54.289986
1685,111,questions,"{""difficulty"": 0, ""completeness"": 0, ""correctness_of_responses"": 0, ""notes"": """"}",jkrajtl,2025-11-13T09:17:46.958524
1686,189,theme,"{""theme_quality"": 0, ""theme_success"": 1, ""roleplaying"": 1, ""notes"": ""Too much personalisation of crayons, not obvious if Red is another kid or another crayon""}",kkuznietsova,2025-11-13T10:53:40.345712
1687,299,theme,"{""theme_quality"": 0, ""theme_success"": 0, ""roleplaying"": 0, ""notes"": ""Changed to the worse in my opinion""}",kkuznietsova,2025-11-13T10:59:09.702750
1688,230,theme,"{""theme_quality"": 0, ""theme_success"": 0, ""roleplaying"": 1, ""notes"": ""The is girl earning badges instead of the dog :)""}",kkuznietsova,2025-11-13T11:01:20.354776
1689,51,theme,"{""theme_quality"": 0, ""theme_success"": 1, ""roleplaying"": 1, ""notes"": ""Too many proper names that are not explained, the plot is a bit too simple otherwise""}",kkuznietsova,2025-11-13T11:05:26.096830
1690,90,questions,"{""difficulty"": 1, ""completeness"": 1, ""correctness_of_responses"": 1, ""notes"": ""No age range visible""}",kkuznietsova,2025-11-13T11:09:01.526476
1691,178,story,"{""age_appropriateness"": 0, ""clarity"": 1, ""creativity"": 1, ""language"": 0, ""message"": 0, ""literature"": 0, ""notes"": """"}",mstoklas,2025-11-13T12:40:23.085578
1692,15,story,"{""age_appropriateness"": 1, ""clarity"": 1, ""creativity"": 1, ""language"": 1, ""message"": 1, ""literature"": 1, ""notes"": """"}",mstoklas,2025-11-13T12:42:19.339301
1693,145,story,"{""age_appropriateness"": 1, ""clarity"": 1, ""creativity"": 0, ""language"": 1, ""message"": 1, ""literature"": 0, ""notes"": """"}",mstoklas,2025-11-13T12:44:52.506905
1694,311,story,"{""age_appropriateness"": 1, ""clarity"": 0, ""creativity"": 1, ""language"": 0, ""message"": 1, ""literature"": 0, ""notes"": """"}",mstoklas,2025-11-13T12:46:42.377401
1695,81,story,"{""age_appropriateness"": 1, ""clarity"": 0, ""creativity"": 1, ""language"": 1, ""message"": 1, ""literature"": 0, ""notes"": """"}",mstoklas,2025-11-13T12:49:39.437377
1696,284,story,"{""age_appropriateness"": 1, ""clarity"": 1, ""creativity"": 1, ""language"": 1, ""message"": 0, ""literature"": 0, ""notes"": """"}",mstoklas,2025-11-13T12:52:00.068391
1697,149,story,"{""age_appropriateness"": 0, ""clarity"": 0, ""creativity"": 0, ""language"": 0, ""message"": 0, ""literature"": 0, ""notes"": """"}",mstoklas,2025-11-13T12:52:53.241035
1698,332,story,"{""age_appropriateness"": 1, ""clarity"": 0, ""creativity"": 0, ""language"": 1, ""message"": 0, ""literature"": 0, ""notes"": """"}",mstoklas,2025-11-13T12:57:01.431276
1699,87,story,"{""age_appropriateness"": 1, ""clarity"": 1, ""creativity"": 0, ""language"": 1, ""message"": 0, ""literature"": 0, ""notes"": """"}",mstoklas,2025-11-13T12:59:18.908366
1700,217,theme,"{""theme_quality"": 1, ""theme_success"": 1, ""roleplaying"": 1, ""notes"": ""Not exactly the kind of trust you\u2019d expect from the prompt, but it works. Question is though if it\u2019s sensible for a 12-13 year old to run into fire just because of \u201ctrusting herself\u201d?""}",kkuznietsova,2025-11-13T18:55:00.031127
1701,63,theme,"{""theme_quality"": 1, ""theme_success"": 1, ""roleplaying"": 1, ""notes"": """"}",kkuznietsova,2025-11-13T18:57:51.182899
1702,248,theme,"{""theme_quality"": 1, ""theme_success"": 1, ""roleplaying"": 1, ""notes"": ""Probably a bit too cheesy and simple for 15 year olds.""}",kkuznietsova,2025-11-13T19:02:02.483207
1703,61,theme,"{""theme_quality"": 1, ""theme_success"": 1, ""roleplaying"": 1, ""notes"": ""A bit factually dense (too many characters for a short story)""}",kkuznietsova,2025-11-13T19:05:22.858639
1704,25,theme,"{""theme_quality"": 0, ""theme_success"": 1, ""roleplaying"": 1, ""notes"": ""Everything\u2019s fine except how did monkey notice his footsteps when he was swinging from branch to branch to get to his destination? Otherwise good story.""}",kkuznietsova,2025-11-13T19:08:50.851566
1705,321,theme,"{""theme_quality"": 0, ""theme_success"": 1, ""roleplaying"": 1, ""notes"": ""I guess it could be read by very small kids who know no other time or sentence construction to practice, but it\u2019s a bit hard to follow as an adult and boring to read as a story.""}",kkuznietsova,2025-11-13T19:13:15.605200
1706,156,story,"{""age_appropriateness"": 0, ""clarity"": 1, ""creativity"": 0, ""language"": 0, ""message"": 0, ""literature"": 0, ""notes"": ""Not sure what was the idea or the lesson here, no age range""}",kkuznietsova,2025-11-13T19:15:45.273310
1707,95,story,"{""age_appropriateness"": 1, ""clarity"": 1, ""creativity"": 1, ""language"": 1, ""message"": 1, ""literature"": 1, ""notes"": """"}",kkuznietsova,2025-11-13T19:18:50.923854
1708,332,theme,"{""theme_quality"": 0, ""theme_success"": 1, ""roleplaying"": 1, ""notes"": ""Story gets messy by the end, but until chapter four was pretty good""}",kkuznietsova,2025-11-13T19:23:28.037116
1709,327,theme,"{""theme_quality"": 1, ""theme_success"": 1, ""roleplaying"": 1, ""notes"": """"}",kkuznietsova,2025-11-13T19:24:45.218711
1710,96,theme,"{""theme_quality"": 1, ""theme_success"": 1, ""roleplaying"": 1, ""notes"": """"}",kkuznietsova,2025-11-13T19:27:01.838908
1711,225,theme,"{""theme_quality"": 1, ""theme_success"": 1, ""roleplaying"": 1, ""notes"": """"}",kkuznietsova,2025-11-13T19:34:49.491236
1712,305,theme,"{""theme_quality"": 0, ""theme_success"": 1, ""roleplaying"": 1, ""notes"": ""kind of makes it feel like seasons are objects and not a combination of weather conditions + human-made concepts, but maybe some kids wouldn\u2019t care""}",kkuznietsova,2025-11-13T19:40:55.472510
1713,56,story,"{""age_appropriateness"": 1, ""clarity"": 1, ""creativity"": 0, ""language"": 1, ""message"": 0, ""literature"": 0, ""notes"": """"}",mstoklas,2025-11-13T19:42:29.970957
1714,139,theme,"{""theme_quality"": 0, ""theme_success"": 1, ""roleplaying"": 1, ""notes"": ""The hardest period in a life of a boy begins at 45 years old :D not a story, more like a piece of it, no moral or structure of a full story though""}",kkuznietsova,2025-11-13T19:45:47.873495
1715,344,story,"{""age_appropriateness"": 1, ""clarity"": 1, ""creativity"": 1, ""language"": 1, ""message"": 1, ""literature"": 0, ""notes"": """"}",mstoklas,2025-11-13T19:46:15.573949
1716,178,theme,"{""theme_quality"": 1, ""theme_success"": 1, ""roleplaying"": 1, ""notes"": ""I enjoyed it""}",kkuznietsova,2025-11-13T19:49:30.653076
1717,291,story,"{""age_appropriateness"": 1, ""clarity"": 1, ""creativity"": 0, ""language"": 1, ""message"": 1, ""literature"": 0, ""notes"": """"}",mstoklas,2025-11-13T19:51:57.067860
1718,47,theme,"{""theme_quality"": 0, ""theme_success"": 1, ""roleplaying"": 1, ""notes"": ""A bit too chaotic to follow""}",kkuznietsova,2025-11-13T19:52:35.003114
1719,173,story,"{""age_appropriateness"": 0, ""clarity"": 0, ""creativity"": 1, ""language"": 1, ""message"": 0, ""literature"": 0, ""notes"": """"}",mstoklas,2025-11-13T19:52:54.326315
1720,21,story,"{""age_appropriateness"": 1, ""clarity"": 1, ""creativity"": 0, ""language"": 1, ""message"": 0, ""literature"": 0, ""notes"": """"}",mstoklas,2025-11-13T19:54:10.688918
1721,298,theme,"{""theme_quality"": 1, ""theme_success"": 1, ""roleplaying"": 1, ""notes"": """"}",kkuznietsova,2025-11-13T19:55:39.707851
1722,352,story,"{""age_appropriateness"": 1, ""clarity"": 1, ""creativity"": 1, ""language"": 0, ""message"": 1, ""literature"": 0, ""notes"": """"}",mstoklas,2025-11-13T19:56:41.089009
1723,218,story,"{""age_appropriateness"": 0, ""clarity"": 1, ""creativity"": 0, ""language"": 1, ""message"": 0, ""literature"": 0, ""notes"": """"}",mstoklas,2025-11-13T19:57:23.039503
1724,157,story,"{""age_appropriateness"": 0, ""clarity"": 0, ""creativity"": 1, ""language"": 0, ""message"": 0, ""literature"": 0, ""notes"": """"}",mstoklas,2025-11-13T19:57:55.053714
1725,57,story,"{""age_appropriateness"": 1, ""clarity"": 1, ""creativity"": 0, ""language"": 1, ""message"": 0, ""literature"": 0, ""notes"": """"}",mstoklas,2025-11-13T19:59:40.699515
1726,364,story,"{""age_appropriateness"": 1, ""clarity"": 1, ""creativity"": 1, ""language"": 1, ""message"": 1, ""literature"": 0, ""notes"": """"}",mstoklas,2025-11-13T20:01:52.064975
1727,61,story,"{""age_appropriateness"": 0, ""clarity"": 1, ""creativity"": 0, ""language"": 1, ""message"": 1, ""literature"": 0, ""notes"": """"}",mstoklas,2025-11-13T20:04:27.730834
1728,270,story,"{""age_appropriateness"": 0, ""clarity"": 0, ""creativity"": 0, ""language"": 0, ""message"": 1, ""literature"": 0, ""notes"": """"}",mstoklas,2025-11-13T20:06:35.922770
1729,154,story,"{""age_appropriateness"": 0, ""clarity"": 1, ""creativity"": 1, ""language"": 1, ""message"": 0, ""literature"": 1, ""notes"": ""Really interesting prompt.""}",mstoklas,2025-11-13T20:08:32.411298
1730,370,story,"{""age_appropriateness"": 1, ""clarity"": 1, ""creativity"": 0, ""language"": 1, ""message"": 0, ""literature"": 0, ""notes"": """"}",mstoklas,2025-11-13T20:10:26.820266
1731,100,story,"{""age_appropriateness"": 1, ""clarity"": 1, ""creativity"": 0, ""language"": 1, ""message"": 0, ""literature"": 0, ""notes"": """"}",mstoklas,2025-11-13T20:12:18.318976
1732,351,story,"{""age_appropriateness"": 1, ""clarity"": 1, ""creativity"": 1, ""language"": 1, ""message"": 1, ""literature"": 1, ""notes"": """"}",mstoklas,2025-11-13T20:14:27.238282
1733,137,theme,"{""theme_quality"": 0, ""theme_success"": 0, ""roleplaying"": 1, ""notes"": """"}",vdurn,2025-11-13T20:24:06.719098
1734,74,theme,"{""theme_quality"": 0, ""theme_success"": 0, ""roleplaying"": 1, ""notes"": """"}",vdurn,2025-11-13T20:24:56.309330
1735,21,theme,"{""theme_quality"": 0, ""theme_success"": 1, ""roleplaying"": 1, ""notes"": """"}",vdurn,2025-11-13T20:26:00.231285
1736,324,story,"{""age_appropriateness"": 1, ""clarity"": 1, ""creativity"": 0, ""language"": 1, ""message"": 0, ""literature"": 0, ""notes"": """"}",mstoklas,2025-11-13T20:26:03.363213
1737,127,theme,"{""theme_quality"": 0, ""theme_success"": 1, ""roleplaying"": 1, ""notes"": """"}",vdurn,2025-11-13T20:27:03.700365
1738,196,story,"{""age_appropriateness"": 1, ""clarity"": 1, ""creativity"": 0, ""language"": 1, ""message"": 0, ""literature"": 0, ""notes"": """"}",mstoklas,2025-11-13T20:27:10.763331
1739,99,story,"{""age_appropriateness"": 1, ""clarity"": 1, ""creativity"": 0, ""language"": 1, ""message"": 0, ""literature"": 0, ""notes"": """"}",mstoklas,2025-11-13T20:29:18.914943
1740,381,story,"{""age_appropriateness"": 0, ""clarity"": 0, ""creativity"": 0, ""language"": 0, ""message"": 0, ""literature"": 0, ""notes"": ""this is in Cyrillic (?) script""}",mstoklas,2025-11-13T20:30:04.043642
1741,390,story,"{""age_appropriateness"": 1, ""clarity"": 1, ""creativity"": 0, ""language"": 1, ""message"": 0, ""literature"": 0, ""notes"": """"}",mstoklas,2025-11-13T20:32:19.426911
1742,271,story,"{""age_appropriateness"": 0, ""clarity"": 0, ""creativity"": 0, ""language"": 0, ""message"": 0, ""literature"": 0, ""notes"": ""I think with these staccato sentences the moral is hard to distinguish.""}",mstoklas,2025-11-13T20:33:28.709235
1743,379,theme,"{""theme_quality"": 0, ""theme_success"": 1, ""roleplaying"": 1, ""notes"": """"}",vdurn,2025-11-13T20:45:47.987463
1744,383,theme,"{""theme_quality"": 0, ""theme_success"": 0, ""roleplaying"": 1, ""notes"": """"}",vdurn,2025-11-13T20:46:26.617322
1745,239,theme,"{""theme_quality"": 0, ""theme_success"": 0, ""roleplaying"": 0, ""notes"": """"}",vdurn,2025-11-13T20:47:24.914373
1746,28,theme,"{""theme_quality"": 0, ""theme_success"": 1, ""roleplaying"": 1, ""notes"": """"}",vdurn,2025-11-13T20:47:55.212041
1747,167,theme,"{""theme_quality"": 0, ""theme_success"": 1, ""roleplaying"": 1, ""notes"": """"}",vdurn,2025-11-13T20:49:36.968252
1748,83,theme,"{""theme_quality"": 0, ""theme_success"": 0, ""roleplaying"": 1, ""notes"": """"}",vdurn,2025-11-13T20:51:36.665611
1749,283,theme,"{""theme_quality"": 0, ""theme_success"": 1, ""roleplaying"": 1, ""notes"": """"}",vdurn,2025-11-13T20:52:35.635564
1750,245,theme,"{""theme_quality"": 0, ""theme_success"": 1, ""roleplaying"": 1, ""notes"": """"}",vdurn,2025-11-13T20:53:14.897520
1751,20,education,"{""education_quality"": 0, ""naturalness"": 1, ""correctness"": 0, ""notes"": """"}",vdurn,2025-11-13T20:59:53.211841
1752,124,education,"{""education_quality"": 0, ""naturalness"": 1, ""correctness"": 0, ""notes"": """"}",vdurn,2025-11-13T21:01:04.712433
1753,136,education,"{""education_quality"": 0, ""naturalness"": 0, ""correctness"": 1, ""notes"": """"}",vdurn,2025-11-13T21:01:31.978130
1754,77,education,"{""education_quality"": 0, ""naturalness"": 1, ""correctness"": 1, ""notes"": """"}",vdurn,2025-11-13T21:02:04.458441
1755,97,education,"{""education_quality"": 0, ""naturalness"": 1, ""correctness"": 1, ""notes"": """"}",vdurn,2025-11-13T21:03:01.938043
1756,102,education,"{""education_quality"": 0, ""naturalness"": 0, ""correctness"": 0, ""notes"": """"}",vdurn,2025-11-13T21:04:23.661051
1757,159,education,"{""education_quality"": 0, ""naturalness"": 1, ""correctness"": 1, ""notes"": """"}",vdurn,2025-11-13T21:05:04.100497
1758,188,education,"{""education_quality"": 0, ""naturalness"": 1, ""correctness"": 1, ""notes"": """"}",vdurn,2025-11-13T21:05:40.681377
1759,287,story,"{""age_appropriateness"": 1, ""clarity"": 1, ""creativity"": 1, ""language"": 0, ""message"": 1, ""literature"": 0, ""notes"": """"}",lbrezovec,2025-11-13T22:01:36.264756
1760,1,story,"{""age_appropriateness"": 1, ""clarity"": 1, ""creativity"": 1, ""language"": 1, ""message"": 1, ""literature"": 1, ""notes"": """"}",lbrezovec,2025-11-13T22:03:36.265997
1761,153,story,"{""age_appropriateness"": 0, ""clarity"": 0, ""creativity"": 1, ""language"": 1, ""message"": 0, ""literature"": 1, ""notes"": """"}",lbrezovec,2025-11-13T22:04:30.292659
1762,367,story,"{""age_appropriateness"": 1, ""clarity"": 1, ""creativity"": 1, ""language"": 1, ""message"": 0, ""literature"": 0, ""notes"": """"}",lbrezovec,2025-11-13T22:04:55.658289
1763,372,story,"{""age_appropriateness"": 1, ""clarity"": 1, ""creativity"": 1, ""language"": 1, ""message"": 0, ""literature"": 1, ""notes"": """"}",lbrezovec,2025-11-13T22:05:36.334604
1764,386,story,"{""age_appropriateness"": 1, ""clarity"": 1, ""creativity"": 1, ""language"": 1, ""message"": 1, ""literature"": 1, ""notes"": """"}",lbrezovec,2025-11-13T22:06:56.499985
1765,77,story,"{""age_appropriateness"": 1, ""clarity"": 0, ""creativity"": 1, ""language"": 1, ""message"": 1, ""literature"": 0, ""notes"": """"}",lbrezovec,2025-11-13T22:47:14.600933
1766,390,story,"{""age_appropriateness"": 1, ""clarity"": 1, ""creativity"": 1, ""language"": 1, ""message"": 0, ""literature"": 0, ""notes"": """"}",lbrezovec,2025-11-13T22:47:50.709481
1767,297,story,"{""age_appropriateness"": 1, ""clarity"": 1, ""creativity"": 1, ""language"": 1, ""message"": 0, ""literature"": 0, ""notes"": """"}",lbrezovec,2025-11-13T22:48:35.426970
1768,393,story,"{""age_appropriateness"": 1, ""clarity"": 1, ""creativity"": 1, ""language"": 1, ""message"": 0, ""literature"": 0, ""notes"": """"}",lbrezovec,2025-11-13T22:48:56.945467
1769,11,education,"{""education_quality"": 1, ""naturalness"": 1, ""correctness"": 1, ""notes"": ""Mostly good, a bit awkward sometimes: \u201cAs the ship gently returned him to Earth\u2026\u201d :D""}",kkuznietsova,2025-11-13T22:50:27.193991
1770,11,education,"{""education_quality"": 1, ""naturalness"": 1, ""correctness"": 1, ""notes"": ""Mostly good, a bit awkward sometimes: \u201cAs the ship gently returned him to Earth\u2026\u201d :D""}",kkuznietsova,2025-11-13T22:50:29.558496
1771,101,story,"{""age_appropriateness"": 1, ""clarity"": 1, ""creativity"": 0, ""language"": 1, ""message"": 1, ""literature"": 0, ""notes"": """"}",lbrezovec,2025-11-13T22:52:13.113667
1772,161,story,"{""age_appropriateness"": 1, ""clarity"": 1, ""creativity"": 1, ""language"": 1, ""message"": 0, ""literature"": 0, ""notes"": """"}",lbrezovec,2025-11-13T22:52:55.111633
1773,285,story,"{""age_appropriateness"": 1, ""clarity"": 1, ""creativity"": 0, ""language"": 1, ""message"": 1, ""literature"": 0, ""notes"": """"}",lbrezovec,2025-11-13T22:53:23.495778
1774,276,story,"{""age_appropriateness"": 1, ""clarity"": 0, ""creativity"": 1, ""language"": 1, ""message"": 0, ""literature"": 0, ""notes"": """"}",lbrezovec,2025-11-13T22:54:09.392810
1775,42,story,"{""age_appropriateness"": 1, ""clarity"": 1, ""creativity"": 1, ""language"": 1, ""message"": 0, ""literature"": 1, ""notes"": """"}",lbrezovec,2025-11-13T22:54:44.660842
1776,63,story,"{""age_appropriateness"": 1, ""clarity"": 1, ""creativity"": 1, ""language"": 1, ""message"": 0, ""literature"": 0, ""notes"": """"}",lbrezovec,2025-11-13T22:55:28.855346
1777,262,education,"{""education_quality"": 1, ""naturalness"": 1, ""correctness"": 1, ""notes"": """"}",kkuznietsova,2025-11-13T22:56:21.083054
1778,249,story,"{""age_appropriateness"": 1, ""clarity"": 1, ""creativity"": 1, ""language"": 1, ""message"": 1, ""literature"": 0, ""notes"": """"}",lbrezovec,2025-11-13T22:56:23.524530
1779,55,story,"{""age_appropriateness"": 1, ""clarity"": 1, ""creativity"": 1, ""language"": 1, ""message"": 0, ""literature"": 1, ""notes"": """"}",lbrezovec,2025-11-13T22:57:40.614319
1780,191,story,"{""age_appropriateness"": 1, ""clarity"": 1, ""creativity"": 1, ""language"": 1, ""message"": 0, ""literature"": 0, ""notes"": """"}",lbrezovec,2025-11-13T22:59:36.837844
1781,268,story,"{""age_appropriateness"": 1, ""clarity"": 0, ""creativity"": 1, ""language"": 1, ""message"": 0, ""literature"": 0, ""notes"": """"}",lbrezovec,2025-11-13T23:00:18.175672
1782,231,education,"{""education_quality"": 1, ""naturalness"": 1, ""correctness"": 1, ""notes"": ""Correctness is a bit disputable (every grain of sugar matters in cooking? in baking maybe). Some wordings are awkward, but overall it isn\u2019t bad.""}",kkuznietsova,2025-11-13T23:04:13.853036
1783,210,education,"{""education_quality"": 1, ""naturalness"": 0, ""correctness"": 0, ""notes"": ""Not sure what\u2019s the educational part in the text but I\u2019m impressed ChatGPT has no issues with non-binary pronouns (which maybe wasn\u2019t intentional judging by the prompts)""}",kkuznietsova,2025-11-13T23:11:05.214595
1784,229,education,"{""education_quality"": 1, ""naturalness"": 0, ""correctness"": 1, ""notes"": ""Medieval keyboard?""}",kkuznietsova,2025-11-13T23:13:35.670039
1785,344,story,"{""age_appropriateness"": 1, ""clarity"": 1, ""creativity"": 1, ""language"": 1, ""message"": 0, ""literature"": 0, ""notes"": """"}",lbrezovec,2025-11-13T23:19:07.130661
1786,108,story,"{""age_appropriateness"": 1, ""clarity"": 1, ""creativity"": 1, ""language"": 1, ""message"": 1, ""literature"": 0, ""notes"": """"}",lbrezovec,2025-11-13T23:19:20.345781
1787,69,story,"{""age_appropriateness"": 1, ""clarity"": 0, ""creativity"": 1, ""language"": 0, ""message"": 1, ""literature"": 0, ""notes"": """"}",lbrezovec,2025-11-13T23:20:02.046668
1788,206,story,"{""age_appropriateness"": 1, ""clarity"": 1, ""creativity"": 0, ""language"": 1, ""message"": 1, ""literature"": 0, ""notes"": """"}",lbrezovec,2025-11-13T23:24:18.331342
1789,207,story,"{""age_appropriateness"": 1, ""clarity"": 1, ""creativity"": 0, ""language"": 1, ""message"": 0, ""literature"": 0, ""notes"": """"}",lbrezovec,2025-11-13T23:32:07.898045
1790,258,story,"{""age_appropriateness"": 1, ""clarity"": 1, ""creativity"": 1, ""language"": 0, ""message"": 1, ""literature"": 0, ""notes"": """"}",lbrezovec,2025-11-13T23:34:39.759311
1791,255,story,"{""age_appropriateness"": 1, ""clarity"": 1, ""creativity"": 1, ""language"": 1, ""message"": 1, ""literature"": 0, ""notes"": """"}",lbrezovec,2025-11-13T23:35:09.893141
1792,380,story,"{""age_appropriateness"": 1, ""clarity"": 1, ""creativity"": 1, ""language"": 1, ""message"": 0, ""literature"": 0, ""notes"": """"}",lbrezovec,2025-11-13T23:36:06.808556
1793,88,story,"{""age_appropriateness"": 1, ""clarity"": 1, ""creativity"": 1, ""language"": 1, ""message"": 0, ""literature"": 0, ""notes"": """"}",lbrezovec,2025-11-13T23:36:21.111293
1794,203,story,"{""age_appropriateness"": 1, ""clarity"": 1, ""creativity"": 1, ""language"": 1, ""message"": 1, ""literature"": 1, ""notes"": """"}",lbrezovec,2025-11-13T23:36:41.911141
1795,222,story,"{""age_appropriateness"": 1, ""clarity"": 0, ""creativity"": 1, ""language"": 1, ""message"": 1, ""literature"": 0, ""notes"": """"}",lbrezovec,2025-11-13T23:37:02.950223
1796,157,story,"{""age_appropriateness"": 0, ""clarity"": 0, ""creativity"": 1, ""language"": 1, ""message"": 0, ""literature"": 0, ""notes"": """"}",lbrezovec,2025-11-13T23:37:37.021504
1797,36,story,"{""age_appropriateness"": 1, ""clarity"": 1, ""creativity"": 1, ""language"": 1, ""message"": 0, ""literature"": 0, ""notes"": """"}",lbrezovec,2025-11-13T23:50:43.550131
1798,337,story,"{""age_appropriateness"": 1, ""clarity"": 1, ""creativity"": 1, ""language"": 1, ""message"": 1, ""literature"": 1, ""notes"": """"}",lbrezovec,2025-11-13T23:50:56.673991
1799,211,story,"{""age_appropriateness"": 1, ""clarity"": 1, ""creativity"": 1, ""language"": 1, ""message"": 0, ""literature"": 0, ""notes"": """"}",lbrezovec,2025-11-13T23:51:07.148248
1800,123,story,"{""age_appropriateness"": 1, ""clarity"": 1, ""creativity"": 1, ""language"": 1, ""message"": 1, ""literature"": 0, ""notes"": """"}",lbrezovec,2025-11-13T23:51:19.823568
1801,90,story,"{""age_appropriateness"": 1, ""clarity"": 1, ""creativity"": 1, ""language"": 1, ""message"": 0, ""literature"": 0, ""notes"": """"}",lbrezovec,2025-11-13T23:51:32.148998
1802,187,story,"{""age_appropriateness"": 1, ""clarity"": 1, ""creativity"": 0, ""language"": 1, ""message"": 0, ""literature"": 0, ""notes"": """"}",lbrezovec,2025-11-13T23:51:53.498602
1803,46,story,"{""age_appropriateness"": 1, ""clarity"": 1, ""creativity"": 1, ""language"": 1, ""message"": 0, ""literature"": 0, ""notes"": """"}",lbrezovec,2025-11-13T23:52:25.209245
1804,130,story,"{""age_appropriateness"": 1, ""clarity"": 1, ""creativity"": 1, ""language"": 1, ""message"": 0, ""literature"": 0, ""notes"": """"}",lbrezovec,2025-11-13T23:52:58.720055
1805,364,story,"{""age_appropriateness"": 1, ""clarity"": 1, ""creativity"": 1, ""language"": 1, ""message"": 1, ""literature"": 0, ""notes"": """"}",lbrezovec,2025-11-13T23:53:25.782736
1806,303,story,"{""age_appropriateness"": 1, ""clarity"": 0, ""creativity"": 1, ""language"": 1, ""message"": 1, ""literature"": 0, ""notes"": """"}",lbrezovec,2025-11-13T23:53:47.798385
1807,229,story,"{""age_appropriateness"": 1, ""clarity"": 0, ""creativity"": 1, ""language"": 1, ""message"": 0, ""literature"": 0, ""notes"": """"}",lbrezovec,2025-11-13T23:54:28.000556
1808,79,story,"{""age_appropriateness"": 1, ""clarity"": 0, ""creativity"": 0, ""language"": 1, ""message"": 1, ""literature"": 0, ""notes"": """"}",lbrezovec,2025-11-13T23:55:43.490799
1809,72,story,"{""age_appropriateness"": 1, ""clarity"": 1, ""creativity"": 1, ""language"": 1, ""message"": 0, ""literature"": 0, ""notes"": """"}",lbrezovec,2025-11-13T23:56:28.091297
1810,259,story,"{""age_appropriateness"": 1, ""clarity"": 0, ""creativity"": 1, ""language"": 1, ""message"": 1, ""literature"": 0, ""notes"": """"}",lbrezovec,2025-11-14T00:00:43.025347
1811,290,story,"{""age_appropriateness"": 1, ""clarity"": 0, ""creativity"": 0, ""language"": 1, ""message"": 1, ""literature"": 0, ""notes"": """"}",lbrezovec,2025-11-14T00:01:00.171536
1812,24,story,"{""age_appropriateness"": 1, ""clarity"": 1, ""creativity"": 0, ""language"": 1, ""message"": 0, ""literature"": 0, ""notes"": """"}",lbrezovec,2025-11-14T00:01:20.339532
1813,358,story,"{""age_appropriateness"": 1, ""clarity"": 1, ""creativity"": 1, ""language"": 1, ""message"": 0, ""literature"": 1, ""notes"": """"}",lbrezovec,2025-11-14T00:01:55.833798
1814,32,story,"{""age_appropriateness"": 1, ""clarity"": 1, ""creativity"": 1, ""language"": 1, ""message"": 0, ""literature"": 0, ""notes"": """"}",lbrezovec,2025-11-14T00:02:37.589924
1815,215,story,"{""age_appropriateness"": 1, ""clarity"": 1, ""creativity"": 1, ""language"": 1, ""message"": 0, ""literature"": 0, ""notes"": """"}",lbrezovec,2025-11-14T00:03:24.895389
1816,29,story,"{""age_appropriateness"": 1, ""clarity"": 1, ""creativity"": 1, ""language"": 1, ""message"": 0, ""literature"": 0, ""notes"": """"}",lbrezovec,2025-11-14T00:03:50.897375
1817,189,story,"{""age_appropriateness"": 1, ""clarity"": 1, ""creativity"": 1, ""language"": 1, ""message"": 1, ""literature"": 0, ""notes"": """"}",lbrezovec,2025-11-14T00:04:09.821265
1818,224,story,"{""age_appropriateness"": 1, ""clarity"": 1, ""creativity"": 0, ""language"": 1, ""message"": 0, ""literature"": 0, ""notes"": """"}",lbrezovec,2025-11-14T00:04:36.939486
1819,220,story,"{""age_appropriateness"": 1, ""clarity"": 1, ""creativity"": 0, ""language"": 1, ""message"": 0, ""literature"": 0, ""notes"": """"}",lbrezovec,2025-11-14T00:05:01.410566
1820,16,story,"{""age_appropriateness"": 1, ""clarity"": 1, ""creativity"": 1, ""language"": 1, ""message"": 0, ""literature"": 0, ""notes"": """"}",lbrezovec,2025-11-14T00:05:35.659979
1821,246,story,"{""age_appropriateness"": 1, ""clarity"": 1, ""creativity"": 1, ""language"": 1, ""message"": 1, ""literature"": 0, ""notes"": """"}",lbrezovec,2025-11-14T00:05:54.417310
1822,6,story,"{""age_appropriateness"": 1, ""clarity"": 0, ""creativity"": 1, ""language"": 1, ""message"": 1, ""literature"": 0, ""notes"": """"}",lbrezovec,2025-11-14T00:06:10.060939
1823,56,story,"{""age_appropriateness"": 1, ""clarity"": 1, ""creativity"": 1, ""language"": 1, ""message"": 0, ""literature"": 0, ""notes"": """"}",lbrezovec,2025-11-14T00:06:48.986279
1824,363,story,"{""age_appropriateness"": 1, ""clarity"": 1, ""creativity"": 1, ""language"": 1, ""message"": 1, ""literature"": 0, ""notes"": """"}",lbrezovec,2025-11-14T00:07:22.736425
1825,324,story,"{""age_appropriateness"": 1, ""clarity"": 1, ""creativity"": 1, ""language"": 1, ""message"": 1, ""literature"": 0, ""notes"": """"}",nhmeljak,2025-11-14T00:12:55.550148
1826,30,story,"{""age_appropriateness"": 0, ""clarity"": 1, ""creativity"": 1, ""language"": 1, ""message"": 1, ""literature"": 0, ""notes"": """"}",nhmeljak,2025-11-14T00:19:19.859981
1827,32,theme,"{""theme_quality"": 1, ""theme_success"": 1, ""roleplaying"": 0, ""notes"": """"}",lbrezovec,2025-11-14T00:26:46.702130
1828,128,story,"{""age_appropriateness"": 1, ""clarity"": 1, ""creativity"": 0, ""language"": 1, ""message"": 1, ""literature"": 0, ""notes"": """"}",nhmeljak,2025-11-14T00:31:25.183547
1829,237,story,"{""age_appropriateness"": 1, ""clarity"": 1, ""creativity"": 1, ""language"": 1, ""message"": 1, ""literature"": 1, ""notes"": """"}",nhmeljak,2025-11-14T00:37:11.992545
1830,206,theme,"{""theme_quality"": 1, ""theme_success"": 1, ""roleplaying"": 1, ""notes"": """"}",lbrezovec,2025-11-14T00:49:51.294773
1831,386,theme,"{""theme_quality"": 1, ""theme_success"": 1, ""roleplaying"": 0, ""notes"": """"}",lbrezovec,2025-11-14T00:50:16.742520
1832,255,theme,"{""theme_quality"": 1, ""theme_success"": 1, ""roleplaying"": 0, ""notes"": """"}",lbrezovec,2025-11-14T00:51:55.720857
1833,327,theme,"{""theme_quality"": 1, ""theme_success"": 1, ""roleplaying"": 1, ""notes"": """"}",lbrezovec,2025-11-14T00:52:33.077310
1834,53,theme,"{""theme_quality"": 1, ""theme_success"": 1, ""roleplaying"": 1, ""notes"": """"}",lbrezovec,2025-11-14T00:53:53.385849
1835,309,theme,"{""theme_quality"": 1, ""theme_success"": 1, ""roleplaying"": 0, ""notes"": """"}",lbrezovec,2025-11-14T00:54:24.897507
1836,213,story,"{""age_appropriateness"": 1, ""clarity"": 1, ""creativity"": 0, ""language"": 0, ""message"": 1, ""literature"": 0, ""notes"": """"}",mstoklas,2025-11-14T08:07:54.651328
1837,383,story,"{""age_appropriateness"": 1, ""clarity"": 1, ""creativity"": 0, ""language"": 0, ""message"": 0, ""literature"": 0, ""notes"": """"}",mstoklas,2025-11-14T08:10:09.041866
1838,254,story,"{""age_appropriateness"": 1, ""clarity"": 1, ""creativity"": 0, ""language"": 0, ""message"": 1, ""literature"": 0, ""notes"": """"}",mstoklas,2025-11-14T08:24:24.462296
1839,262,story,"{""age_appropriateness"": 0, ""clarity"": 0, ""creativity"": 0, ""language"": 0, ""message"": 0, ""literature"": 0, ""notes"": """"}",mstoklas,2025-11-14T08:25:10.164190
1840,383,theme,"{""theme_quality"": 1, ""theme_success"": 1, ""roleplaying"": 0, ""notes"": ""theme change is successful, but it just changed the names, not the actual story""}",mstoklas,2025-11-14T08:32:56.564278
1841,263,theme,"{""theme_quality"": 1, ""theme_success"": 1, ""roleplaying"": 0, ""notes"": """"}",mstoklas,2025-11-14T08:34:45.505887
1842,146,theme,"{""theme_quality"": 0, ""theme_success"": 0, ""roleplaying"": 0, ""notes"": """"}",mstoklas,2025-11-14T08:35:59.644222
1843,111,theme,"{""theme_quality"": 1, ""theme_success"": 0, ""roleplaying"": 1, ""notes"": ""Did not change main - side characters""}",mstoklas,2025-11-14T08:37:58.548819
1844,356,theme,"{""theme_quality"": 1, ""theme_success"": 0, ""roleplaying"": 0, ""notes"": ""no real change in story""}",mstoklas,2025-11-14T08:41:26.455789
1845,232,education,"{""education_quality"": 0, ""naturalness"": 1, ""correctness"": 1, ""notes"": """"}",vdurn,2025-11-14T10:59:54.877942
1846,113,theme,"{""theme_quality"": 1, ""theme_success"": 1, ""roleplaying"": 0, ""notes"": """"}",lbrezovec,2025-11-14T12:55:58.961623
1847,379,theme,"{""theme_quality"": 1, ""theme_success"": 1, ""roleplaying"": 1, ""notes"": """"}",lbrezovec,2025-11-14T12:56:27.022748
1848,37,theme,"{""theme_quality"": 1, ""theme_success"": 1, ""roleplaying"": 1, ""notes"": """"}",lbrezovec,2025-11-14T12:58:15.255089
1849,351,theme,"{""theme_quality"": 1, ""theme_success"": 1, ""roleplaying"": 0, ""notes"": """"}",lbrezovec,2025-11-14T12:58:44.870459
1850,147,theme,"{""theme_quality"": 0, ""theme_success"": 1, ""roleplaying"": 0, ""notes"": """"}",lbrezovec,2025-11-14T14:18:50.108052
1851,8,theme,"{""theme_quality"": 1, ""theme_success"": 1, ""roleplaying"": 1, ""notes"": """"}",lbrezovec,2025-11-14T14:19:09.633731
1852,56,education,"{""education_quality"": 0, ""naturalness"": 1, ""correctness"": 1, ""notes"": ""It\u2019s weird how 18 y o Eli has access to the databases of this app, to financial data of users especially""}",kkuznietsova,2025-11-14T14:34:18.962036
1853,209,theme,"{""theme_quality"": 1, ""theme_success"": 1, ""roleplaying"": 1, ""notes"": """"}",lbrezovec,2025-11-14T14:34:35.643583
1854,30,theme,"{""theme_quality"": 1, ""theme_success"": 1, ""roleplaying"": 1, ""notes"": """"}",lbrezovec,2025-11-14T14:34:46.372859
1855,103,theme,"{""theme_quality"": 1, ""theme_success"": 1, ""roleplaying"": 1, ""notes"": """"}",lbrezovec,2025-11-14T14:35:13.726436
1856,148,theme,"{""theme_quality"": 0, ""theme_success"": 1, ""roleplaying"": 0, ""notes"": """"}",lbrezovec,2025-11-14T14:36:16.838582
1857,54,theme,"{""theme_quality"": 1, ""theme_success"": 1, ""roleplaying"": 1, ""notes"": """"}",lbrezovec,2025-11-14T14:36:24.896845
1858,54,theme,"{""theme_quality"": 1, ""theme_success"": 1, ""roleplaying"": 1, ""notes"": """"}",lbrezovec,2025-11-14T14:36:25.378109
1859,331,theme,"{""theme_quality"": 1, ""theme_success"": 1, ""roleplaying"": 1, ""notes"": """"}",lbrezovec,2025-11-14T14:36:42.498750
1860,200,education,"{""education_quality"": 1, ""naturalness"": 1, ""correctness"": 1, ""notes"": """"}",kkuznietsova,2025-11-14T14:37:26.234549
1861,270,theme,"{""theme_quality"": 0, ""theme_success"": 0, ""roleplaying"": 1, ""notes"": """"}",vdurn,2025-11-14T14:38:46.878457
1862,201,education,"{""education_quality"": 1, ""naturalness"": 1, ""correctness"": 1, ""notes"": """"}",kkuznietsova,2025-11-14T14:40:33.635510
1863,12,theme,"{""theme_quality"": 0, ""theme_success"": 1, ""roleplaying"": 0, ""notes"": """"}",vdurn,2025-11-14T14:40:39.667027
1864,202,theme,"{""theme_quality"": 0, ""theme_success"": 1, ""roleplaying"": 1, ""notes"": """"}",vdurn,2025-11-14T14:41:49.473193
1865,35,theme,"{""theme_quality"": 1, ""theme_success"": 1, ""roleplaying"": 1, ""notes"": """"}",lbrezovec,2025-11-14T14:42:09.393064
1866,359,theme,"{""theme_quality"": 1, ""theme_success"": 1, ""roleplaying"": 1, ""notes"": """"}",lbrezovec,2025-11-14T14:42:31.966459
1867,271,theme,"{""theme_quality"": 0, ""theme_success"": 1, ""roleplaying"": 1, ""notes"": """"}",vdurn,2025-11-14T14:42:33.554154
1868,247,theme,"{""theme_quality"": 1, ""theme_success"": 1, ""roleplaying"": 1, ""notes"": """"}",lbrezovec,2025-11-14T14:42:47.320937
1869,115,theme,"{""theme_quality"": 1, ""theme_success"": 1, ""roleplaying"": 1, ""notes"": """"}",lbrezovec,2025-11-14T14:43:24.498544
1870,59,theme,"{""theme_quality"": 1, ""theme_success"": 1, ""roleplaying"": 1, ""notes"": """"}",vdurn,2025-11-14T14:44:00.398320
1871,111,theme,"{""theme_quality"": 1, ""theme_success"": 1, ""roleplaying"": 1, ""notes"": """"}",lbrezovec,2025-11-14T14:44:01.309097
1872,237,education,"{""education_quality"": 1, ""naturalness"": 1, ""correctness"": 1, ""notes"": ""Shady shade :)""}",kkuznietsova,2025-11-14T14:44:25.281079
1873,307,theme,"{""theme_quality"": 1, ""theme_success"": 1, ""roleplaying"": 0, ""notes"": """"}",lbrezovec,2025-11-14T14:44:32.661665
1874,229,theme,"{""theme_quality"": 0, ""theme_success"": 1, ""roleplaying"": 1, ""notes"": """"}",vdurn,2025-11-14T14:44:36.417138
1875,261,theme,"{""theme_quality"": 0, ""theme_success"": 1, ""roleplaying"": 1, ""notes"": """"}",lbrezovec,2025-11-14T14:44:58.662498
1876,311,theme,"{""theme_quality"": 1, ""theme_success"": 1, ""roleplaying"": 1, ""notes"": """"}",lbrezovec,2025-11-14T14:45:28.122310
1877,351,theme,"{""theme_quality"": 0, ""theme_success"": 0, ""roleplaying"": 1, ""notes"": """"}",vdurn,2025-11-14T14:45:57.703067
1878,91,story,"{""age_appropriateness"": 1, ""clarity"": 0, ""creativity"": 0, ""language"": 1, ""message"": 0, ""literature"": 0, ""notes"": """"}",nhmeljak,2025-11-14T14:46:50.758381
1879,9,theme,"{""theme_quality"": 0, ""theme_success"": 1, ""roleplaying"": 1, ""notes"": """"}",vdurn,2025-11-14T14:49:07.196486
1880,273,story,"{""age_appropriateness"": 1, ""clarity"": 1, ""creativity"": 0, ""language"": 1, ""message"": 1, ""literature"": 0, ""notes"": """"}",nhmeljak,2025-11-14T14:49:52.993233
1881,57,theme,"{""theme_quality"": 0, ""theme_success"": 1, ""roleplaying"": 1, ""notes"": """"}",vdurn,2025-11-14T14:50:16.758129
1882,101,education,"{""education_quality"": 0, ""naturalness"": 0, ""correctness"": 0, ""notes"": ""Not a story""}",kkuznietsova,2025-11-14T14:50:33.909974
1883,169,story,"{""age_appropriateness"": 0, ""clarity"": 0, ""creativity"": 0, ""language"": 1, ""message"": 0, ""literature"": 0, ""notes"": """"}",nhmeljak,2025-11-14T14:51:27.903792
1884,94,theme,"{""theme_quality"": 0, ""theme_success"": 1, ""roleplaying"": 1, ""notes"": """"}",vdurn,2025-11-14T14:52:40.227244
1885,97,education,"{""education_quality"": 0, ""naturalness"": 0, ""correctness"": 1, ""notes"": """"}",kkuznietsova,2025-11-14T14:53:53.981554
1886,306,theme,"{""theme_quality"": 0, ""theme_success"": 1, ""roleplaying"": 1, ""notes"": """"}",vdurn,2025-11-14T14:54:28.016817
1887,107,education,"{""education_quality"": 0, ""naturalness"": 0, ""correctness"": 0, ""notes"": ""Hard to read, something happened to spaces and line division""}",kkuznietsova,2025-11-14T14:55:28.036314
1888,264,theme,"{""theme_quality"": 0, ""theme_success"": 0, ""roleplaying"": 1, ""notes"": """"}",vdurn,2025-11-14T14:55:29.219167
1889,69,theme,"{""theme_quality"": 0, ""theme_success"": 1, ""roleplaying"": 1, ""notes"": """"}",vdurn,2025-11-14T14:57:03.634017
1890,73,education,"{""education_quality"": 1, ""naturalness"": 1, ""correctness"": 1, ""notes"": """"}",kkuznietsova,2025-11-14T14:58:04.586932
1891,147,story,"{""age_appropriateness"": 1, ""clarity"": 1, ""creativity"": 0, ""language"": 1, ""message"": 1, ""literature"": 0, ""notes"": """"}",nhmeljak,2025-11-14T14:58:05.080186
1892,180,theme,"{""theme_quality"": 1, ""theme_success"": 1, ""roleplaying"": 1, ""notes"": """"}",lbrezovec,2025-11-14T14:58:53.661849
1893,354,theme,"{""theme_quality"": 1, ""theme_success"": 1, ""roleplaying"": 1, ""notes"": """"}",lbrezovec,2025-11-14T14:59:22.167477
1894,218,theme,"{""theme_quality"": 1, ""theme_success"": 1, ""roleplaying"": 1, ""notes"": """"}",vdurn,2025-11-14T15:00:20.177872
1895,226,theme,"{""theme_quality"": 1, ""theme_success"": 1, ""roleplaying"": 1, ""notes"": """"}",lbrezovec,2025-11-14T15:00:21.620522
1896,96,theme,"{""theme_quality"": 1, ""theme_success"": 1, ""roleplaying"": 1, ""notes"": """"}",vdurn,2025-11-14T15:01:43.523851
1897,22,education,"{""education_quality"": 0, ""naturalness"": 1, ""correctness"": 1, ""notes"": ""Gets a bit chaotic sometimes""}",kkuznietsova,2025-11-14T15:03:23.777536
1898,118,theme,"{""theme_quality"": 1, ""theme_success"": 1, ""roleplaying"": 0, ""notes"": """"}",lbrezovec,2025-11-14T15:03:28.228484
1899,135,theme,"{""theme_quality"": 1, ""theme_success"": 1, ""roleplaying"": 1, ""notes"": """"}",lbrezovec,2025-11-14T15:04:41.060674
1900,114,education,"{""education_quality"": 0, ""naturalness"": 0, ""correctness"": 0, ""notes"": ""Spaces, lines; the text itself is like a wiki article mostly""}",kkuznietsova,2025-11-14T15:05:10.005118
1901,366,theme,"{""theme_quality"": 1, ""theme_success"": 1, ""roleplaying"": 1, ""notes"": """"}",lbrezovec,2025-11-14T15:05:12.068033
1902,22,theme,"{""theme_quality"": 0, ""theme_success"": 1, ""roleplaying"": 1, ""notes"": """"}",mstoklas,2025-11-14T15:05:17.249109
1903,43,theme,"{""theme_quality"": 1, ""theme_success"": 1, ""roleplaying"": 1, ""notes"": """"}",lbrezovec,2025-11-14T15:05:28.455877
1904,243,theme,"{""theme_quality"": 1, ""theme_success"": 1, ""roleplaying"": 1, ""notes"": """"}",lbrezovec,2025-11-14T15:06:03.079547
1905,243,theme,"{""theme_quality"": 1, ""theme_success"": 1, ""roleplaying"": 1, ""notes"": """"}",lbrezovec,2025-11-14T15:06:04.496142
1906,56,theme,"{""theme_quality"": 1, ""theme_success"": 1, ""roleplaying"": 1, ""notes"": """"}",lbrezovec,2025-11-14T15:06:16.469112
1907,266,theme,"{""theme_quality"": 0, ""theme_success"": 1, ""roleplaying"": 1, ""notes"": """"}",lbrezovec,2025-11-14T15:06:40.177980
1908,91,theme,"{""theme_quality"": 1, ""theme_success"": 1, ""roleplaying"": 0, ""notes"": """"}",lbrezovec,2025-11-14T15:07:07.680981
1909,380,theme,"{""theme_quality"": 1, ""theme_success"": 1, ""roleplaying"": 1, ""notes"": """"}",lbrezovec,2025-11-14T15:07:28.023436
1910,306,theme,"{""theme_quality"": 0, ""theme_success"": 1, ""roleplaying"": 0, ""notes"": """"}",mstoklas,2025-11-14T15:07:50.948764
1911,339,theme,"{""theme_quality"": 1, ""theme_success"": 1, ""roleplaying"": 1, ""notes"": """"}",lbrezovec,2025-11-14T15:07:58.216419
1912,339,theme,"{""theme_quality"": 1, ""theme_success"": 1, ""roleplaying"": 1, ""notes"": """"}",lbrezovec,2025-11-14T15:07:58.938137
1913,176,theme,"{""theme_quality"": 1, ""theme_success"": 1, ""roleplaying"": 1, ""notes"": """"}",lbrezovec,2025-11-14T15:08:20.469926
1914,108,theme,"{""theme_quality"": 1, ""theme_success"": 1, ""roleplaying"": 1, ""notes"": """"}",lbrezovec,2025-11-14T15:08:39.558015
1915,385,theme,"{""theme_quality"": 1, ""theme_success"": 1, ""roleplaying"": 1, ""notes"": """"}",lbrezovec,2025-11-14T15:09:13.976918
1916,164,theme,"{""theme_quality"": 1, ""theme_success"": 1, ""roleplaying"": 1, ""notes"": """"}",lbrezovec,2025-11-14T15:09:41.244126
1917,391,theme,"{""theme_quality"": 1, ""theme_success"": 1, ""roleplaying"": 1, ""notes"": """"}",lbrezovec,2025-11-14T15:09:58.889253
1918,195,theme,"{""theme_quality"": 1, ""theme_success"": 1, ""roleplaying"": 1, ""notes"": """"}",lbrezovec,2025-11-14T15:10:15.401253
1919,346,theme,"{""theme_quality"": 1, ""theme_success"": 1, ""roleplaying"": 1, ""notes"": """"}",lbrezovec,2025-11-14T15:10:40.588349
1920,348,theme,"{""theme_quality"": 1, ""theme_success"": 1, ""roleplaying"": 1, ""notes"": """"}",lbrezovec,2025-11-14T15:11:00.570527
1921,223,theme,"{""theme_quality"": 1, ""theme_success"": 1, ""roleplaying"": 1, ""notes"": """"}",lbrezovec,2025-11-14T15:11:42.606312
1922,230,theme,"{""theme_quality"": 0, ""theme_success"": 1, ""roleplaying"": 1, ""notes"": """"}",lbrezovec,2025-11-14T15:12:00.785415
1923,49,theme,"{""theme_quality"": 1, ""theme_success"": 1, ""roleplaying"": 0, ""notes"": """"}",mstoklas,2025-11-14T15:12:34.002587
1924,138,theme,"{""theme_quality"": 1, ""theme_success"": 1, ""roleplaying"": 1, ""notes"": """"}",lbrezovec,2025-11-14T15:12:36.898394
1925,126,theme,"{""theme_quality"": 1, ""theme_success"": 1, ""roleplaying"": 1, ""notes"": """"}",lbrezovec,2025-11-14T15:13:03.056030
1926,204,theme,"{""theme_quality"": 1, ""theme_success"": 1, ""roleplaying"": 0, ""notes"": """"}",lbrezovec,2025-11-14T15:13:39.194980
1927,274,theme,"{""theme_quality"": 0, ""theme_success"": 0, ""roleplaying"": 1, ""notes"": """"}",vdurn,2025-11-14T15:14:35.421004
1928,139,theme,"{""theme_quality"": 0, ""theme_success"": 0, ""roleplaying"": 0, ""notes"": ""I really like the story but it is not suitable for children.""}",mstoklas,2025-11-14T15:15:51.455224
1929,235,theme,"{""theme_quality"": 1, ""theme_success"": 1, ""roleplaying"": 0, ""notes"": """"}",lbrezovec,2025-11-14T15:16:25.197301
1930,44,theme,"{""theme_quality"": 1, ""theme_success"": 1, ""roleplaying"": 1, ""notes"": """"}",lbrezovec,2025-11-14T15:16:43.021354
1931,76,theme,"{""theme_quality"": 1, ""theme_success"": 1, ""roleplaying"": 1, ""notes"": """"}",lbrezovec,2025-11-14T15:17:11.055120
1932,388,theme,"{""theme_quality"": 1, ""theme_success"": 1, ""roleplaying"": 1, ""notes"": """"}",mstoklas,2025-11-14T15:18:01.528734
1933,294,story,"{""age_appropriateness"": 1, ""clarity"": 0, ""creativity"": 1, ""language"": 1, ""message"": 0, ""literature"": 0, ""notes"": """"}",nhmeljak,2025-11-14T15:18:13.163433
1934,153,theme,"{""theme_quality"": 0, ""theme_success"": 1, ""roleplaying"": 1, ""notes"": """"}",mstoklas,2025-11-14T15:19:44.396856
1935,377,theme,"{""theme_quality"": 0, ""theme_success"": 0, ""roleplaying"": 0, ""notes"": """"}",lbrezovec,2025-11-14T15:21:14.023754
1936,399,story,"{""age_appropriateness"": 1, ""clarity"": 1, ""creativity"": 0, ""language"": 0, ""message"": 1, ""literature"": 0, ""notes"": """"}",nhmeljak,2025-11-14T15:21:14.331136
1937,356,theme,"{""theme_quality"": 1, ""theme_success"": 1, ""roleplaying"": 0, ""notes"": """"}",lbrezovec,2025-11-14T15:21:41.302139
1938,151,story,"{""age_appropriateness"": 0, ""clarity"": 0, ""creativity"": 0, ""language"": 0, ""message"": 0, ""literature"": 0, ""notes"": """"}",nhmeljak,2025-11-14T15:22:09.942069
1939,364,theme,"{""theme_quality"": 1, ""theme_success"": 1, ""roleplaying"": 1, ""notes"": """"}",lbrezovec,2025-11-14T15:22:23.651786
1940,57,theme,"{""theme_quality"": 1, ""theme_success"": 1, ""roleplaying"": 1, ""notes"": """"}",lbrezovec,2025-11-14T15:23:52.670991
1941,378,story,"{""age_appropriateness"": 0, ""clarity"": 0, ""creativity"": 0, ""language"": 0, ""message"": 1, ""literature"": 0, ""notes"": """"}",nhmeljak,2025-11-14T15:24:54.057145
1942,174,theme,"{""theme_quality"": 1, ""theme_success"": 1, ""roleplaying"": 0, ""notes"": """"}",lbrezovec,2025-11-14T15:25:30.852711
1943,227,theme,"{""theme_quality"": 1, ""theme_success"": 1, ""roleplaying"": 0, ""notes"": """"}",lbrezovec,2025-11-14T15:29:49.857813
1944,345,theme,"{""theme_quality"": 1, ""theme_success"": 1, ""roleplaying"": 0, ""notes"": """"}",lbrezovec,2025-11-14T15:30:18.119167
1945,214,theme,"{""theme_quality"": 1, ""theme_success"": 1, ""roleplaying"": 0, ""notes"": """"}",lbrezovec,2025-11-14T15:31:58.752640
1946,77,theme,"{""theme_quality"": 1, ""theme_success"": 1, ""roleplaying"": 0, ""notes"": """"}",lbrezovec,2025-11-14T15:32:44.751171
1947,221,education,"{""education_quality"": 0, ""naturalness"": 0, ""correctness"": 1, ""notes"": ""Castle was in the sky, but the bridge? Many logic inconsistencies ""}",kkuznietsova,2025-11-14T15:33:49.334269
1948,265,theme,"{""theme_quality"": 1, ""theme_success"": 1, ""roleplaying"": 1, ""notes"": """"}",lbrezovec,2025-11-14T15:34:40.671513
1949,98,theme,"{""theme_quality"": 0, ""theme_success"": 1, ""roleplaying"": 1, ""notes"": """"}",lbrezovec,2025-11-14T15:36:05.271572
1950,209,education,"{""education_quality"": 1, ""naturalness"": 1, ""correctness"": 1, ""notes"": """"}",kkuznietsova,2025-11-14T15:36:12.579207
1951,14,theme,"{""theme_quality"": 1, ""theme_success"": 1, ""roleplaying"": 0, ""notes"": """"}",lbrezovec,2025-11-14T15:37:00.102806
1952,373,theme,"{""theme_quality"": 1, ""theme_success"": 1, ""roleplaying"": 0, ""notes"": """"}",lbrezovec,2025-11-14T15:37:25.690354
1953,51,theme,"{""theme_quality"": 1, ""theme_success"": 1, ""roleplaying"": 1, ""notes"": """"}",lbrezovec,2025-11-14T15:37:40.768469
1954,215,theme,"{""theme_quality"": 1, ""theme_success"": 1, ""roleplaying"": 1, ""notes"": """"}",lbrezovec,2025-11-14T15:38:21.555363
1955,233,education,"{""education_quality"": 1, ""naturalness"": 1, ""correctness"": 1, ""notes"": """"}",lbrezovec,2025-11-14T15:41:03.414296
1956,147,education,"{""education_quality"": 1, ""naturalness"": 1, ""correctness"": 1, ""notes"": """"}",kkuznietsova,2025-11-14T15:41:15.650249
1957,253,story,"{""age_appropriateness"": 1, ""clarity"": 1, ""creativity"": 1, ""language"": 1, ""message"": 1, ""literature"": 0, ""notes"": """"}",nhmeljak,2025-11-14T15:42:40.425448
1958,94,education,"{""education_quality"": 1, ""naturalness"": 1, ""correctness"": 0, ""notes"": """"}",lbrezovec,2025-11-14T15:43:45.113292
1959,175,education,"{""education_quality"": 1, ""naturalness"": 0, ""correctness"": 1, ""notes"": """"}",lbrezovec,2025-11-14T15:44:34.379850
1960,95,education,"{""education_quality"": 0, ""naturalness"": 1, ""correctness"": 1, ""notes"": ""\u201cWatching Danny was brave\u201d mistake in both original and educational story, but good otherwise""}",kkuznietsova,2025-11-14T15:44:42.228553
1961,52,education,"{""education_quality"": 1, ""naturalness"": 1, ""correctness"": 0, ""notes"": """"}",lbrezovec,2025-11-14T15:46:45.211568
1962,244,education,"{""education_quality"": 1, ""naturalness"": 1, ""correctness"": 0, ""notes"": """"}",lbrezovec,2025-11-14T15:47:21.344411
1963,180,education,"{""education_quality"": 0, ""naturalness"": 0, ""correctness"": 1, ""notes"": ""Both stories are hard to read cause of short sentences and too much detail, could be ok for pronunciation/reading out loud practice""}",kkuznietsova,2025-11-14T15:47:46.141509
1964,215,education,"{""education_quality"": 1, ""naturalness"": 1, ""correctness"": 1, ""notes"": """"}",lbrezovec,2025-11-14T15:49:57.569522
1965,211,education,"{""education_quality"": 0, ""naturalness"": 0, ""correctness"": 0, ""notes"": ""Very random, lots of names, little context, structure is missing""}",kkuznietsova,2025-11-14T15:50:58.501669
1966,370,theme,"{""theme_quality"": 0, ""theme_success"": 0, ""roleplaying"": 0, ""notes"": """"}",mstoklas,2025-11-14T15:51:25.227889
1967,318,theme,"{""theme_quality"": 0, ""theme_success"": 0, ""roleplaying"": 0, ""notes"": ""Original story is a prompt""}",mstoklas,2025-11-14T15:52:07.982830
1968,190,education,"{""education_quality"": 0, ""naturalness"": 1, ""correctness"": 1, ""notes"": ""{main_character} should probably be fox""}",kkuznietsova,2025-11-14T15:53:10.298981
1969,54,education,"{""education_quality"": 1, ""naturalness"": 1, ""correctness"": 0, ""notes"": """"}",lbrezovec,2025-11-14T15:54:26.438244
1970,53,education,"{""education_quality"": 0, ""naturalness"": 0, ""correctness"": 1, ""notes"": """"}",lbrezovec,2025-11-14T15:54:47.648932
1971,99,education,"{""education_quality"": 0, ""naturalness"": 1, ""correctness"": 1, ""notes"": """"}",lbrezovec,2025-11-14T15:55:37.428549
1972,27,theme,"{""theme_quality"": 0, ""theme_success"": 1, ""roleplaying"": 1, ""notes"": """"}",mstoklas,2025-11-14T15:55:39.340102
1973,315,theme,"{""theme_quality"": 0, ""theme_success"": 0, ""roleplaying"": 1, ""notes"": """"}",vdurn,2025-11-14T15:55:54.898579
1974,142,education,"{""education_quality"": 1, ""naturalness"": 0, ""correctness"": 1, ""notes"": """"}",lbrezovec,2025-11-14T15:57:24.701960
1975,305,theme,"{""theme_quality"": 0, ""theme_success"": 0, ""roleplaying"": 0, ""notes"": ""No concrete change of theme.""}",mstoklas,2025-11-14T15:57:55.225883
1976,63,theme,"{""theme_quality"": 0, ""theme_success"": 1, ""roleplaying"": 1, ""notes"": """"}",vdurn,2025-11-14T15:58:10.595012
1977,181,education,"{""education_quality"": 1, ""naturalness"": 1, ""correctness"": 0, ""notes"": """"}",lbrezovec,2025-11-14T15:58:27.812269
1978,169,education,"{""education_quality"": 1, ""naturalness"": 1, ""correctness"": 1, ""notes"": ""\u201chieroglyphs were our way of writing\u201d, time inconsistency, otherwise it\u2019s alright""}",kkuznietsova,2025-11-14T15:58:42.665397
1979,76,education,"{""education_quality"": 1, ""naturalness"": 1, ""correctness"": 1, ""notes"": """"}",kkuznietsova,2025-11-14T16:00:10.793797
1980,318,theme,"{""theme_quality"": 0, ""theme_success"": 0, ""roleplaying"": 0, ""notes"": """"}",vdurn,2025-11-14T16:00:18.891068
1981,309,theme,"{""theme_quality"": 0, ""theme_success"": 0, ""roleplaying"": 0, ""notes"": """"}",vdurn,2025-11-14T16:00:31.216827
1982,342,theme,"{""theme_quality"": 1, ""theme_success"": 1, ""roleplaying"": 1, ""notes"": """"}",mstoklas,2025-11-14T16:00:38.677347
1983,367,theme,"{""theme_quality"": 0, ""theme_success"": 1, ""roleplaying"": 1, ""notes"": """"}",mstoklas,2025-11-14T16:02:00.380377
1984,261,education,"{""education_quality"": 1, ""naturalness"": 1, ""correctness"": 1, ""notes"": ""Only not sure if Dusty should be out of breath from riding a pony""}",kkuznietsova,2025-11-14T16:02:57.654577
1985,185,theme,"{""theme_quality"": 0, ""theme_success"": 1, ""roleplaying"": 1, ""notes"": """"}",vdurn,2025-11-14T16:03:40.695648
1986,112,theme,"{""theme_quality"": 0, ""theme_success"": 1, ""roleplaying"": 1, ""notes"": """"}",mstoklas,2025-11-14T16:04:45.386477
1987,220,theme,"{""theme_quality"": 0, ""theme_success"": 1, ""roleplaying"": 1, ""notes"": """"}",vdurn,2025-11-14T16:05:01.726851
1988,137,education,"{""education_quality"": 0, ""naturalness"": 1, ""correctness"": 1, ""notes"": """"}",lbrezovec,2025-11-14T16:05:12.024766
1989,232,theme,"{""theme_quality"": 1, ""theme_success"": 1, ""roleplaying"": 1, ""notes"": """"}",mstoklas,2025-11-14T16:05:41.720930
1990,144,education,"{""education_quality"": 0, ""naturalness"": 1, ""correctness"": 1, ""notes"": ""I\u2019d pick one story line, either portrait or monster""}",kkuznietsova,2025-11-14T16:06:02.619498
1991,141,education,"{""education_quality"": 1, ""naturalness"": 1, ""correctness"": 1, ""notes"": """"}",lbrezovec,2025-11-14T16:06:11.495362
1992,108,education,"{""education_quality"": 0, ""naturalness"": 0, ""correctness"": 1, ""notes"": """"}",lbrezovec,2025-11-14T16:06:56.551423
1993,77,theme,"{""theme_quality"": 1, ""theme_success"": 1, ""roleplaying"": 0, ""notes"": """"}",mstoklas,2025-11-14T16:07:06.737770
1994,77,theme,"{""theme_quality"": 1, ""theme_success"": 1, ""roleplaying"": 1, ""notes"": """"}",mstoklas,2025-11-14T16:07:09.238142
1995,26,education,"{""education_quality"": 0, ""naturalness"": 0, ""correctness"": 0, ""notes"": ""Characters talk even after they are not supposed to, the signs are also described weird""}",kkuznietsova,2025-11-14T16:08:52.134376
1996,69,theme,"{""theme_quality"": 0, ""theme_success"": 1, ""roleplaying"": 1, ""notes"": """"}",mstoklas,2025-11-14T16:09:31.121759
1997,363,theme,"{""theme_quality"": 0, ""theme_success"": 0, ""roleplaying"": 0, ""notes"": """"}",mstoklas,2025-11-14T16:12:11.796760
1998,363,theme,"{""theme_quality"": 0, ""theme_success"": 1, ""roleplaying"": 0, ""notes"": """"}",mstoklas,2025-11-14T16:12:15.323456
1999,220,education,"{""education_quality"": 0, ""naturalness"": 0, ""correctness"": 1, ""notes"": ""Not very natural + overexplaining the obvious""}",kkuznietsova,2025-11-14T16:12:17.345517
2000,350,theme,"{""theme_quality"": 0, ""theme_success"": 0, ""roleplaying"": 1, ""notes"": ""no real change in theme.""}",mstoklas,2025-11-14T16:13:38.448762
2001,191,education,"{""education_quality"": 0, ""naturalness"": 0, ""correctness"": 0, ""notes"": ""peas and carrot ate soup xD one more issue is that vegetables should vanish after being cooked and eaten""}",kkuznietsova,2025-11-14T16:14:37.337129
2002,78,theme,"{""theme_quality"": 0, ""theme_success"": 1, ""roleplaying"": 1, ""notes"": """"}",mstoklas,2025-11-14T16:14:54.811045
2003,364,theme,"{""theme_quality"": 0, ""theme_success"": 1, ""roleplaying"": 1, ""notes"": """"}",mstoklas,2025-11-14T16:15:40.753473
2004,126,theme,"{""theme_quality"": 0, ""theme_success"": 1, ""roleplaying"": 1, ""notes"": """"}",mstoklas,2025-11-14T16:18:04.032560
2005,292,theme,"{""theme_quality"": 0, ""theme_success"": 1, ""roleplaying"": 1, ""notes"": """"}",vdurn,2025-11-14T16:18:35.663471
2006,39,theme,"{""theme_quality"": 0, ""theme_success"": 1, ""roleplaying"": 1, ""notes"": """"}",vdurn,2025-11-14T16:19:23.796878
2007,335,theme,"{""theme_quality"": 0, ""theme_success"": 0, ""roleplaying"": 1, ""notes"": ""Story makes no sense - drum - metal?""}",mstoklas,2025-11-14T16:20:13.673913
2008,143,theme,"{""theme_quality"": 0, ""theme_success"": 0, ""roleplaying"": 1, ""notes"": """"}",vdurn,2025-11-14T16:21:13.726681
2009,165,theme,"{""theme_quality"": 0, ""theme_success"": 0, ""roleplaying"": 1, ""notes"": """"}",vdurn,2025-11-14T16:22:12.743404
2010,18,theme,"{""theme_quality"": 0, ""theme_success"": 1, ""roleplaying"": 1, ""notes"": """"}",vdurn,2025-11-14T16:23:24.523258
2011,380,theme,"{""theme_quality"": 0, ""theme_success"": 1, ""roleplaying"": 1, ""notes"": """"}",vdurn,2025-11-14T16:24:01.562590
2012,48,theme,"{""theme_quality"": 0, ""theme_success"": 1, ""roleplaying"": 1, ""notes"": """"}",vdurn,2025-11-14T16:24:40.707076
2013,134,theme,"{""theme_quality"": 0, ""theme_success"": 1, ""roleplaying"": 1, ""notes"": """"}",vdurn,2025-11-14T16:26:12.856083
2014,356,theme,"{""theme_quality"": 0, ""theme_success"": 1, ""roleplaying"": 1, ""notes"": """"}",vdurn,2025-11-14T16:26:52.060292
2015,188,theme,"{""theme_quality"": 0, ""theme_success"": 1, ""roleplaying"": 1, ""notes"": """"}",vdurn,2025-11-14T16:28:10.784226
2016,242,story,"{""age_appropriateness"": 1, ""clarity"": 1, ""creativity"": 0, ""language"": 1, ""message"": 1, ""literature"": 0, ""notes"": """"}",nhmeljak,2025-11-14T16:31:15.410147
2017,164,story,"{""age_appropriateness"": 0, ""clarity"": 0, ""creativity"": 0, ""language"": 1, ""message"": 0, ""literature"": 0, ""notes"": """"}",nhmeljak,2025-11-14T16:35:05.466227
2018,87,story,"{""age_appropriateness"": 1, ""clarity"": 0, ""creativity"": 0, ""language"": 1, ""message"": 1, ""literature"": 0, ""notes"": """"}",nhmeljak,2025-11-14T16:42:25.479978
2019,224,theme,"{""theme_quality"": 0, ""theme_success"": 1, ""roleplaying"": 1, ""notes"": """"}",vdurn,2025-11-14T16:43:37.454470
2020,342,theme,"{""theme_quality"": 0, ""theme_success"": 1, ""roleplaying"": 1, ""notes"": """"}",vdurn,2025-11-14T16:44:57.757349
2021,281,story,"{""age_appropriateness"": 1, ""clarity"": 1, ""creativity"": 1, ""language"": 1, ""message"": 1, ""literature"": 0, ""notes"": """"}",nhmeljak,2025-11-14T16:45:02.507278
2022,108,theme,"{""theme_quality"": 0, ""theme_success"": 1, ""roleplaying"": 1, ""notes"": """"}",vdurn,2025-11-14T16:46:03.851277
2023,65,theme,"{""theme_quality"": 0, ""theme_success"": 0, ""roleplaying"": 1, ""notes"": """"}",vdurn,2025-11-14T16:47:25.423844
2024,328,story,"{""age_appropriateness"": 1, ""clarity"": 0, ""creativity"": 0, ""language"": 0, ""message"": 1, ""literature"": 0, ""notes"": """"}",nhmeljak,2025-11-14T16:48:00.666526
2025,64,theme,"{""theme_quality"": 0, ""theme_success"": 1, ""roleplaying"": 1, ""notes"": """"}",vdurn,2025-11-14T16:48:08.806158
2026,293,theme,"{""theme_quality"": 0, ""theme_success"": 0, ""roleplaying"": 0, ""notes"": """"}",vdurn,2025-11-14T16:49:35.321503
2027,378,theme,"{""theme_quality"": 0, ""theme_success"": 1, ""roleplaying"": 1, ""notes"": """"}",vdurn,2025-11-14T16:50:49.110221
2028,358,theme,"{""theme_quality"": 0, ""theme_success"": 0, ""roleplaying"": 0, ""notes"": ""no real change""}",mstoklas,2025-11-14T17:02:03.426751
2029,391,theme,"{""theme_quality"": 1, ""theme_success"": 1, ""roleplaying"": 1, ""notes"": """"}",mstoklas,2025-11-14T17:03:54.506960
2030,53,story,"{""age_appropriateness"": 1, ""clarity"": 0, ""creativity"": 0, ""language"": 1, ""message"": 0, ""literature"": 0, ""notes"": """"}",nhmeljak,2025-11-14T17:08:35.599466
2031,249,story,"{""age_appropriateness"": 0, ""clarity"": 1, ""creativity"": 0, ""language"": 0, ""message"": 1, ""literature"": 0, ""notes"": """"}",nhmeljak,2025-11-14T17:12:07.311149
2032,174,education,"{""education_quality"": 0, ""naturalness"": 0, ""correctness"": 1, ""notes"": """"}",vdurn,2025-11-14T17:14:48.260515
2033,132,education,"{""education_quality"": 0, ""naturalness"": 0, ""correctness"": 1, ""notes"": """"}",vdurn,2025-11-14T17:15:50.002346
2034,94,education,"{""education_quality"": 0, ""naturalness"": 1, ""correctness"": 1, ""notes"": """"}",vdurn,2025-11-14T17:16:31.708175
2035,90,education,"{""education_quality"": 0, ""naturalness"": 1, ""correctness"": 0, ""notes"": """"}",vdurn,2025-11-14T17:17:46.088627
2036,206,education,"{""education_quality"": 0, ""naturalness"": 0, ""correctness"": 0, ""notes"": """"}",vdurn,2025-11-14T17:18:35.474523
2037,256,education,"{""education_quality"": 0, ""naturalness"": 0, ""correctness"": 0, ""notes"": """"}",vdurn,2025-11-14T17:19:04.624348
2038,123,education,"{""education_quality"": 0, ""naturalness"": 1, ""correctness"": 1, ""notes"": """"}",vdurn,2025-11-14T17:20:26.133295
2039,82,education,"{""education_quality"": 0, ""naturalness"": 1, ""correctness"": 1, ""notes"": """"}",vdurn,2025-11-14T17:21:25.085528
2040,51,education,"{""education_quality"": 1, ""naturalness"": 1, ""correctness"": 1, ""notes"": """"}",vdurn,2025-11-14T17:22:24.714643
2041,161,education,"{""education_quality"": 0, ""naturalness"": 0, ""correctness"": 1, ""notes"": """"}",vdurn,2025-11-14T17:22:59.319300
2042,125,education,"{""education_quality"": 0, ""naturalness"": 0, ""correctness"": 1, ""notes"": """"}",vdurn,2025-11-14T17:23:47.240753
2043,288,story,"{""age_appropriateness"": 1, ""clarity"": 1, ""creativity"": 0, ""language"": 1, ""message"": 1, ""literature"": 0, ""notes"": """"}",nhmeljak,2025-11-14T17:30:47.780771
2044,341,theme,"{""theme_quality"": 0, ""theme_success"": 1, ""roleplaying"": 1, ""notes"": """"}",mstoklas,2025-11-14T17:30:55.698321
2045,81,theme,"{""theme_quality"": 0, ""theme_success"": 1, ""roleplaying"": 1, ""notes"": """"}",mstoklas,2025-11-14T17:34:36.952889
2046,138,story,"{""age_appropriateness"": 1, ""clarity"": 1, ""creativity"": 0, ""language"": 1, ""message"": 0, ""literature"": 0, ""notes"": """"}",nhmeljak,2025-11-14T17:38:29.090474
2047,128,theme,"{""theme_quality"": 1, ""theme_success"": 0, ""roleplaying"": 1, ""notes"": ""good story, but lacking prophecy?""}",mstoklas,2025-11-14T17:38:29.563404
2048,138,story,"{""age_appropriateness"": 1, ""clarity"": 1, ""creativity"": 0, ""language"": 1, ""message"": 0, ""literature"": 0, ""notes"": """"}",nhmeljak,2025-11-14T17:38:34.626124
2049,156,education,"{""education_quality"": 1, ""naturalness"": 0, ""correctness"": 1, ""notes"": """"}",lbrezovec,2025-11-14T17:38:58.340931
2050,66,education,"{""education_quality"": 1, ""naturalness"": 1, ""correctness"": 1, ""notes"": """"}",lbrezovec,2025-11-14T17:39:24.856485
2051,67,story,"{""age_appropriateness"": 1, ""clarity"": 0, ""creativity"": 1, ""language"": 1, ""message"": 1, ""literature"": 0, ""notes"": ""\u201cShe was small, fast, and terribly proud of herself\u2014mostly because her apprentice pilot, Tara, told her so every single day.\u201c - what did Tara tell to the ship? There are some confusing moments""}",kkuznietsova,2025-11-14T17:44:12.413080
2052,158,education,"{""education_quality"": 1, ""naturalness"": 1, ""correctness"": 1, ""notes"": """"}",lbrezovec,2025-11-14T17:44:41.669063
2053,245,education,"{""education_quality"": 1, ""naturalness"": 1, ""correctness"": 1, ""notes"": """"}",lbrezovec,2025-11-14T17:47:10.285622
2054,20,education,"{""education_quality"": 1, ""naturalness"": 1, ""correctness"": 0, ""notes"": """"}",lbrezovec,2025-11-14T17:48:10.412102
2055,133,education,"{""education_quality"": 1, ""naturalness"": 1, ""correctness"": 1, ""notes"": """"}",lbrezovec,2025-11-14T17:49:19.315684
2056,236,education,"{""education_quality"": 1, ""naturalness"": 1, ""correctness"": 0, ""notes"": """"}",lbrezovec,2025-11-14T17:51:02.396265
2057,163,education,"{""education_quality"": 1, ""naturalness"": 1, ""correctness"": 0, ""notes"": """"}",lbrezovec,2025-11-14T17:52:28.754318
2058,61,education,"{""education_quality"": 1, ""naturalness"": 1, ""correctness"": 1, ""notes"": """"}",lbrezovec,2025-11-14T17:53:07.387385
2059,72,education,"{""education_quality"": 0, ""naturalness"": 0, ""correctness"": 0, ""notes"": """"}",vdurn,2025-11-14T17:53:27.789477
2060,152,education,"{""education_quality"": 1, ""naturalness"": 1, ""correctness"": 1, ""notes"": """"}",lbrezovec,2025-11-14T17:54:07.161670
2061,222,education,"{""education_quality"": 1, ""naturalness"": 0, ""correctness"": 1, ""notes"": """"}",lbrezovec,2025-11-14T17:54:42.345269
2062,18,education,"{""education_quality"": 1, ""naturalness"": 1, ""correctness"": 1, ""notes"": """"}",vdurn,2025-11-14T17:54:53.908790
2063,171,education,"{""education_quality"": 1, ""naturalness"": 1, ""correctness"": 0, ""notes"": """"}",lbrezovec,2025-11-14T17:55:41.621448
2064,386,theme,"{""theme_quality"": 1, ""theme_success"": 1, ""roleplaying"": 1, ""notes"": """"}",mstoklas,2025-11-14T17:57:09.538031
2065,161,theme,"{""theme_quality"": 0, ""theme_success"": 0, ""roleplaying"": 0, ""notes"": """"}",mstoklas,2025-11-14T17:58:13.977667
2066,216,education,"{""education_quality"": 1, ""naturalness"": 1, ""correctness"": 1, ""notes"": """"}",lbrezovec,2025-11-14T17:58:30.074874
2067,252,theme,"{""theme_quality"": 0, ""theme_success"": 0, ""roleplaying"": 0, ""notes"": """"}",mstoklas,2025-11-14T17:59:22.847201
2068,93,education,"{""education_quality"": 1, ""naturalness"": 1, ""correctness"": 1, ""notes"": """"}",lbrezovec,2025-11-14T17:59:31.880332
2069,85,education,"{""education_quality"": 1, ""naturalness"": 1, ""correctness"": 1, ""notes"": """"}",lbrezovec,2025-11-14T18:00:42.709312
2070,169,education,"{""education_quality"": 1, ""naturalness"": 1, ""correctness"": 1, ""notes"": """"}",lbrezovec,2025-11-14T18:01:39.988785
2071,209,education,"{""education_quality"": 0, ""naturalness"": 0, ""correctness"": 0, ""notes"": """"}",vdurn,2025-11-14T18:02:05.426176
2072,50,education,"{""education_quality"": 1, ""naturalness"": 1, ""correctness"": 0, ""notes"": """"}",lbrezovec,2025-11-14T18:02:36.566995
2073,138,education,"{""education_quality"": 0, ""naturalness"": 1, ""correctness"": 1, ""notes"": """"}",vdurn,2025-11-14T18:02:55.695682
2074,42,education,"{""education_quality"": 1, ""naturalness"": 1, ""correctness"": 0, ""notes"": """"}",lbrezovec,2025-11-14T18:05:02.050421
2075,32,education,"{""education_quality"": 1, ""naturalness"": 1, ""correctness"": 1, ""notes"": """"}",lbrezovec,2025-11-14T18:05:50.397642
2076,259,education,"{""education_quality"": 1, ""naturalness"": 1, ""correctness"": 1, ""notes"": """"}",lbrezovec,2025-11-14T18:07:15.221850
2077,176,education,"{""education_quality"": 1, ""naturalness"": 0, ""correctness"": 1, ""notes"": """"}",lbrezovec,2025-11-14T18:08:31.744443
2078,252,education,"{""education_quality"": 0, ""naturalness"": 1, ""correctness"": 1, ""notes"": """"}",lbrezovec,2025-11-14T18:09:24.830371
2079,155,education,"{""education_quality"": 1, ""naturalness"": 0, ""correctness"": 1, ""notes"": """"}",lbrezovec,2025-11-14T18:09:57.755439
2080,258,education,"{""education_quality"": 1, ""naturalness"": 1, ""correctness"": 0, ""notes"": """"}",lbrezovec,2025-11-14T18:10:47.367447
2081,55,education,"{""education_quality"": 1, ""naturalness"": 1, ""correctness"": 1, ""notes"": """"}",lbrezovec,2025-11-14T18:11:21.680000
2082,76,education,"{""education_quality"": 0, ""naturalness"": 1, ""correctness"": 1, ""notes"": """"}",lbrezovec,2025-11-14T18:11:40.491996
2083,311,theme,"{""theme_quality"": 0, ""theme_success"": 0, ""roleplaying"": 0, ""notes"": ""no real change ?""}",mstoklas,2025-11-14T18:13:41.247055
2084,195,theme,"{""theme_quality"": 1, ""theme_success"": 1, ""roleplaying"": 1, ""notes"": """"}",mstoklas,2025-11-14T18:14:58.468282
2085,275,theme,"{""theme_quality"": 0, ""theme_success"": 1, ""roleplaying"": 1, ""notes"": """"}",mstoklas,2025-11-14T18:16:37.801516
2086,279,theme,"{""theme_quality"": 0, ""theme_success"": 1, ""roleplaying"": 1, ""notes"": """"}",mstoklas,2025-11-14T18:18:11.510457
2087,247,education,"{""education_quality"": 0, ""naturalness"": 1, ""correctness"": 1, ""notes"": """"}",vdurn,2025-11-14T18:25:04.763978
2088,269,theme,"{""theme_quality"": 1, ""theme_success"": 1, ""roleplaying"": 1, ""notes"": """"}",mstoklas,2025-11-14T18:26:15.201307
2089,234,education,"{""education_quality"": 0, ""naturalness"": 1, ""correctness"": 1, ""notes"": """"}",vdurn,2025-11-14T18:26:37.398058
2090,142,theme,"{""theme_quality"": 0, ""theme_success"": 0, ""roleplaying"": 0, ""notes"": """"}",mstoklas,2025-11-14T18:28:39.040071
2091,158,theme,"{""theme_quality"": 0, ""theme_success"": 0, ""roleplaying"": 0, ""notes"": ""amazing original story""}",mstoklas,2025-11-14T18:30:44.121122
2092,321,theme,"{""theme_quality"": 0, ""theme_success"": 1, ""roleplaying"": 1, ""notes"": """"}",mstoklas,2025-11-14T18:31:33.413224
2093,284,theme,"{""theme_quality"": 1, ""theme_success"": 1, ""roleplaying"": 1, ""notes"": """"}",mstoklas,2025-11-14T18:33:43.150144
2094,83,education,"{""education_quality"": 0, ""naturalness"": 1, ""correctness"": 1, ""notes"": """"}",vdurn,2025-11-14T18:34:43.943538
2095,301,theme,"{""theme_quality"": 0, ""theme_success"": 1, ""roleplaying"": 1, ""notes"": """"}",mstoklas,2025-11-14T18:36:05.145835
2096,301,theme,"{""theme_quality"": 0, ""theme_success"": 1, ""roleplaying"": 0, ""notes"": """"}",mstoklas,2025-11-14T18:36:07.273432
2097,301,theme,"{""theme_quality"": 0, ""theme_success"": 1, ""roleplaying"": 1, ""notes"": """"}",mstoklas,2025-11-14T18:36:11.708445
2098,233,education,"{""education_quality"": 0, ""naturalness"": 1, ""correctness"": 1, ""notes"": """"}",vdurn,2025-11-14T18:38:47.142745
2099,26,education,"{""education_quality"": 0, ""naturalness"": 0, ""correctness"": 1, ""notes"": """"}",vdurn,2025-11-14T18:41:27.395888
2100,244,education,"{""education_quality"": 0, ""naturalness"": 1, ""correctness"": 1, ""notes"": """"}",vdurn,2025-11-14T18:51:54.911391
2101,185,education,"{""education_quality"": 0, ""naturalness"": 1, ""correctness"": 1, ""notes"": """"}",vdurn,2025-11-14T18:53:31.699064
2102,109,education,"{""education_quality"": 0, ""naturalness"": 0, ""correctness"": 1, ""notes"": """"}",vdurn,2025-11-14T18:54:20.771496
2103,220,education,"{""education_quality"": 0, ""naturalness"": 1, ""correctness"": 1, ""notes"": """"}",vdurn,2025-11-14T18:55:54.987210
2104,149,education,"{""education_quality"": 0, ""naturalness"": 1, ""correctness"": 1, ""notes"": """"}",vdurn,2025-11-14T18:56:29.570856
2105,165,education,"{""education_quality"": 0, ""naturalness"": 1, ""correctness"": 1, ""notes"": """"}",vdurn,2025-11-14T18:57:18.958003
2106,172,education,"{""education_quality"": 0, ""naturalness"": 0, ""correctness"": 1, ""notes"": """"}",vdurn,2025-11-14T18:57:53.048448
2107,259,education,"{""education_quality"": 0, ""naturalness"": 0, ""correctness"": 1, ""notes"": """"}",vdurn,2025-11-14T18:58:37.052588
2108,42,education,"{""education_quality"": 1, ""naturalness"": 1, ""correctness"": 1, ""notes"": """"}",vdurn,2025-11-14T18:59:20.598277
2109,35,education,"{""education_quality"": 0, ""naturalness"": 1, ""correctness"": 1, ""notes"": """"}",vdurn,2025-11-14T19:00:14.602991
2110,148,education,"{""education_quality"": 0, ""naturalness"": 0, ""correctness"": 1, ""notes"": """"}",vdurn,2025-11-14T19:01:20.685859
2111,215,story,"{""age_appropriateness"": 1, ""clarity"": 1, ""creativity"": 1, ""language"": 1, ""message"": 1, ""literature"": 1, ""notes"": """"}",kkuznietsova,2025-11-14T19:06:39.308281
2112,132,questions,"{""difficulty"": 1, ""completeness"": 1, ""correctness_of_responses"": 1, ""notes"": """"}",vdurn,2025-11-14T19:12:20.441114
2113,40,story,"{""age_appropriateness"": 1, ""clarity"": 0, ""creativity"": 1, ""language"": 1, ""message"": 1, ""literature"": 0, ""notes"": ""\u201cSome things should stay private\u201d is a weird expression concerning a sentence about dinosaurs""}",kkuznietsova,2025-11-14T19:12:57.048677
2114,89,questions,"{""difficulty"": 0, ""completeness"": 1, ""correctness_of_responses"": 1, ""notes"": """"}",vdurn,2025-11-14T19:13:11.792162
2115,172,questions,"{""difficulty"": 0, ""completeness"": 1, ""correctness_of_responses"": 1, ""notes"": """"}",vdurn,2025-11-14T19:13:55.873099
2116,146,questions,"{""difficulty"": 0, ""completeness"": 1, ""correctness_of_responses"": 1, ""notes"": """"}",vdurn,2025-11-14T19:14:59.584322
2117,154,questions,"{""difficulty"": 0, ""completeness"": 0, ""correctness_of_responses"": 0, ""notes"": """"}",vdurn,2025-11-14T19:15:44.790310
2118,341,story,"{""age_appropriateness"": 1, ""clarity"": 1, ""creativity"": 1, ""language"": 1, ""message"": 1, ""literature"": 0, ""notes"": ""Better for younger kids""}",kkuznietsova,2025-11-14T19:15:46.854137
2119,209,questions,"{""difficulty"": 0, ""completeness"": 0, ""correctness_of_responses"": 0, ""notes"": """"}",vdurn,2025-11-14T19:16:55.535809
2120,205,questions,"{""difficulty"": 0, ""completeness"": 1, ""correctness_of_responses"": 1, ""notes"": """"}",vdurn,2025-11-14T19:18:01.287396
2121,38,questions,"{""difficulty"": 1, ""completeness"": 1, ""correctness_of_responses"": 1, ""notes"": """"}",vdurn,2025-11-14T19:18:27.265548
2122,109,questions,"{""difficulty"": 1, ""completeness"": 1, ""correctness_of_responses"": 1, ""notes"": """"}",vdurn,2025-11-14T19:19:07.595100
2123,101,questions,"{""difficulty"": 1, ""completeness"": 1, ""correctness_of_responses"": 1, ""notes"": """"}",vdurn,2025-11-14T19:20:19.461505
2124,93,story,"{""age_appropriateness"": 1, ""clarity"": 1, ""creativity"": 1, ""language"": 1, ""message"": 1, ""literature"": 0, ""notes"": ""Better for younger than 15. A bit rushed as a story(a bit like a summary of events)""}",kkuznietsova,2025-11-14T19:21:04.058962
2125,57,questions,"{""difficulty"": 1, ""completeness"": 1, ""correctness_of_responses"": 1, ""notes"": """"}",vdurn,2025-11-14T19:22:50.163872
2126,55,questions,"{""difficulty"": 1, ""completeness"": 1, ""correctness_of_responses"": 1, ""notes"": """"}",vdurn,2025-11-14T19:23:32.038592
2127,177,questions,"{""difficulty"": 0, ""completeness"": 0, ""correctness_of_responses"": 1, ""notes"": """"}",vdurn,2025-11-14T19:24:24.974296
2128,51,questions,"{""difficulty"": 1, ""completeness"": 1, ""correctness_of_responses"": 1, ""notes"": """"}",vdurn,2025-11-14T19:25:06.816754
2129,139,questions,"{""difficulty"": 0, ""completeness"": 1, ""correctness_of_responses"": 0, ""notes"": """"}",vdurn,2025-11-14T19:26:35.278986
2130,237,questions,"{""difficulty"": 1, ""completeness"": 0, ""correctness_of_responses"": 1, ""notes"": """"}",lbrezovec,2025-11-14T19:27:29.314365
2131,186,questions,"{""difficulty"": 0, ""completeness"": 1, ""correctness_of_responses"": 1, ""notes"": """"}",vdurn,2025-11-14T19:27:37.626622
2132,364,story,"{""age_appropriateness"": 1, ""clarity"": 0, ""creativity"": 1, ""language"": 1, ""message"": 0, ""literature"": 0, ""notes"": ""hum a tune that sounds like dripping water XD Also the characters aren\u2019t well connected to each other and the story moral is a bit weird (everything worth holding?? )""}",kkuznietsova,2025-11-14T19:27:56.624973
2133,151,questions,"{""difficulty"": 1, ""completeness"": 1, ""correctness_of_responses"": 1, ""notes"": """"}",lbrezovec,2025-11-14T19:28:04.040377
2134,46,questions,"{""difficulty"": 1, ""completeness"": 1, ""correctness_of_responses"": 1, ""notes"": """"}",vdurn,2025-11-14T19:28:47.653350
2135,30,questions,"{""difficulty"": 0, ""completeness"": 1, ""correctness_of_responses"": 1, ""notes"": """"}",lbrezovec,2025-11-14T19:29:04.993177
2136,290,story,"{""age_appropriateness"": 0, ""clarity"": 1, ""creativity"": 1, ""language"": 1, ""message"": 1, ""literature"": 0, ""notes"": ""For very small kids. Age range not specified""}",kkuznietsova,2025-11-14T19:29:43.351093
2137,219,questions,"{""difficulty"": 1, ""completeness"": 1, ""correctness_of_responses"": 1, ""notes"": """"}",lbrezovec,2025-11-14T19:30:29.598422
2138,132,questions,"{""difficulty"": 1, ""completeness"": 1, ""correctness_of_responses"": 1, ""notes"": """"}",lbrezovec,2025-11-14T19:31:00.692612
2139,338,story,"{""age_appropriateness"": 0, ""clarity"": 1, ""creativity"": 1, ""language"": 1, ""message"": 1, ""literature"": 1, ""notes"": ""Age range not specified, probably 12-14""}",kkuznietsova,2025-11-14T19:32:35.245410
2140,34,questions,"{""difficulty"": 1, ""completeness"": 1, ""correctness_of_responses"": 1, ""notes"": """"}",lbrezovec,2025-11-14T19:32:42.626916
2141,87,questions,"{""difficulty"": 1, ""completeness"": 0, ""correctness_of_responses"": 0, ""notes"": """"}",lbrezovec,2025-11-14T19:33:04.784463
2142,7,questions,"{""difficulty"": 1, ""completeness"": 0, ""correctness_of_responses"": 0, ""notes"": """"}",lbrezovec,2025-11-14T19:33:20.870962
2143,96,questions,"{""difficulty"": 1, ""completeness"": 1, ""correctness_of_responses"": 0, ""notes"": """"}",lbrezovec,2025-11-14T19:37:06.959329
2144,363,story,"{""age_appropriateness"": 1, ""clarity"": 1, ""creativity"": 1, ""language"": 1, ""message"": 1, ""literature"": 0, ""notes"": ""Maybe not \u201cloved fast\u201d but \u201cloved speed\u201d""}",kkuznietsova,2025-11-14T19:37:30.482358
2145,279,story,"{""age_appropriateness"": 1, ""clarity"": 1, ""creativity"": 1, ""language"": 1, ""message"": 1, ""literature"": 0, ""notes"": ""In the real garden carrot also would look green because the rest of it is normally underground :) but it also wouldn\u2019t speak or run so that\u2019s okay""}",kkuznietsova,2025-11-14T19:43:08.202478
2146,163,questions,"{""difficulty"": 1, ""completeness"": 0, ""correctness_of_responses"": 0, ""notes"": """"}",lbrezovec,2025-11-14T19:45:34.401218
2147,170,questions,"{""difficulty"": 1, ""completeness"": 0, ""correctness_of_responses"": 0, ""notes"": """"}",lbrezovec,2025-11-14T19:45:50.314173
2148,259,questions,"{""difficulty"": 1, ""completeness"": 0, ""correctness_of_responses"": 1, ""notes"": """"}",lbrezovec,2025-11-14T19:46:15.392091
2149,72,questions,"{""difficulty"": 1, ""completeness"": 1, ""correctness_of_responses"": 1, ""notes"": """"}",lbrezovec,2025-11-14T19:47:05.875816
2150,248,questions,"{""difficulty"": 1, ""completeness"": 1, ""correctness_of_responses"": 1, ""notes"": """"}",lbrezovec,2025-11-14T19:48:34.430893
2151,177,questions,"{""difficulty"": 1, ""completeness"": 0, ""correctness_of_responses"": 0, ""notes"": """"}",lbrezovec,2025-11-14T19:48:51.282168
2152,130,questions,"{""difficulty"": 1, ""completeness"": 1, ""correctness_of_responses"": 1, ""notes"": """"}",lbrezovec,2025-11-14T19:49:11.932534
2153,388,theme,"{""theme_quality"": 0, ""theme_success"": 1, ""roleplaying"": 1, ""notes"": """"}",kkuznietsova,2025-11-14T19:51:42.891340
2154,243,questions,"{""difficulty"": 1, ""completeness"": 0, ""correctness_of_responses"": 0, ""notes"": """"}",lbrezovec,2025-11-14T19:52:22.145519
2155,138,questions,"{""difficulty"": 1, ""completeness"": 1, ""correctness_of_responses"": 1, ""notes"": """"}",lbrezovec,2025-11-14T19:52:39.555071
2156,249,questions,"{""difficulty"": 1, ""completeness"": 1, ""correctness_of_responses"": 1, ""notes"": """"}",lbrezovec,2025-11-14T19:53:07.052442
2157,351,theme,"{""theme_quality"": 0, ""theme_success"": 1, ""roleplaying"": 1, ""notes"": """"}",kkuznietsova,2025-11-14T19:53:33.245867
2158,81,questions,"{""difficulty"": 0, ""completeness"": 0, ""correctness_of_responses"": 1, ""notes"": """"}",lbrezovec,2025-11-14T19:54:46.478032
2159,13,questions,"{""difficulty"": 0, ""completeness"": 0, ""correctness_of_responses"": 1, ""notes"": """"}",lbrezovec,2025-11-14T19:55:07.640010
2160,13,questions,"{""difficulty"": 0, ""completeness"": 0, ""correctness_of_responses"": 1, ""notes"": """"}",lbrezovec,2025-11-14T19:55:08.131908
2161,149,questions,"{""difficulty"": 0, ""completeness"": 0, ""correctness_of_responses"": 1, ""notes"": """"}",lbrezovec,2025-11-14T19:55:34.513869
2162,200,theme,"{""theme_quality"": 0, ""theme_success"": 1, ""roleplaying"": 1, ""notes"": ""The ending is about the Gumdrop from the original story but there\u2019s no exposition in this one. Otherwise without the ending it\u2019s a good funny story""}",kkuznietsova,2025-11-14T19:57:37.726052
2163,99,theme,"{""theme_quality"": 0, ""theme_success"": 0, ""roleplaying"": 1, ""notes"": ""The appearance of Simba is not very natural here, but I can\u2019t imagine a natural way really""}",kkuznietsova,2025-11-14T20:00:13.915988
2164,14,questions,"{""difficulty"": 1, ""completeness"": 1, ""correctness_of_responses"": 1, ""notes"": """"}",vdurn,2025-11-14T20:01:16.983276
2165,136,theme,"{""theme_quality"": 1, ""theme_success"": 1, ""roleplaying"": 1, ""notes"": """"}",kkuznietsova,2025-11-14T20:01:42.372445
2166,79,questions,"{""difficulty"": 1, ""completeness"": 1, ""correctness_of_responses"": 1, ""notes"": """"}",vdurn,2025-11-14T20:02:00.129614
2167,31,questions,"{""difficulty"": 1, ""completeness"": 1, ""correctness_of_responses"": 1, ""notes"": """"}",vdurn,2025-11-14T20:02:55.005258
2168,141,questions,"{""difficulty"": 1, ""completeness"": 1, ""correctness_of_responses"": 1, ""notes"": """"}",vdurn,2025-11-14T20:03:52.104676
2169,159,questions,"{""difficulty"": 0, ""completeness"": 1, ""correctness_of_responses"": 1, ""notes"": """"}",vdurn,2025-11-14T20:06:09.224426
2170,174,questions,"{""difficulty"": 0, ""completeness"": 1, ""correctness_of_responses"": 1, ""notes"": """"}",vdurn,2025-11-14T20:07:01.388218
2171,294,theme,"{""theme_quality"": 1, ""theme_success"": 1, ""roleplaying"": 1, ""notes"": ""Except for the sentence \u201cEven clouds need friends to fall\u201d""}",kkuznietsova,2025-11-14T20:08:08.202764
2172,120,questions,"{""difficulty"": 0, ""completeness"": 0, ""correctness_of_responses"": 1, ""notes"": """"}",vdurn,2025-11-14T20:08:14.320008
2173,75,questions,"{""difficulty"": 0, ""completeness"": 1, ""correctness_of_responses"": 1, ""notes"": """"}",vdurn,2025-11-14T20:09:37.007385
2174,24,theme,"{""theme_quality"": 1, ""theme_success"": 1, ""roleplaying"": 1, ""notes"": """"}",kkuznietsova,2025-11-14T20:10:12.802999
2175,265,questions,"{""difficulty"": 1, ""completeness"": 1, ""correctness_of_responses"": 1, ""notes"": """"}",lbrezovec,2025-11-14T20:10:58.078806
2176,202,questions,"{""difficulty"": 0, ""completeness"": 1, ""correctness_of_responses"": 1, ""notes"": """"}",vdurn,2025-11-14T20:11:17.663243
2177,202,questions,"{""difficulty"": 0, ""completeness"": 1, ""correctness_of_responses"": 1, ""notes"": """"}",lbrezovec,2025-11-14T20:11:37.090511
2178,60,questions,"{""difficulty"": 0, ""completeness"": 0, ""correctness_of_responses"": 1, ""notes"": """"}",vdurn,2025-11-14T20:12:03.792285
2179,214,questions,"{""difficulty"": 0, ""completeness"": 1, ""correctness_of_responses"": 0, ""notes"": """"}",lbrezovec,2025-11-14T20:12:27.622889
2180,153,questions,"{""difficulty"": 0, ""completeness"": 0, ""correctness_of_responses"": 0, ""notes"": """"}",lbrezovec,2025-11-14T20:12:52.815497
2181,112,theme,"{""theme_quality"": 1, ""theme_success"": 1, ""roleplaying"": 1, ""notes"": """"}",kkuznietsova,2025-11-14T20:13:03.817571
2182,246,questions,"{""difficulty"": 0, ""completeness"": 1, ""correctness_of_responses"": 1, ""notes"": """"}",lbrezovec,2025-11-14T20:14:15.163069
2183,86,questions,"{""difficulty"": 0, ""completeness"": 1, ""correctness_of_responses"": 1, ""notes"": """"}",vdurn,2025-11-14T20:14:26.390213
2184,55,questions,"{""difficulty"": 0, ""completeness"": 0, ""correctness_of_responses"": 1, ""notes"": """"}",lbrezovec,2025-11-14T20:15:33.653658
2185,134,questions,"{""difficulty"": 0, ""completeness"": 0, ""correctness_of_responses"": 1, ""notes"": """"}",vdurn,2025-11-14T20:15:57.175783
2186,78,questions,"{""difficulty"": 0, ""completeness"": 1, ""correctness_of_responses"": 0, ""notes"": """"}",lbrezovec,2025-11-14T20:16:32.837104
2187,233,questions,"{""difficulty"": 0, ""completeness"": 1, ""correctness_of_responses"": 1, ""notes"": """"}",vdurn,2025-11-14T20:17:06.213787
2188,85,theme,"{""theme_quality"": 1, ""theme_success"": 1, ""roleplaying"": 1, ""notes"": """"}",kkuznietsova,2025-11-14T20:17:39.415303
2189,222,questions,"{""difficulty"": 1, ""completeness"": 0, ""correctness_of_responses"": 1, ""notes"": """"}",lbrezovec,2025-11-14T20:17:41.499139
2190,94,questions,"{""difficulty"": 0, ""completeness"": 0, ""correctness_of_responses"": 1, ""notes"": """"}",vdurn,2025-11-14T20:17:51.610422
2191,240,questions,"{""difficulty"": 1, ""completeness"": 1, ""correctness_of_responses"": 1, ""notes"": """"}",lbrezovec,2025-11-14T20:18:17.810779
2192,60,questions,"{""difficulty"": 1, ""completeness"": 1, ""correctness_of_responses"": 1, ""notes"": """"}",lbrezovec,2025-11-14T20:18:37.910240
2193,200,questions,"{""difficulty"": 0, ""completeness"": 0, ""correctness_of_responses"": 1, ""notes"": """"}",vdurn,2025-11-14T20:19:20.894396
2194,72,theme,"{""theme_quality"": 1, ""theme_success"": 1, ""roleplaying"": 1, ""notes"": ""T-T""}",kkuznietsova,2025-11-14T20:20:42.894586
2195,292,theme,"{""theme_quality"": 1, ""theme_success"": 1, ""roleplaying"": 1, ""notes"": """"}",kkuznietsova,2025-11-14T20:25:46.957008
2196,201,questions,"{""difficulty"": 0, ""completeness"": 0, ""correctness_of_responses"": 1, ""notes"": """"}",vdurn,2025-11-14T20:27:52.412881
2197,302,theme,"{""theme_quality"": 1, ""theme_success"": 1, ""roleplaying"": 1, ""notes"": """"}",kkuznietsova,2025-11-14T20:28:49.635339
2198,203,theme,"{""theme_quality"": 1, ""theme_success"": 1, ""roleplaying"": 1, ""notes"": ""* HIS Mom fixed the frame\r\n+ why the flashlight flew? Throwing is not mentioned""}",kkuznietsova,2025-11-14T20:33:15.857058
2199,27,theme,"{""theme_quality"": 0, ""theme_success"": 1, ""roleplaying"": 1, ""notes"": """"}",kkuznietsova,2025-11-14T20:34:04.529537
2200,28,theme,"{""theme_quality"": 0, ""theme_success"": 1, ""roleplaying"": 1, ""notes"": ""Not very fitting of the Star Wars characters, but given the original story it did a decent job""}",kkuznietsova,2025-11-14T20:38:33.021364
2201,87,questions,"{""difficulty"": 0, ""completeness"": 1, ""correctness_of_responses"": 1, ""notes"": """"}",vdurn,2025-11-14T20:43:52.115832
2202,366,theme,"{""theme_quality"": 0, ""theme_success"": 1, ""roleplaying"": 1, ""notes"": """"}",kkuznietsova,2025-11-14T20:47:41.280825
2203,199,theme,"{""theme_quality"": 1, ""theme_success"": 1, ""roleplaying"": 1, ""notes"": """"}",kkuznietsova,2025-11-14T20:50:15.352669
2204,165,theme,"{""theme_quality"": 0, ""theme_success"": 0, ""roleplaying"": 1, ""notes"": ""Not exactly how I\u2019d imagine a story to change""}",kkuznietsova,2025-11-14T20:52:33.898583
2205,363,theme,"{""theme_quality"": 0, ""theme_success"": 1, ""roleplaying"": 1, ""notes"": """"}",kkuznietsova,2025-11-14T20:54:58.729379
2206,319,theme,"{""theme_quality"": 1, ""theme_success"": 1, ""roleplaying"": 1, ""notes"": """"}",kkuznietsova,2025-11-14T20:56:00.967446
2207,21,theme,"{""theme_quality"": 1, ""theme_success"": 1, ""roleplaying"": 1, ""notes"": """"}",kkuznietsova,2025-11-14T20:58:19.559159
2208,28,questions,"{""difficulty"": 0, ""completeness"": 1, ""correctness_of_responses"": 1, ""notes"": """"}",vdurn,2025-11-14T20:59:42.159140
2209,44,questions,"{""difficulty"": 0, ""completeness"": 1, ""correctness_of_responses"": 0, ""notes"": """"}",vdurn,2025-11-14T21:01:23.350740
2210,191,theme,"{""theme_quality"": 1, ""theme_success"": 1, ""roleplaying"": 1, ""notes"": """"}",kkuznietsova,2025-11-14T21:01:42.862709
2211,150,questions,"{""difficulty"": 0, ""completeness"": 1, ""correctness_of_responses"": 1, ""notes"": """"}",vdurn,2025-11-14T21:03:40.113259
2212,71,theme,"{""theme_quality"": 1, ""theme_success"": 1, ""roleplaying"": 1, ""notes"": """"}",kkuznietsova,2025-11-14T21:04:12.819524
2213,131,theme,"{""theme_quality"": 0, ""theme_success"": 0, ""roleplaying"": 1, ""notes"": """"}",kkuznietsova,2025-11-14T21:06:01.673323
2214,11,questions,"{""difficulty"": 1, ""completeness"": 1, ""correctness_of_responses"": 1, ""notes"": """"}",vdurn,2025-11-14T21:07:41.901427
2215,168,questions,"{""difficulty"": 0, ""completeness"": 1, ""correctness_of_responses"": 0, ""notes"": """"}",vdurn,2025-11-14T21:08:33.310717
2216,367,theme,"{""theme_quality"": 0, ""theme_success"": 1, ""roleplaying"": 1, ""notes"": """"}",kkuznietsova,2025-11-14T21:09:28.642151
2217,261,questions,"{""difficulty"": 0, ""completeness"": 1, ""correctness_of_responses"": 1, ""notes"": """"}",vdurn,2025-11-14T21:11:03.682997
2218,11,theme,"{""theme_quality"": 1, ""theme_success"": 1, ""roleplaying"": 1, ""notes"": """"}",kkuznietsova,2025-11-14T21:18:15.672459
2219,58,theme,"{""theme_quality"": 0, ""theme_success"": 0, ""roleplaying"": 1, ""notes"": ""Mom wouldn\u2019t know that much of his inside-game experience""}",kkuznietsova,2025-11-14T21:20:22.633089
2220,365,theme,"{""theme_quality"": 0, ""theme_success"": 1, ""roleplaying"": 1, ""notes"": """"}",kkuznietsova,2025-11-14T21:21:32.271606
2221,257,theme,"{""theme_quality"": 1, ""theme_success"": 1, ""roleplaying"": 1, ""notes"": ""Would read this story to my monkey""}",kkuznietsova,2025-11-14T21:22:56.720903
2222,144,theme,"{""theme_quality"": 0, ""theme_success"": 1, ""roleplaying"": 1, ""notes"": ""Like a spin-off of a bigger story""}",kkuznietsova,2025-11-14T21:25:22.239764
2223,122,story,"{""age_appropriateness"": 1, ""clarity"": 1, ""creativity"": 1, ""language"": 1, ""message"": 1, ""literature"": 0, ""notes"": """"}",kkuznietsova,2025-11-14T21:28:41.645717
2224,315,story,"{""age_appropriateness"": 0, ""clarity"": 1, ""creativity"": 1, ""language"": 1, ""message"": 1, ""literature"": 0, ""notes"": ""Age range not specified""}",kkuznietsova,2025-11-14T21:30:45.698130
2225,137,story,"{""age_appropriateness"": 1, ""clarity"": 1, ""creativity"": 1, ""language"": 1, ""message"": 1, ""literature"": 0, ""notes"": """"}",kkuznietsova,2025-11-14T21:32:32.268380
2226,127,story,"{""age_appropriateness"": 1, ""clarity"": 1, ""creativity"": 1, ""language"": 1, ""message"": 1, ""literature"": 1, ""notes"": """"}",kkuznietsova,2025-11-14T21:35:38.601231
2227,269,story,"{""age_appropriateness"": 1, ""clarity"": 0, ""creativity"": 0, ""language"": 1, ""message"": 1, ""literature"": 0, ""notes"": ""sentences too short""}",kkuznietsova,2025-11-14T21:37:38.775634
2228,354,story,"{""age_appropriateness"": 0, ""clarity"": 1, ""creativity"": 1, ""language"": 1, ""message"": 1, ""literature"": 0, ""notes"": ""Maybe for smaller children""}",kkuznietsova,2025-11-14T21:49:40.380109
2229,331,story,"{""age_appropriateness"": 0, ""clarity"": 1, ""creativity"": 1, ""language"": 1, ""message"": 1, ""literature"": 1, ""notes"": ""Age range not specified but probably 12+""}",kkuznietsova,2025-11-14T21:52:21.803839
2230,395,story,"{""age_appropriateness"": 1, ""clarity"": 1, ""creativity"": 1, ""language"": 1, ""message"": 1, ""literature"": 1, ""notes"": """"}",kkuznietsova,2025-11-14T21:53:23.941720
2231,51,story,"{""age_appropriateness"": 1, ""clarity"": 0, ""creativity"": 1, ""language"": 1, ""message"": 1, ""literature"": 0, ""notes"": """"}",kkuznietsova,2025-11-14T21:57:08.001550
2232,342,story,"{""age_appropriateness"": 1, ""clarity"": 1, ""creativity"": 1, ""language"": 1, ""message"": 1, ""literature"": 0, ""notes"": """"}",kkuznietsova,2025-11-14T22:01:19.033184
2233,135,story,"{""age_appropriateness"": 1, ""clarity"": 1, ""creativity"": 1, ""language"": 1, ""message"": 1, ""literature"": 1, ""notes"": """"}",kkuznietsova,2025-11-14T22:03:23.658623
2234,291,story,"{""age_appropriateness"": 1, ""clarity"": 1, ""creativity"": 1, ""language"": 1, ""message"": 1, ""literature"": 1, ""notes"": """"}",kkuznietsova,2025-11-14T22:05:54.764616
2235,70,story,"{""age_appropriateness"": 1, ""clarity"": 1, ""creativity"": 1, ""language"": 1, ""message"": 1, ""literature"": 1, ""notes"": """"}",kkuznietsova,2025-11-14T22:08:19.132237
2236,333,story,"{""age_appropriateness"": 1, ""clarity"": 1, ""creativity"": 1, ""language"": 1, ""message"": 0, ""literature"": 0, ""notes"": ""Message is a bit weak and the story is a bit badly structured""}",kkuznietsova,2025-11-14T22:11:36.325100
2237,132,story,"{""age_appropriateness"": 1, ""clarity"": 1, ""creativity"": 1, ""language"": 1, ""message"": 0, ""literature"": 0, ""notes"": ""Message a bit weak + what did the innocent vampire eat? :)""}",kkuznietsova,2025-11-14T22:14:27.219231
2238,80,story,"{""age_appropriateness"": 1, ""clarity"": 1, ""creativity"": 1, ""language"": 1, ""message"": 1, ""literature"": 0, ""notes"": ""Would make some 4-year-olds cry I\u2019m afraid""}",kkuznietsova,2025-11-14T22:17:01.830613
2239,327,story,"{""age_appropriateness"": 0, ""clarity"": 1, ""creativity"": 1, ""language"": 1, ""message"": 1, ""literature"": 1, ""notes"": ""Age range not specified, but more so for older kids""}",kkuznietsova,2025-11-14T22:20:04.674568
2240,371,story,"{""age_appropriateness"": 1, ""clarity"": 1, ""creativity"": 1, ""language"": 0, ""message"": 1, ""literature"": 0, ""notes"": ""Sentences are a bit too short/disconnected sometimes""}",kkuznietsova,2025-11-14T22:23:21.376856
2241,37,story,"{""age_appropriateness"": 1, ""clarity"": 0, ""creativity"": 0, ""language"": 1, ""message"": 1, ""literature"": 0, ""notes"": ""(They speak to each other about how they can\u2019t speak)""}",kkuznietsova,2025-11-14T22:26:29.244913
2242,248,story,"{""age_appropriateness"": 1, ""clarity"": 1, ""creativity"": 1, ""language"": 1, ""message"": 1, ""literature"": 1, ""notes"": """"}",kkuznietsova,2025-11-14T22:29:35.343323
2243,169,questions,"{""difficulty"": 0, ""completeness"": 1, ""correctness_of_responses"": 1, ""notes"": ""No age range specified, ok for 6+""}",kkuznietsova,2025-11-14T22:33:56.759218
2244,52,questions,"{""difficulty"": 1, ""completeness"": 1, ""correctness_of_responses"": 1, ""notes"": ""age range JSON not visible, but fairly simple, 8+""}",kkuznietsova,2025-11-14T22:35:35.143277
2245,42,questions,"{""difficulty"": 1, ""completeness"": 0, ""correctness_of_responses"": 1, ""notes"": ""last question's answer is not contained in the story straightforward""}",kkuznietsova,2025-11-14T22:37:52.180224
2246,68,questions,"{""difficulty"": 1, ""completeness"": 1, ""correctness_of_responses"": 1, ""notes"": ""JSON age range not visible, probably 7+""}",kkuznietsova,2025-11-14T22:39:59.156320
2247,141,questions,"{""difficulty"": 1, ""completeness"": 1, ""correctness_of_responses"": 1, ""notes"": ""age range JSON not visible, 4-5+""}",kkuznietsova,2025-11-14T22:41:24.455218
2248,200,questions,"{""difficulty"": 1, ""completeness"": 1, ""correctness_of_responses"": 1, ""notes"": ""age range JSON not visible, 6+""}",kkuznietsova,2025-11-14T22:42:56.743074
2249,221,questions,"{""difficulty"": 1, ""completeness"": 0, ""correctness_of_responses"": 1, ""notes"": ""The story does not contain full answers to the question, only in part, age range JSON not visible, 10+""}",kkuznietsova,2025-11-14T22:44:36.146303
2250,192,questions,"{""difficulty"": 1, ""completeness"": 1, ""correctness_of_responses"": 1, ""notes"": ""age range JSON not visible, but very simple, 3+""}",kkuznietsova,2025-11-14T22:45:46.888227
2251,233,questions,"{""difficulty"": 1, ""completeness"": 1, ""correctness_of_responses"": 1, ""notes"": ""age range JSON not visible, 5+""}",kkuznietsova,2025-11-14T22:46:35.874732
2252,121,questions,"{""difficulty"": 1, ""completeness"": 1, ""correctness_of_responses"": 1, ""notes"": ""age range JSON not visible, 5+""}",kkuznietsova,2025-11-14T22:47:42.410470
2253,155,questions,"{""difficulty"": 1, ""completeness"": 0, ""correctness_of_responses"": 1, ""notes"": ""Questions are not related to story enough""}",kkuznietsova,2025-11-14T22:49:40.276851
2254,78,questions,"{""difficulty"": 1, ""completeness"": 1, ""correctness_of_responses"": 1, ""notes"": ""age range JSON not visible, 4+""}",kkuznietsova,2025-11-14T22:50:15.480924
2255,45,questions,"{""difficulty"": 1, ""completeness"": 0, ""correctness_of_responses"": 1, ""notes"": ""Only the question \""Which ancient cultures treasured turquoise for its beauty and meaning?\"": \""Ancient Egyptians and Native American tribes valued turquoise.\"" is not answered in text. Age range JSON not visible, 10+""}",kkuznietsova,2025-11-14T22:53:07.333128
2256,57,questions,"{""difficulty"": 1, ""completeness"": 1, ""correctness_of_responses"": 1, ""notes"": ""Age range JSON not visible, 12+""}",kkuznietsova,2025-11-14T22:55:41.545839
2257,23,questions,"{""difficulty"": 0, ""completeness"": 0, ""correctness_of_responses"": 0, ""notes"": ""Weird question format""}",kkuznietsova,2025-11-14T22:56:36.224200
2258,24,questions,"{""difficulty"": 1, ""completeness"": 1, ""correctness_of_responses"": 1, ""notes"": ""Age range JSON not visible, 8+""}",kkuznietsova,2025-11-14T22:57:08.154394
2259,183,questions,"{""difficulty"": 1, ""completeness"": 1, ""correctness_of_responses"": 1, ""notes"": """"}",kkuznietsova,2025-11-14T22:57:40.639175
2260,166,questions,"{""difficulty"": 0, ""completeness"": 1, ""correctness_of_responses"": 1, ""notes"": ""Age range JSON not visible, questions are quite hard as well as the text readability, 15+""}",kkuznietsova,2025-11-14T22:58:56.241903
2261,149,questions,"{""difficulty"": 1, ""completeness"": 0, ""correctness_of_responses"": 1, ""notes"": ""Not everything from the questions is contained in the text, but they're not too hard. Age range JSON not visible, 6+""}",kkuznietsova,2025-11-14T23:00:42.807912
2262,129,questions,"{""difficulty"": 1, ""completeness"": 0, ""correctness_of_responses"": 1, ""notes"": ""second question not answered in the story. No age range specified, around 10+""}",kkuznietsova,2025-11-14T23:03:05.924956
2263,253,questions,"{""difficulty"": 1, ""completeness"": 1, ""correctness_of_responses"": 1, ""notes"": ""Age range JSON not visible, 6+""}",kkuznietsova,2025-11-14T23:09:45.377036
2264,67,questions,"{""difficulty"": 1, ""completeness"": 1, ""correctness_of_responses"": 1, ""notes"": ""Age range JSON not visible, 6-7+""}",kkuznietsova,2025-11-14T23:10:46.599309
2265,16,questions,"{""difficulty"": 1, ""completeness"": 1, ""correctness_of_responses"": 1, ""notes"": ""Age range JSON not visible, 8+""}",kkuznietsova,2025-11-14T23:14:46.908160
2266,215,questions,"{""difficulty"": 1, ""completeness"": 1, ""correctness_of_responses"": 1, ""notes"": """"}",kkuznietsova,2025-11-14T23:17:14.761861
2267,250,questions,"{""difficulty"": 0, ""completeness"": 1, ""correctness_of_responses"": 0, ""notes"": """"}",lbrezovec,2025-11-14T23:17:45.304981
2268,6,questions,"{""difficulty"": 1, ""completeness"": 1, ""correctness_of_responses"": 1, ""notes"": """"}",lbrezovec,2025-11-14T23:18:11.260896
2269,217,questions,"{""difficulty"": 1, ""completeness"": 1, ""correctness_of_responses"": 1, ""notes"": """"}",lbrezovec,2025-11-14T23:18:38.282709
2270,256,questions,"{""difficulty"": 0, ""completeness"": 1, ""correctness_of_responses"": 1, ""notes"": """"}",lbrezovec,2025-11-14T23:19:31.258728
2271,186,questions,"{""difficulty"": 1, ""completeness"": 0, ""correctness_of_responses"": 1, ""notes"": """"}",lbrezovec,2025-11-14T23:20:41.767094
2272,253,questions,"{""difficulty"": 0, ""completeness"": 1, ""correctness_of_responses"": 1, ""notes"": """"}",lbrezovec,2025-11-14T23:21:10.724129
2273,127,questions,"{""difficulty"": 1, ""completeness"": 1, ""correctness_of_responses"": 1, ""notes"": """"}",lbrezovec,2025-11-14T23:22:07.574884
2274,221,story,"{""age_appropriateness"": 0, ""clarity"": 1, ""creativity"": 0, ""language"": 1, ""message"": 0, ""literature"": 0, ""notes"": """"}",nhmeljak,2025-11-14T23:46:24.003372
2275,40,questions,"{""difficulty"": 1, ""completeness"": 1, ""correctness_of_responses"": 1, ""notes"": ""Age range unspecified, 5+\r\n""}",kkuznietsova,2025-11-14T23:55:44.201545
2276,122,questions,"{""difficulty"": 0, ""completeness"": 1, ""correctness_of_responses"": 1, ""notes"": ""Age range unspecified, 7+""}",kkuznietsova,2025-11-14T23:56:55.227295
2277,374,story,"{""age_appropriateness"": 0, ""clarity"": 0, ""creativity"": 0, ""language"": 0, ""message"": 0, ""literature"": 0, ""notes"": """"}",nhmeljak,2025-11-14T23:57:00.966620
2278,173,story,"{""age_appropriateness"": 0, ""clarity"": 1, ""creativity"": 1, ""language"": 1, ""message"": 1, ""literature"": 0, ""notes"": """"}",nhmeljak,2025-11-14T23:59:02.176104
2279,152,story,"{""age_appropriateness"": 0, ""clarity"": 0, ""creativity"": 0, ""language"": 0, ""message"": 0, ""literature"": 0, ""notes"": """"}",nhmeljak,2025-11-15T00:00:29.549781
2280,400,story,"{""age_appropriateness"": 1, ""clarity"": 0, ""creativity"": 1, ""language"": 0, ""message"": 1, ""literature"": 0, ""notes"": """"}",nhmeljak,2025-11-15T00:04:03.798975
2281,147,questions,"{""difficulty"": 0, ""completeness"": 0, ""correctness_of_responses"": 1, ""notes"": ""The answers to the questions are not contained in the story""}",kkuznietsova,2025-11-15T00:05:13.341572
2282,194,questions,"{""difficulty"": 1, ""completeness"": 1, ""correctness_of_responses"": 1, ""notes"": ""Age range values not visible, but very simple, 5+""}",kkuznietsova,2025-11-15T00:06:30.781431
2283,144,questions,"{""difficulty"": 0, ""completeness"": 0, ""correctness_of_responses"": 0, ""notes"": ""no questions""}",kkuznietsova,2025-11-15T00:07:24.736170
2284,190,story,"{""age_appropriateness"": 1, ""clarity"": 1, ""creativity"": 0, ""language"": 0, ""message"": 1, ""literature"": 0, ""notes"": """"}",nhmeljak,2025-11-15T00:08:03.190154
2285,370,story,"{""age_appropriateness"": 1, ""clarity"": 1, ""creativity"": 0, ""language"": 1, ""message"": 0, ""literature"": 0, ""notes"": """"}",nhmeljak,2025-11-15T00:13:06.532917
2286,391,story,"{""age_appropriateness"": 1, ""clarity"": 1, ""creativity"": 0, ""language"": 0, ""message"": 1, ""literature"": 0, ""notes"": """"}",nhmeljak,2025-11-15T00:18:41.574414
2287,211,story,"{""age_appropriateness"": 0, ""clarity"": 1, ""creativity"": 0, ""language"": 1, ""message"": 1, ""literature"": 0, ""notes"": """"}",nhmeljak,2025-11-15T00:26:45.404820
2288,296,story,"{""age_appropriateness"": 1, ""clarity"": 0, ""creativity"": 0, ""language"": 1, ""message"": 1, ""literature"": 0, ""notes"": """"}",nhmeljak,2025-11-15T00:31:29.758300
2289,182,story,"{""age_appropriateness"": 1, ""clarity"": 0, ""creativity"": 0, ""language"": 0, ""message"": 1, ""literature"": 0, ""notes"": """"}",nhmeljak,2025-11-15T00:33:55.449723
2290,267,story,"{""age_appropriateness"": 0, ""clarity"": 0, ""creativity"": 0, ""language"": 0, ""message"": 0, ""literature"": 0, ""notes"": """"}",nhmeljak,2025-11-15T00:35:31.917120
2291,247,story,"{""age_appropriateness"": 1, ""clarity"": 1, ""creativity"": 0, ""language"": 1, ""message"": 1, ""literature"": 0, ""notes"": """"}",nhmeljak,2025-11-15T00:38:51.746250
2292,266,story,"{""age_appropriateness"": 1, ""clarity"": 0, ""creativity"": 0, ""language"": 0, ""message"": 1, ""literature"": 0, ""notes"": """"}",nhmeljak,2025-11-15T09:54:58.212287
2293,330,story,"{""age_appropriateness"": 1, ""clarity"": 0, ""creativity"": 0, ""language"": 0, ""message"": 1, ""literature"": 0, ""notes"": """"}",nhmeljak,2025-11-15T09:56:55.852885
2294,184,story,"{""age_appropriateness"": 1, ""clarity"": 0, ""creativity"": 0, ""language"": 0, ""message"": 1, ""literature"": 0, ""notes"": """"}",nhmeljak,2025-11-15T09:59:36.547094
2295,198,story,"{""age_appropriateness"": 1, ""clarity"": 1, ""creativity"": 0, ""language"": 1, ""message"": 1, ""literature"": 0, ""notes"": """"}",nhmeljak,2025-11-15T10:41:45.683920
2296,134,story,"{""age_appropriateness"": 1, ""clarity"": 0, ""creativity"": 0, ""language"": 1, ""message"": 0, ""literature"": 0, ""notes"": """"}",nhmeljak,2025-11-15T10:48:59.541976
2297,238,education,"{""education_quality"": 0, ""naturalness"": 0, ""correctness"": 0, ""notes"": """"}",mstoklas,2025-11-15T12:18:13.650434
2298,153,education,"{""education_quality"": 0, ""naturalness"": 1, ""correctness"": 1, ""notes"": """"}",mstoklas,2025-11-15T12:20:28.921679
2299,51,education,"{""education_quality"": 0, ""naturalness"": 0, ""correctness"": 0, ""notes"": """"}",mstoklas,2025-11-15T12:21:58.926468
2300,111,education,"{""education_quality"": 0, ""naturalness"": 0, ""correctness"": 0, ""notes"": """"}",mstoklas,2025-11-15T12:23:04.504732
2301,69,education,"{""education_quality"": 1, ""naturalness"": 1, ""correctness"": 1, ""notes"": """"}",mstoklas,2025-11-15T12:24:21.740407
2302,69,education,"{""education_quality"": 1, ""naturalness"": 1, ""correctness"": 1, ""notes"": """"}",mstoklas,2025-11-15T12:24:21.969441
2303,88,education,"{""education_quality"": 0, ""naturalness"": 0, ""correctness"": 1, ""notes"": """"}",mstoklas,2025-11-15T12:25:46.769454
2304,55,education,"{""education_quality"": 1, ""naturalness"": 1, ""correctness"": 1, ""notes"": """"}",mstoklas,2025-11-15T12:28:05.012294
2305,74,education,"{""education_quality"": 0, ""naturalness"": 0, ""correctness"": 0, ""notes"": """"}",mstoklas,2025-11-15T12:31:55.182541
2306,250,education,"{""education_quality"": 0, ""naturalness"": 0, ""correctness"": 0, ""notes"": """"}",mstoklas,2025-11-15T12:33:07.135166
2307,192,education,"{""education_quality"": 1, ""naturalness"": 0, ""correctness"": 1, ""notes"": """"}",mstoklas,2025-11-15T12:34:26.409808
2308,232,education,"{""education_quality"": 0, ""naturalness"": 0, ""correctness"": 1, ""notes"": """"}",mstoklas,2025-11-15T12:35:26.533582
2309,234,education,"{""education_quality"": 1, ""naturalness"": 1, ""correctness"": 1, ""notes"": """"}",mstoklas,2025-11-15T12:36:23.603930
2310,37,education,"{""education_quality"": 1, ""naturalness"": 1, ""correctness"": 1, ""notes"": """"}",mstoklas,2025-11-15T12:37:54.380187
2311,204,education,"{""education_quality"": 1, ""naturalness"": 1, ""correctness"": 1, ""notes"": """"}",mstoklas,2025-11-15T12:39:48.607358
2312,196,education,"{""education_quality"": 1, ""naturalness"": 1, ""correctness"": 1, ""notes"": ""given the place holders it is correct and educational, but I don't see how this story is different form the LLM generated ones.""}",mstoklas,2025-11-15T12:42:22.901739
2313,263,education,"{""education_quality"": 0, ""naturalness"": 0, ""correctness"": 1, ""notes"": """"}",mstoklas,2025-11-15T12:43:00.814362
2314,244,education,"{""education_quality"": 1, ""naturalness"": 0, ""correctness"": 1, ""notes"": """"}",mstoklas,2025-11-15T12:44:44.334897
2315,237,education,"{""education_quality"": 0, ""naturalness"": 0, ""correctness"": 0, ""notes"": """"}",mstoklas,2025-11-15T12:45:50.144401
2316,245,education,"{""education_quality"": 1, ""naturalness"": 1, ""correctness"": 1, ""notes"": """"}",mstoklas,2025-11-15T12:46:59.013296
2317,78,education,"{""education_quality"": 0, ""naturalness"": 1, ""correctness"": 1, ""notes"": """"}",mstoklas,2025-11-15T12:48:03.246532
2318,3,education,"{""education_quality"": 0, ""naturalness"": 0, ""correctness"": 0, ""notes"": """"}",mstoklas,2025-11-15T12:48:28.621247
2319,179,education,"{""education_quality"": 0, ""naturalness"": 0, ""correctness"": 0, ""notes"": """"}",mstoklas,2025-11-15T12:48:52.047954
2320,245,questions,"{""difficulty"": 0, ""completeness"": 1, ""correctness_of_responses"": 1, ""notes"": """"}",mstoklas,2025-11-15T12:56:20.270874
2321,242,questions,"{""difficulty"": 0, ""completeness"": 1, ""correctness_of_responses"": 1, ""notes"": """"}",mstoklas,2025-11-15T12:57:08.762216
2322,56,questions,"{""difficulty"": 1, ""completeness"": 0, ""correctness_of_responses"": 0, ""notes"": ""multiple choice - correctness? Don't know how to annotate""}",mstoklas,2025-11-15T12:58:20.959185
2323,259,questions,"{""difficulty"": 0, ""completeness"": 1, ""correctness_of_responses"": 1, ""notes"": """"}",mstoklas,2025-11-15T12:58:53.133837
2324,14,questions,"{""difficulty"": 0, ""completeness"": 1, ""correctness_of_responses"": 0, ""notes"": """"}",mstoklas,2025-11-15T12:59:31.217328
2325,261,questions,"{""difficulty"": 0, ""completeness"": 1, ""correctness_of_responses"": 1, ""notes"": """"}",mstoklas,2025-11-15T13:01:48.434103
2326,59,questions,"{""difficulty"": 1, ""completeness"": 1, ""correctness_of_responses"": 1, ""notes"": """"}",mstoklas,2025-11-15T13:02:12.858633
2327,1,questions,"{""difficulty"": 0, ""completeness"": 1, ""correctness_of_responses"": 1, ""notes"": """"}",mstoklas,2025-11-15T13:02:37.754463
2328,78,questions,"{""difficulty"": 0, ""completeness"": 1, ""correctness_of_responses"": 1, ""notes"": """"}",mstoklas,2025-11-15T13:03:05.215559
2329,232,questions,"{""difficulty"": 0, ""completeness"": 1, ""correctness_of_responses"": 1, ""notes"": """"}",mstoklas,2025-11-15T13:03:38.095144
2330,260,questions,"{""difficulty"": 0, ""completeness"": 1, ""correctness_of_responses"": 1, ""notes"": """"}",mstoklas,2025-11-15T13:03:57.161837
2331,203,questions,"{""difficulty"": 0, ""completeness"": 1, ""correctness_of_responses"": 0, ""notes"": """"}",mstoklas,2025-11-15T13:04:17.309843
2332,131,questions,"{""difficulty"": 1, ""completeness"": 1, ""correctness_of_responses"": 1, ""notes"": """"}",mstoklas,2025-11-15T13:04:44.017552
2333,50,questions,"{""difficulty"": 0, ""completeness"": 0, ""correctness_of_responses"": 0, ""notes"": """"}",mstoklas,2025-11-15T13:05:09.550554
2334,51,questions,"{""difficulty"": 0, ""completeness"": 1, ""correctness_of_responses"": 1, ""notes"": """"}",mstoklas,2025-11-15T13:05:35.028001
2335,51,questions,"{""difficulty"": 0, ""completeness"": 1, ""correctness_of_responses"": 1, ""notes"": """"}",mstoklas,2025-11-15T13:05:36.249722
2336,167,questions,"{""difficulty"": 1, ""completeness"": 1, ""correctness_of_responses"": 1, ""notes"": """"}",mstoklas,2025-11-15T13:06:12.215481
2337,251,questions,"{""difficulty"": 0, ""completeness"": 1, ""correctness_of_responses"": 1, ""notes"": """"}",mstoklas,2025-11-15T13:06:41.200721
2338,31,questions,"{""difficulty"": 1, ""completeness"": 1, ""correctness_of_responses"": 1, ""notes"": """"}",mstoklas,2025-11-15T13:07:14.993368
2339,145,questions,"{""difficulty"": 1, ""completeness"": 1, ""correctness_of_responses"": 1, ""notes"": """"}",mstoklas,2025-11-15T13:07:48.008348
2340,102,education,"{""education_quality"": 0, ""naturalness"": 0, ""correctness"": 0, ""notes"": """"}",mstoklas,2025-11-15T13:09:01.596828
2341,252,education,"{""education_quality"": 0, ""naturalness"": 0, ""correctness"": 1, ""notes"": """"}",mstoklas,2025-11-15T13:10:00.139367
2342,200,education,"{""education_quality"": 0, ""naturalness"": 0, ""correctness"": 0, ""notes"": """"}",mstoklas,2025-11-15T13:10:42.744482
2343,151,education,"{""education_quality"": 0, ""naturalness"": 1, ""correctness"": 1, ""notes"": """"}",mstoklas,2025-11-15T13:12:12.136016
2344,63,education,"{""education_quality"": 0, ""naturalness"": 1, ""correctness"": 1, ""notes"": """"}",mstoklas,2025-11-15T13:14:00.869978
2345,228,education,"{""education_quality"": 0, ""naturalness"": 0, ""correctness"": 0, ""notes"": """"}",mstoklas,2025-11-15T13:14:34.930244
2346,226,education,"{""education_quality"": 0, ""naturalness"": 0, ""correctness"": 1, ""notes"": """"}",mstoklas,2025-11-15T13:15:20.468102
2347,118,education,"{""education_quality"": 0, ""naturalness"": 0, ""correctness"": 0, ""notes"": """"}",mstoklas,2025-11-15T13:16:32.013955
2348,203,education,"{""education_quality"": 0, ""naturalness"": 0, ""correctness"": 0, ""notes"": """"}",mstoklas,2025-11-15T13:17:38.549369
2349,73,education,"{""education_quality"": 1, ""naturalness"": 1, ""correctness"": 1, ""notes"": """"}",mstoklas,2025-11-15T13:19:25.803045
2350,241,questions,"{""difficulty"": 1, ""completeness"": 0, ""correctness_of_responses"": 1, ""notes"": ""very open-ended questions so I annotated difficulty""}",mstoklas,2025-11-15T13:21:53.077771
2351,179,questions,"{""difficulty"": 1, ""completeness"": 0, ""correctness_of_responses"": 0, ""notes"": """"}",mstoklas,2025-11-15T13:22:50.171094
2352,247,questions,"{""difficulty"": 0, ""completeness"": 1, ""correctness_of_responses"": 1, ""notes"": """"}",mstoklas,2025-11-15T13:23:16.349857
2353,201,questions,"{""difficulty"": 0, ""completeness"": 1, ""correctness_of_responses"": 1, ""notes"": """"}",mstoklas,2025-11-15T13:24:02.192388
2354,144,questions,"{""difficulty"": 0, ""completeness"": 0, ""correctness_of_responses"": 0, ""notes"": ""question section contains prompt""}",mstoklas,2025-11-15T13:24:23.207920
2355,172,questions,"{""difficulty"": 1, ""completeness"": 1, ""correctness_of_responses"": 0, ""notes"": ""i don't believe seeds need sunlight to sprout""}",mstoklas,2025-11-15T13:25:12.621617
2356,90,questions,"{""difficulty"": 1, ""completeness"": 1, ""correctness_of_responses"": 1, ""notes"": """"}",mstoklas,2025-11-15T13:26:22.396640
2357,122,questions,"{""difficulty"": 0, ""completeness"": 1, ""correctness_of_responses"": 1, ""notes"": """"}",mstoklas,2025-11-15T13:27:06.185348
2358,115,questions,"{""difficulty"": 1, ""completeness"": 1, ""correctness_of_responses"": 1, ""notes"": """"}",mstoklas,2025-11-15T13:27:31.415842
2359,240,questions,"{""difficulty"": 1, ""completeness"": 1, ""correctness_of_responses"": 1, ""notes"": """"}",mstoklas,2025-11-15T13:28:06.939623
2360,87,questions,"{""difficulty"": 1, ""completeness"": 1, ""correctness_of_responses"": 1, ""notes"": """"}",mstoklas,2025-11-15T13:28:37.404989
2361,45,questions,"{""difficulty"": 1, ""completeness"": 1, ""correctness_of_responses"": 1, ""notes"": """"}",mstoklas,2025-11-15T13:29:49.290674
2362,183,questions,"{""difficulty"": 1, ""completeness"": 1, ""correctness_of_responses"": 1, ""notes"": """"}",mstoklas,2025-11-15T13:30:05.759899
2363,218,questions,"{""difficulty"": 1, ""completeness"": 1, ""correctness_of_responses"": 1, ""notes"": """"}",mstoklas,2025-11-15T13:33:28.705849
2364,43,questions,"{""difficulty"": 1, ""completeness"": 1, ""correctness_of_responses"": 1, ""notes"": """"}",mstoklas,2025-11-15T13:34:04.202876
2365,25,questions,"{""difficulty"": 0, ""completeness"": 1, ""correctness_of_responses"": 1, ""notes"": """"}",mstoklas,2025-11-15T13:34:25.215751
2366,194,questions,"{""difficulty"": 1, ""completeness"": 1, ""correctness_of_responses"": 1, ""notes"": """"}",mstoklas,2025-11-15T13:34:43.284160
2367,162,questions,"{""difficulty"": 0, ""completeness"": 1, ""correctness_of_responses"": 1, ""notes"": """"}",mstoklas,2025-11-15T13:35:27.196585
2368,148,questions,"{""difficulty"": 1, ""completeness"": 1, ""correctness_of_responses"": 1, ""notes"": """"}",mstoklas,2025-11-15T13:35:50.139419
2369,159,questions,"{""difficulty"": 1, ""completeness"": 1, ""correctness_of_responses"": 1, ""notes"": """"}",mstoklas,2025-11-15T13:36:15.119924
2370,285,story,"{""age_appropriateness"": 1, ""clarity"": 0, ""creativity"": 0, ""language"": 0, ""message"": 0, ""literature"": 0, ""notes"": """"}",nhmeljak,2025-11-15T17:55:19.040634
2371,72,story,"{""age_appropriateness"": 1, ""clarity"": 1, ""creativity"": 1, ""language"": 0, ""message"": 1, ""literature"": 0, ""notes"": """"}",nhmeljak,2025-11-15T18:32:38.287799
2372,93,story,"{""age_appropriateness"": 1, ""clarity"": 0, ""creativity"": 0, ""language"": 1, ""message"": 0, ""literature"": 0, ""notes"": """"}",nhmeljak,2025-11-15T18:37:09.431432
2373,276,story,"{""age_appropriateness"": 1, ""clarity"": 1, ""creativity"": 0, ""language"": 1, ""message"": 1, ""literature"": 0, ""notes"": """"}",nhmeljak,2025-11-15T18:41:02.804717
2374,132,story,"{""age_appropriateness"": 1, ""clarity"": 0, ""creativity"": 1, ""language"": 1, ""message"": 0, ""literature"": 0, ""notes"": """"}",nhmeljak,2025-11-15T18:43:42.542023
2375,233,story,"{""age_appropriateness"": 1, ""clarity"": 1, ""creativity"": 0, ""language"": 0, ""message"": 0, ""literature"": 0, ""notes"": """"}",nhmeljak,2025-11-15T18:47:05.987780
2376,272,story,"{""age_appropriateness"": 1, ""clarity"": 1, ""creativity"": 0, ""language"": 1, ""message"": 0, ""literature"": 0, ""notes"": """"}",nhmeljak,2025-11-15T19:11:02.909204
2377,51,story,"{""age_appropriateness"": 1, ""clarity"": 0, ""creativity"": 0, ""language"": 0, ""message"": 0, ""literature"": 0, ""notes"": """"}",nhmeljak,2025-11-15T19:36:58.176175
2378,372,story,"{""age_appropriateness"": 1, ""clarity"": 0, ""creativity"": 0, ""language"": 0, ""message"": 1, ""literature"": 0, ""notes"": """"}",nhmeljak,2025-11-15T19:56:57.274563
2379,53,theme,"{""theme_quality"": 0, ""theme_success"": 1, ""roleplaying"": 1, ""notes"": """"}",nhmeljak,2025-11-15T20:11:11.886243
2380,285,theme,"{""theme_quality"": 0, ""theme_success"": 0, ""roleplaying"": 1, ""notes"": ""its a completely different story, is this really theme transformation?""}",nhmeljak,2025-11-15T20:19:16.859206
2381,293,theme,"{""theme_quality"": 0, ""theme_success"": 1, ""roleplaying"": 0, ""notes"": """"}",nhmeljak,2025-11-15T20:23:09.258202
2382,198,theme,"{""theme_quality"": 0, ""theme_success"": 1, ""roleplaying"": 0, ""notes"": """"}",nhmeljak,2025-11-15T20:30:13.987500
2383,11,theme,"{""theme_quality"": 0, ""theme_success"": 0, ""roleplaying"": 0, ""notes"": """"}",nhmeljak,2025-11-15T20:35:36.775262
2384,136,theme,"{""theme_quality"": 0, ""theme_success"": 0, ""roleplaying"": 0, ""notes"": """"}",nhmeljak,2025-11-15T20:38:59.536314
2385,82,theme,"{""theme_quality"": 0, ""theme_success"": 1, ""roleplaying"": 1, ""notes"": """"}",nhmeljak,2025-11-15T20:50:01.162954
2386,326,theme,"{""theme_quality"": 0, ""theme_success"": 1, ""roleplaying"": 1, ""notes"": """"}",nhmeljak,2025-11-15T20:52:49.079289
2387,308,theme,"{""theme_quality"": 0, ""theme_success"": 0, ""roleplaying"": 0, ""notes"": """"}",nhmeljak,2025-11-15T21:25:23.167463
2388,375,theme,"{""theme_quality"": 0, ""theme_success"": 1, ""roleplaying"": 1, ""notes"": """"}",nhmeljak,2025-11-15T21:31:19.989045
2389,106,theme,"{""theme_quality"": 0, ""theme_success"": 0, ""roleplaying"": 0, ""notes"": """"}",nhmeljak,2025-11-15T21:34:07.162081
2390,389,theme,"{""theme_quality"": 1, ""theme_success"": 1, ""roleplaying"": 1, ""notes"": """"}",nhmeljak,2025-11-15T21:54:25.775064
2391,324,theme,"{""theme_quality"": 0, ""theme_success"": 1, ""roleplaying"": 0, ""notes"": """"}",nhmeljak,2025-11-15T21:59:21.311211
2392,190,theme,"{""theme_quality"": 0, ""theme_success"": 1, ""roleplaying"": 0, ""notes"": """"}",nhmeljak,2025-11-15T22:04:26.077935
2393,344,theme,"{""theme_quality"": 0, ""theme_success"": 1, ""roleplaying"": 1, ""notes"": """"}",nhmeljak,2025-11-15T22:10:37.947361
2394,294,theme,"{""theme_quality"": 0, ""theme_success"": 0, ""roleplaying"": 0, ""notes"": """"}",nhmeljak,2025-11-15T22:19:12.138091
2395,372,theme,"{""theme_quality"": 0, ""theme_success"": 1, ""roleplaying"": 1, ""notes"": """"}",nhmeljak,2025-11-15T22:21:29.947357
2396,173,theme,"{""theme_quality"": 0, ""theme_success"": 0, ""roleplaying"": 1, ""notes"": """"}",nhmeljak,2025-11-15T22:25:14.599386
2397,212,theme,"{""theme_quality"": 0, ""theme_success"": 1, ""roleplaying"": 1, ""notes"": """"}",nhmeljak,2025-11-15T22:30:08.943828
2398,229,theme,"{""theme_quality"": 0, ""theme_success"": 1, ""roleplaying"": 0, ""notes"": """"}",nhmeljak,2025-11-15T22:38:12.198422
2399,119,theme,"{""theme_quality"": 0, ""theme_success"": 0, ""roleplaying"": 0, ""notes"": """"}",nhmeljak,2025-11-15T22:44:55.989490
2400,72,theme,"{""theme_quality"": 0, ""theme_success"": 1, ""roleplaying"": 1, ""notes"": """"}",nhmeljak,2025-11-15T22:50:20.525923
2401,18,theme,"{""theme_quality"": 0, ""theme_success"": 1, ""roleplaying"": 1, ""notes"": """"}",nhmeljak,2025-11-15T23:01:21.155845
2402,26,theme,"{""theme_quality"": 1, ""theme_success"": 1, ""roleplaying"": 1, ""notes"": """"}",nhmeljak,2025-11-15T23:06:06.107719
2403,241,theme,"{""theme_quality"": 0, ""theme_success"": 1, ""roleplaying"": 0, ""notes"": """"}",nhmeljak,2025-11-15T23:09:12.148633
2404,343,theme,"{""theme_quality"": 1, ""theme_success"": 1, ""roleplaying"": 1, ""notes"": """"}",nhmeljak,2025-11-15T23:13:32.451750
2405,19,theme,"{""theme_quality"": 0, ""theme_success"": 1, ""roleplaying"": 0, ""notes"": """"}",nhmeljak,2025-11-15T23:15:53.881546
2406,40,theme,"{""theme_quality"": 0, ""theme_success"": 0, ""roleplaying"": 0, ""notes"": """"}",nhmeljak,2025-11-15T23:19:39.378140
2407,191,theme,"{""theme_quality"": 0, ""theme_success"": 1, ""roleplaying"": 0, ""notes"": """"}",nhmeljak,2025-11-16T14:02:19.559447
2408,66,theme,"{""theme_quality"": 0, ""theme_success"": 0, ""roleplaying"": 1, ""notes"": """"}",nhmeljak,2025-11-16T14:05:34.325396
2409,268,theme,"{""theme_quality"": 0, ""theme_success"": 0, ""roleplaying"": 1, ""notes"": """"}",nhmeljak,2025-11-16T14:08:12.314207
2410,170,theme,"{""theme_quality"": 0, ""theme_success"": 0, ""roleplaying"": 1, ""notes"": """"}",nhmeljak,2025-11-16T14:10:43.234008
2411,298,theme,"{""theme_quality"": 1, ""theme_success"": 1, ""roleplaying"": 1, ""notes"": """"}",nhmeljak,2025-11-16T14:14:08.259932
2412,237,theme,"{""theme_quality"": 1, ""theme_success"": 1, ""roleplaying"": 1, ""notes"": """"}",nhmeljak,2025-11-16T14:16:58.489613
2413,281,theme,"{""theme_quality"": 1, ""theme_success"": 1, ""roleplaying"": 1, ""notes"": """"}",nhmeljak,2025-11-16T14:20:59.063186
2414,45,theme,"{""theme_quality"": 0, ""theme_success"": 1, ""roleplaying"": 0, ""notes"": ""cannot judge if the characters fit correctly since i did not watch the movie and dont know them""}",nhmeljak,2025-11-16T14:23:28.308119
2415,115,theme,"{""theme_quality"": 0, ""theme_success"": 1, ""roleplaying"": 1, ""notes"": """"}",nhmeljak,2025-11-16T14:25:25.690346
2416,47,theme,"{""theme_quality"": 1, ""theme_success"": 1, ""roleplaying"": 0, ""notes"": """"}",tgregorova,2025-11-16T16:36:12.173815
2417,218,theme,"{""theme_quality"": 0, ""theme_success"": 0, ""roleplaying"": 1, ""notes"": """"}",tgregorova,2025-11-16T16:36:27.437544
2418,202,theme,"{""theme_quality"": 1, ""theme_success"": 1, ""roleplaying"": 0, ""notes"": """"}",tgregorova,2025-11-16T16:36:35.555067
2419,352,theme,"{""theme_quality"": 1, ""theme_success"": 1, ""roleplaying"": 1, ""notes"": """"}",tgregorova,2025-11-16T16:37:39.562899
2420,348,theme,"{""theme_quality"": 1, ""theme_success"": 1, ""roleplaying"": 1, ""notes"": """"}",tgregorova,2025-11-16T16:37:49.510798
2421,288,theme,"{""theme_quality"": 1, ""theme_success"": 0, ""roleplaying"": 0, ""notes"": """"}",tgregorova,2025-11-16T16:37:58.536553
2422,195,theme,"{""theme_quality"": 1, ""theme_success"": 1, ""roleplaying"": 1, ""notes"": """"}",tgregorova,2025-11-16T16:38:07.771061
2423,291,theme,"{""theme_quality"": 0, ""theme_success"": 1, ""roleplaying"": 1, ""notes"": """"}",tgregorova,2025-11-16T16:38:16.930224
2424,98,theme,"{""theme_quality"": 0, ""theme_success"": 0, ""roleplaying"": 0, ""notes"": """"}",tgregorova,2025-11-16T16:38:28.481538
2425,381,theme,"{""theme_quality"": 0, ""theme_success"": 1, ""roleplaying"": 1, ""notes"": """"}",tgregorova,2025-11-16T16:39:07.328824
2426,131,theme,"{""theme_quality"": 1, ""theme_success"": 1, ""roleplaying"": 0, ""notes"": """"}",tgregorova,2025-11-16T16:39:15.638092
2427,386,theme,"{""theme_quality"": 0, ""theme_success"": 1, ""roleplaying"": 1, ""notes"": """"}",tgregorova,2025-11-16T16:39:24.150541
2428,287,theme,"{""theme_quality"": 0, ""theme_success"": 0, ""roleplaying"": 1, ""notes"": """"}",tgregorova,2025-11-16T16:39:32.435024
2429,178,theme,"{""theme_quality"": 1, ""theme_success"": 1, ""roleplaying"": 1, ""notes"": """"}",tgregorova,2025-11-16T16:39:42.065326
2430,290,theme,"{""theme_quality"": 1, ""theme_success"": 1, ""roleplaying"": 0, ""notes"": """"}",tgregorova,2025-11-16T16:39:53.134068
2431,379,theme,"{""theme_quality"": 0, ""theme_success"": 1, ""roleplaying"": 1, ""notes"": """"}",tgregorova,2025-11-16T16:40:00.693522
2432,189,theme,"{""theme_quality"": 0, ""theme_success"": 0, ""roleplaying"": 0, ""notes"": """"}",tgregorova,2025-11-16T16:40:07.664269
2433,335,theme,"{""theme_quality"": 0, ""theme_success"": 1, ""roleplaying"": 0, ""notes"": """"}",tgregorova,2025-11-16T16:40:21.620355
2434,285,theme,"{""theme_quality"": 0, ""theme_success"": 1, ""roleplaying"": 0, ""notes"": """"}",tgregorova,2025-11-16T16:40:30.003134
2435,355,theme,"{""theme_quality"": 1, ""theme_success"": 0, ""roleplaying"": 1, ""notes"": """"}",tgregorova,2025-11-16T16:40:38.606550
2436,251,theme,"{""theme_quality"": 0, ""theme_success"": 1, ""roleplaying"": 0, ""notes"": """"}",tgregorova,2025-11-16T16:40:47.694555
2437,136,theme,"{""theme_quality"": 1, ""theme_success"": 0, ""roleplaying"": 1, ""notes"": """"}",tgregorova,2025-11-16T16:40:58.868219
2438,183,theme,"{""theme_quality"": 1, ""theme_success"": 1, ""roleplaying"": 0, ""notes"": """"}",tgregorova,2025-11-16T16:41:06.220325
2439,138,theme,"{""theme_quality"": 0, ""theme_success"": 0, ""roleplaying"": 0, ""notes"": """"}",tgregorova,2025-11-16T16:41:12.653220
2440,49,theme,"{""theme_quality"": 1, ""theme_success"": 1, ""roleplaying"": 1, ""notes"": """"}",tgregorova,2025-11-16T16:41:22.544110
2441,306,theme,"{""theme_quality"": 0, ""theme_success"": 1, ""roleplaying"": 0, ""notes"": """"}",tgregorova,2025-11-16T16:41:31.053814
2442,365,theme,"{""theme_quality"": 0, ""theme_success"": 1, ""roleplaying"": 1, ""notes"": """"}",tgregorova,2025-11-16T16:41:41.659135
2443,117,theme,"{""theme_quality"": 0, ""theme_success"": 0, ""roleplaying"": 0, ""notes"": """"}",tgregorova,2025-11-16T16:41:49.386125
2444,48,theme,"{""theme_quality"": 1, ""theme_success"": 1, ""roleplaying"": 1, ""notes"": """"}",tgregorova,2025-11-16T16:41:58.353387
2445,220,theme,"{""theme_quality"": 0, ""theme_success"": 1, ""roleplaying"": 0, ""notes"": """"}",tgregorova,2025-11-16T16:42:07.647949
2446,140,theme,"{""theme_quality"": 0, ""theme_success"": 0, ""roleplaying"": 0, ""notes"": """"}",tgregorova,2025-11-16T16:42:16.047447
2447,140,theme,"{""theme_quality"": 0, ""theme_success"": 0, ""roleplaying"": 0, ""notes"": """"}",tgregorova,2025-11-16T16:42:17.466162
2448,328,theme,"{""theme_quality"": 1, ""theme_success"": 1, ""roleplaying"": 1, ""notes"": """"}",tgregorova,2025-11-16T16:42:29.377223
2449,58,theme,"{""theme_quality"": 0, ""theme_success"": 1, ""roleplaying"": 0, ""notes"": """"}",tgregorova,2025-11-16T16:42:37.255417
2450,279,theme,"{""theme_quality"": 0, ""theme_success"": 1, ""roleplaying"": 1, ""notes"": """"}",tgregorova,2025-11-16T16:42:46.087212
2451,307,theme,"{""theme_quality"": 0, ""theme_success"": 1, ""roleplaying"": 0, ""notes"": """"}",tgregorova,2025-11-16T16:42:53.769052
2452,378,theme,"{""theme_quality"": 0, ""theme_success"": 1, ""roleplaying"": 1, ""notes"": """"}",tgregorova,2025-11-16T16:43:02.382474
2453,274,theme,"{""theme_quality"": 0, ""theme_success"": 0, ""roleplaying"": 1, ""notes"": """"}",tgregorova,2025-11-16T16:43:10.382572
2454,267,theme,"{""theme_quality"": 1, ""theme_success"": 1, ""roleplaying"": 1, ""notes"": """"}",tgregorova,2025-11-16T16:43:21.924419
2455,152,theme,"{""theme_quality"": 0, ""theme_success"": 0, ""roleplaying"": 0, ""notes"": """"}",tgregorova,2025-11-16T16:43:32.242722
2456,33,theme,"{""theme_quality"": 0, ""theme_success"": 1, ""roleplaying"": 1, ""notes"": """"}",tgregorova,2025-11-16T16:43:40.854421
2457,310,theme,"{""theme_quality"": 0, ""theme_success"": 0, ""roleplaying"": 0, ""notes"": """"}",tgregorova,2025-11-16T16:43:48.020412
2458,345,theme,"{""theme_quality"": 0, ""theme_success"": 1, ""roleplaying"": 0, ""notes"": """"}",tgregorova,2025-11-16T16:43:58.146473
2459,312,theme,"{""theme_quality"": 0, ""theme_success"": 1, ""roleplaying"": 1, ""notes"": """"}",tgregorova,2025-11-16T16:44:13.751132
2460,391,theme,"{""theme_quality"": 0, ""theme_success"": 0, ""roleplaying"": 1, ""notes"": """"}",tgregorova,2025-11-16T16:44:22.286268
2461,294,theme,"{""theme_quality"": 1, ""theme_success"": 1, ""roleplaying"": 1, ""notes"": """"}",tgregorova,2025-11-16T16:44:38.356596
2462,128,theme,"{""theme_quality"": 0, ""theme_success"": 0, ""roleplaying"": 0, ""notes"": """"}",tgregorova,2025-11-16T16:44:46.421517
2463,151,theme,"{""theme_quality"": 0, ""theme_success"": 0, ""roleplaying"": 0, ""notes"": """"}",tgregorova,2025-11-16T16:44:54.729311
2464,289,theme,"{""theme_quality"": 0, ""theme_success"": 1, ""roleplaying"": 1, ""notes"": """"}",tgregorova,2025-11-16T16:45:25.133896
2465,362,theme,"{""theme_quality"": 0, ""theme_success"": 0, ""roleplaying"": 0, ""notes"": """"}",tgregorova,2025-11-16T16:45:45.408238
2466,236,education,"{""education_quality"": 1, ""naturalness"": 1, ""correctness"": 1, ""notes"": """"}",tgregorova,2025-11-16T16:59:02.477908
2467,68,education,"{""education_quality"": 0, ""naturalness"": 0, ""correctness"": 1, ""notes"": """"}",tgregorova,2025-11-16T16:59:13.067622
2468,177,education,"{""education_quality"": 0, ""naturalness"": 0, ""correctness"": 1, ""notes"": """"}",tgregorova,2025-11-16T16:59:26.085344
2469,123,education,"{""education_quality"": 1, ""naturalness"": 0, ""correctness"": 1, ""notes"": """"}",tgregorova,2025-11-16T16:59:53.189251
2470,238,education,"{""education_quality"": 0, ""naturalness"": 0, ""correctness"": 1, ""notes"": """"}",tgregorova,2025-11-16T17:00:26.238650
2471,161,education,"{""education_quality"": 1, ""naturalness"": 1, ""correctness"": 1, ""notes"": """"}",tgregorova,2025-11-16T17:00:47.884844
2472,219,education,"{""education_quality"": 1, ""naturalness"": 1, ""correctness"": 1, ""notes"": """"}",tgregorova,2025-11-16T17:01:23.724136
2473,159,education,"{""education_quality"": 0, ""naturalness"": 0, ""correctness"": 1, ""notes"": """"}",tgregorova,2025-11-16T17:02:27.389352
2474,197,education,"{""education_quality"": 0, ""naturalness"": 0, ""correctness"": 1, ""notes"": """"}",tgregorova,2025-11-16T17:02:42.962544
2475,237,education,"{""education_quality"": 0, ""naturalness"": 0, ""correctness"": 1, ""notes"": """"}",tgregorova,2025-11-16T17:03:06.916593
2476,86,education,"{""education_quality"": 0, ""naturalness"": 0, ""correctness"": 1, ""notes"": """"}",tgregorova,2025-11-16T17:03:21.281952
2477,35,education,"{""education_quality"": 1, ""naturalness"": 0, ""correctness"": 1, ""notes"": """"}",tgregorova,2025-11-16T17:03:33.099922
2478,258,education,"{""education_quality"": 0, ""naturalness"": 1, ""correctness"": 1, ""notes"": """"}",tgregorova,2025-11-16T17:03:40.382911
2479,205,education,"{""education_quality"": 1, ""naturalness"": 0, ""correctness"": 1, ""notes"": """"}",tgregorova,2025-11-16T17:04:43.662063
2480,133,education,"{""education_quality"": 0, ""naturalness"": 1, ""correctness"": 1, ""notes"": """"}",tgregorova,2025-11-16T17:05:48.612490
2481,183,education,"{""education_quality"": 0, ""naturalness"": 0, ""correctness"": 0, ""notes"": """"}",tgregorova,2025-11-16T17:05:55.091912
2482,137,education,"{""education_quality"": 1, ""naturalness"": 0, ""correctness"": 1, ""notes"": """"}",tgregorova,2025-11-16T17:06:04.660200
2483,71,education,"{""education_quality"": 0, ""naturalness"": 0, ""correctness"": 0, ""notes"": """"}",tgregorova,2025-11-16T17:06:37.495307
2484,246,education,"{""education_quality"": 1, ""naturalness"": 1, ""correctness"": 1, ""notes"": """"}",tgregorova,2025-11-16T17:06:47.371586
2485,90,education,"{""education_quality"": 0, ""naturalness"": 0, ""correctness"": 1, ""notes"": """"}",tgregorova,2025-11-16T17:08:43.990026
2486,110,education,"{""education_quality"": 0, ""naturalness"": 0, ""correctness"": 1, ""notes"": """"}",tgregorova,2025-11-16T17:08:49.597417
2487,115,education,"{""education_quality"": 0, ""naturalness"": 0, ""correctness"": 1, ""notes"": """"}",tgregorova,2025-11-16T17:09:08.880480
2488,83,education,"{""education_quality"": 0, ""naturalness"": 0, ""correctness"": 1, ""notes"": """"}",tgregorova,2025-11-16T17:09:15.368608
2489,168,education,"{""education_quality"": 0, ""naturalness"": 1, ""correctness"": 1, ""notes"": """"}",tgregorova,2025-11-16T17:09:24.485871
2490,191,education,"{""education_quality"": 0, ""naturalness"": 0, ""correctness"": 1, ""notes"": """"}",tgregorova,2025-11-16T17:11:13.806275
2491,200,education,"{""education_quality"": 0, ""naturalness"": 0, ""correctness"": 1, ""notes"": """"}",tgregorova,2025-11-16T17:11:50.095234
2492,204,education,"{""education_quality"": 1, ""naturalness"": 0, ""correctness"": 1, ""notes"": """"}",tgregorova,2025-11-16T17:12:04.692876
2493,247,education,"{""education_quality"": 1, ""naturalness"": 0, ""correctness"": 1, ""notes"": """"}",tgregorova,2025-11-16T17:13:07.474167
2494,93,education,"{""education_quality"": 1, ""naturalness"": 1, ""correctness"": 1, ""notes"": """"}",tgregorova,2025-11-16T17:13:41.106347
2495,104,education,"{""education_quality"": 0, ""naturalness"": 0, ""correctness"": 1, ""notes"": """"}",tgregorova,2025-11-16T17:14:50.479372
2496,29,questions,"{""difficulty"": 1, ""completeness"": 1, ""correctness_of_responses"": 1, ""notes"": """"}",tgregorova,2025-11-16T17:16:43.624567
2497,175,questions,"{""difficulty"": 0, ""completeness"": 0, ""correctness_of_responses"": 1, ""notes"": """"}",tgregorova,2025-11-16T17:17:53.818259
2498,162,questions,"{""difficulty"": 0, ""completeness"": 1, ""correctness_of_responses"": 1, ""notes"": """"}",tgregorova,2025-11-16T17:18:03.907566
2499,108,questions,"{""difficulty"": 1, ""completeness"": 1, ""correctness_of_responses"": 1, ""notes"": """"}",tgregorova,2025-11-16T17:18:12.710462
2500,186,questions,"{""difficulty"": 0, ""completeness"": 1, ""correctness_of_responses"": 1, ""notes"": """"}",tgregorova,2025-11-16T17:18:23.869920
2501,19,questions,"{""difficulty"": 1, ""completeness"": 1, ""correctness_of_responses"": 1, ""notes"": """"}",tgregorova,2025-11-16T17:18:32.696455
2502,32,questions,"{""difficulty"": 1, ""completeness"": 1, ""correctness_of_responses"": 1, ""notes"": """"}",tgregorova,2025-11-16T17:20:09.839019
2503,255,questions,"{""difficulty"": 1, ""completeness"": 1, ""correctness_of_responses"": 1, ""notes"": """"}",tgregorova,2025-11-16T17:20:19.025461
2504,192,questions,"{""difficulty"": 1, ""completeness"": 1, ""correctness_of_responses"": 1, ""notes"": """"}",tgregorova,2025-11-16T17:20:27.162192
2505,167,questions,"{""difficulty"": 0, ""completeness"": 0, ""correctness_of_responses"": 1, ""notes"": """"}",tgregorova,2025-11-16T17:20:36.732284
2506,156,questions,"{""difficulty"": 0, ""completeness"": 1, ""correctness_of_responses"": 1, ""notes"": """"}",tgregorova,2025-11-16T17:22:26.931975
2507,226,questions,"{""difficulty"": 1, ""completeness"": 1, ""correctness_of_responses"": 1, ""notes"": """"}",tgregorova,2025-11-16T17:22:52.015667
2508,176,questions,"{""difficulty"": 0, ""completeness"": 0, ""correctness_of_responses"": 1, ""notes"": """"}",tgregorova,2025-11-16T17:23:58.802832
2509,143,questions,"{""difficulty"": 0, ""completeness"": 1, ""correctness_of_responses"": 1, ""notes"": """"}",tgregorova,2025-11-16T17:24:08.853153
2510,254,questions,"{""difficulty"": 1, ""completeness"": 1, ""correctness_of_responses"": 1, ""notes"": """"}",tgregorova,2025-11-16T17:24:18.464540
2511,218,questions,"{""difficulty"": 1, ""completeness"": 0, ""correctness_of_responses"": 1, ""notes"": """"}",tgregorova,2025-11-16T17:24:28.980375
2512,6,questions,"{""difficulty"": 0, ""completeness"": 1, ""correctness_of_responses"": 1, ""notes"": """"}",tgregorova,2025-11-16T17:24:37.518221
2513,147,questions,"{""difficulty"": 1, ""completeness"": 1, ""correctness_of_responses"": 1, ""notes"": """"}",tgregorova,2025-11-16T17:24:53.217591
2514,44,questions,"{""difficulty"": 0, ""completeness"": 1, ""correctness_of_responses"": 1, ""notes"": """"}",tgregorova,2025-11-16T17:24:59.881170
2515,74,questions,"{""difficulty"": 1, ""completeness"": 1, ""correctness_of_responses"": 1, ""notes"": """"}",tgregorova,2025-11-16T17:25:12.018988
2516,106,questions,"{""difficulty"": 1, ""completeness"": 1, ""correctness_of_responses"": 1, ""notes"": """"}",tgregorova,2025-11-16T17:25:18.577945
2517,208,questions,"{""difficulty"": 1, ""completeness"": 1, ""correctness_of_responses"": 1, ""notes"": """"}",tgregorova,2025-11-16T17:25:27.744199
2518,225,questions,"{""difficulty"": 0, ""completeness"": 1, ""correctness_of_responses"": 1, ""notes"": """"}",tgregorova,2025-11-16T17:25:42.546025
2519,100,questions,"{""difficulty"": 1, ""completeness"": 1, ""correctness_of_responses"": 1, ""notes"": """"}",tgregorova,2025-11-16T17:25:49.689290
2520,189,questions,"{""difficulty"": 0, ""completeness"": 1, ""correctness_of_responses"": 1, ""notes"": """"}",tgregorova,2025-11-16T17:26:00.865484
2521,261,questions,"{""difficulty"": 1, ""completeness"": 1, ""correctness_of_responses"": 1, ""notes"": """"}",tgregorova,2025-11-16T17:26:08.523352
2522,258,questions,"{""difficulty"": 0, ""completeness"": 0, ""correctness_of_responses"": 0, ""notes"": """"}",tgregorova,2025-11-16T17:26:19.213614
2523,37,questions,"{""difficulty"": 1, ""completeness"": 1, ""correctness_of_responses"": 1, ""notes"": """"}",tgregorova,2025-11-16T17:26:28.887825
2524,165,questions,"{""difficulty"": 0, ""completeness"": 0, ""correctness_of_responses"": 1, ""notes"": """"}",tgregorova,2025-11-16T17:26:39.778115
2525,135,questions,"{""difficulty"": 1, ""completeness"": 1, ""correctness_of_responses"": 1, ""notes"": """"}",tgregorova,2025-11-16T17:26:52.362254
2526,290,theme,"{""theme_quality"": 1, ""theme_success"": 1, ""roleplaying"": 1, ""notes"": """"}",nhmeljak,2025-11-16T18:00:09.672062
2527,238,theme,"{""theme_quality"": 0, ""theme_success"": 1, ""roleplaying"": 1, ""notes"": """"}",nhmeljak,2025-11-16T18:07:34.133327
2528,104,theme,"{""theme_quality"": 0, ""theme_success"": 1, ""roleplaying"": 1, ""notes"": """"}",nhmeljak,2025-11-16T20:21:39.711352
2529,133,theme,"{""theme_quality"": 0, ""theme_success"": 0, ""roleplaying"": 0, ""notes"": """"}",nhmeljak,2025-11-16T20:29:38.621521
2530,210,theme,"{""theme_quality"": 0, ""theme_success"": 1, ""roleplaying"": 1, ""notes"": """"}",nhmeljak,2025-11-16T20:35:59.699408
2531,288,theme,"{""theme_quality"": 0, ""theme_success"": 1, ""roleplaying"": 1, ""notes"": """"}",nhmeljak,2025-11-16T20:39:56.705326
2532,273,theme,"{""theme_quality"": 0, ""theme_success"": 1, ""roleplaying"": 1, ""notes"": """"}",nhmeljak,2025-11-16T20:42:39.708473
2533,258,theme,"{""theme_quality"": 0, ""theme_success"": 1, ""roleplaying"": 1, ""notes"": """"}",nhmeljak,2025-11-16T20:45:12.070375
2534,277,theme,"{""theme_quality"": 0, ""theme_success"": 0, ""roleplaying"": 1, ""notes"": """"}",nhmeljak,2025-11-16T20:57:10.821044
2535,254,theme,"{""theme_quality"": 0, ""theme_success"": 0, ""roleplaying"": 0, ""notes"": """"}",nhmeljak,2025-11-16T21:12:27.274295
2536,244,theme,"{""theme_quality"": 0, ""theme_success"": 1, ""roleplaying"": 1, ""notes"": """"}",nhmeljak,2025-11-16T21:24:22.321613
2537,62,theme,"{""theme_quality"": 0, ""theme_success"": 0, ""roleplaying"": 1, ""notes"": """"}",nhmeljak,2025-11-16T21:32:58.918992
2538,367,theme,"{""theme_quality"": 0, ""theme_success"": 0, ""roleplaying"": 0, ""notes"": """"}",nhmeljak,2025-11-16T21:36:01.819067
2539,101,theme,"{""theme_quality"": 0, ""theme_success"": 1, ""roleplaying"": 1, ""notes"": """"}",nhmeljak,2025-11-16T21:38:44.691339
2540,278,theme,"{""theme_quality"": 0, ""theme_success"": 1, ""roleplaying"": 1, ""notes"": """"}",nhmeljak,2025-11-16T22:10:14.301350
2541,32,theme,"{""theme_quality"": 0, ""theme_success"": 0, ""roleplaying"": 0, ""notes"": """"}",nhmeljak,2025-11-16T22:12:46.050119
2542,252,theme,"{""theme_quality"": 0, ""theme_success"": 1, ""roleplaying"": 0, ""notes"": """"}",nhmeljak,2025-11-16T22:14:26.636684
2543,231,theme,"{""theme_quality"": 1, ""theme_success"": 1, ""roleplaying"": 1, ""notes"": """"}",nhmeljak,2025-11-16T22:24:34.840721
2544,217,theme,"{""theme_quality"": 0, ""theme_success"": 0, ""roleplaying"": 0, ""notes"": ""its saying trust but is still describing courage""}",nhmeljak,2025-11-16T22:29:08.026103
2545,368,theme,"{""theme_quality"": 0, ""theme_success"": 1, ""roleplaying"": 1, ""notes"": """"}",nhmeljak,2025-11-17T01:08:25.181449
2546,29,theme,"{""theme_quality"": 0, ""theme_success"": 0, ""roleplaying"": 1, ""notes"": ""its a completely different story""}",nhmeljak,2025-11-17T01:39:00.320978
2547,227,theme,"{""theme_quality"": 0, ""theme_success"": 1, ""roleplaying"": 0, ""notes"": """"}",nhmeljak,2025-11-17T01:41:46.406428
2548,80,theme,"{""theme_quality"": 0, ""theme_success"": 1, ""roleplaying"": 0, ""notes"": """"}",nhmeljak,2025-11-17T01:48:13.061282
2549,240,education,"{""education_quality"": 0, ""naturalness"": 0, ""correctness"": 0, ""notes"": ""this seems more like theme transformation than adding educational content""}",nhmeljak,2025-11-17T02:22:13.753023
2550,192,education,"{""education_quality"": 0, ""naturalness"": 0, ""correctness"": 0, ""notes"": ""nothing changed really""}",nhmeljak,2025-11-17T02:23:59.467899
2551,37,education,"{""education_quality"": 0, ""naturalness"": 0, ""correctness"": 1, ""notes"": """"}",nhmeljak,2025-11-17T02:28:20.186764
2552,118,education,"{""education_quality"": 0, ""naturalness"": 0, ""correctness"": 0, ""notes"": """"}",nhmeljak,2025-11-17T02:31:23.989249
2553,221,education,"{""education_quality"": 0, ""naturalness"": 0, ""correctness"": 1, ""notes"": """"}",nhmeljak,2025-11-17T02:36:56.088412
2554,253,education,"{""education_quality"": 0, ""naturalness"": 0, ""correctness"": 1, ""notes"": """"}",nhmeljak,2025-11-17T02:38:58.633391
2555,74,education,"{""education_quality"": 0, ""naturalness"": 0, ""correctness"": 0, ""notes"": """"}",nhmeljak,2025-11-17T12:03:16.100966
2556,71,education,"{""education_quality"": 0, ""naturalness"": 1, ""correctness"": 1, ""notes"": """"}",nhmeljak,2025-11-17T12:05:05.277393
2557,201,education,"{""education_quality"": 0, ""naturalness"": 0, ""correctness"": 1, ""notes"": """"}",nhmeljak,2025-11-17T12:09:54.467542
2558,168,education,"{""education_quality"": 0, ""naturalness"": 1, ""correctness"": 1, ""notes"": ""it changed almost completely the story""}",nhmeljak,2025-11-17T12:14:07.577890
2559,42,education,"{""education_quality"": 0, ""naturalness"": 1, ""correctness"": 1, ""notes"": """"}",nhmeljak,2025-11-17T12:17:37.350072
2560,189,education,"{""education_quality"": 0, ""naturalness"": 0, ""correctness"": 0, ""notes"": ""not that correct...the structure of toucan beak is to be sturdy yet lightweight, the body temperature is controlled with blood flowing through it""}",nhmeljak,2025-11-17T12:21:57.905930
2561,112,education,"{""education_quality"": 0, ""naturalness"": 0, ""correctness"": 1, ""notes"": """"}",nhmeljak,2025-11-17T12:24:06.942178
2562,241,education,"{""education_quality"": 1, ""naturalness"": 1, ""correctness"": 0, ""notes"": ""calendula does not keep bugs away, it attracts them. it is true though that it can be used like a bug trap so that bugs wouldnt go to other plants""}",nhmeljak,2025-11-17T12:28:45.512854
2563,209,education,"{""education_quality"": 0, ""naturalness"": 0, ""correctness"": 1, ""notes"": """"}",nhmeljak,2025-11-17T12:32:09.697663
2564,10,education,"{""education_quality"": 0, ""naturalness"": 0, ""correctness"": 1, ""notes"": """"}",nhmeljak,2025-11-17T12:33:43.755590
2565,108,education,"{""education_quality"": 0, ""naturalness"": 0, ""correctness"": 1, ""notes"": """"}",nhmeljak,2025-11-17T12:36:14.892473
2566,193,education,"{""education_quality"": 0, ""naturalness"": 0, ""correctness"": 1, ""notes"": """"}",nhmeljak,2025-11-17T12:38:36.727367
2567,13,education,"{""education_quality"": 0, ""naturalness"": 1, ""correctness"": 1, ""notes"": """"}",nhmeljak,2025-11-17T12:45:24.631093
2568,80,education,"{""education_quality"": 0, ""naturalness"": 0, ""correctness"": 1, ""notes"": """"}",nhmeljak,2025-11-17T12:48:22.077784
2569,102,education,"{""education_quality"": 0, ""naturalness"": 0, ""correctness"": 1, ""notes"": """"}",nhmeljak,2025-11-17T12:53:25.861559
2570,107,education,"{""education_quality"": 0, ""naturalness"": 0, ""correctness"": 0, ""notes"": """"}",nhmeljak,2025-11-17T12:54:31.772681
2571,3,education,"{""education_quality"": 0, ""naturalness"": 0, ""correctness"": 1, ""notes"": """"}",nhmeljak,2025-11-17T12:56:40.095585
2572,39,education,"{""education_quality"": 0, ""naturalness"": 0, ""correctness"": 0, ""notes"": """"}",nhmeljak,2025-11-17T12:58:39.033959
2573,106,education,"{""education_quality"": 0, ""naturalness"": 0, ""correctness"": 0, ""notes"": """"}",nhmeljak,2025-11-17T12:59:33.889753
2574,5,education,"{""education_quality"": 1, ""naturalness"": 0, ""correctness"": 1, ""notes"": """"}",nhmeljak,2025-11-17T13:04:41.522163
2575,63,education,"{""education_quality"": 0, ""naturalness"": 0, ""correctness"": 1, ""notes"": """"}",nhmeljak,2025-11-17T13:10:51.068588
2576,167,education,"{""education_quality"": 1, ""naturalness"": 0, ""correctness"": 1, ""notes"": """"}",nhmeljak,2025-11-17T13:14:32.767068
2577,65,education,"{""education_quality"": 0, ""naturalness"": 0, ""correctness"": 1, ""notes"": """"}",nhmeljak,2025-11-17T13:21:10.319256
2578,127,education,"{""education_quality"": 0, ""naturalness"": 0, ""correctness"": 1, ""notes"": """"}",nhmeljak,2025-11-17T13:23:15.820718
2579,45,education,"{""education_quality"": 0, ""naturalness"": 0, ""correctness"": 1, ""notes"": """"}",nhmeljak,2025-11-17T13:27:25.714981
2580,155,education,"{""education_quality"": 0, ""naturalness"": 0, ""correctness"": 1, ""notes"": """"}",nhmeljak,2025-11-17T13:41:06.470985
2581,228,education,"{""education_quality"": 0, ""naturalness"": 0, ""correctness"": 0, ""notes"": ""this should be under theme transformation""}",nhmeljak,2025-11-17T13:42:39.578728
2582,249,education,"{""education_quality"": 0, ""naturalness"": 1, ""correctness"": 1, ""notes"": """"}",nhmeljak,2025-11-17T13:49:00.893187
2583,257,education,"{""education_quality"": 1, ""naturalness"": 0, ""correctness"": 1, ""notes"": """"}",nhmeljak,2025-11-17T13:52:41.454253
2584,174,education,"{""education_quality"": 0, ""naturalness"": 0, ""correctness"": 0, ""notes"": """"}",nhmeljak,2025-11-17T13:54:23.994705
2585,33,education,"{""education_quality"": 0, ""naturalness"": 0, ""correctness"": 1, ""notes"": """"}",nhmeljak,2025-11-17T13:55:27.393716
2586,113,education,"{""education_quality"": 0, ""naturalness"": 0, ""correctness"": 0, ""notes"": """"}",nhmeljak,2025-11-17T13:56:29.467897
2587,36,education,"{""education_quality"": 0, ""naturalness"": 0, ""correctness"": 0, ""notes"": """"}",nhmeljak,2025-11-17T13:58:30.087854
2588,70,education,"{""education_quality"": 0, ""naturalness"": 1, ""correctness"": 1, ""notes"": """"}",nhmeljak,2025-11-17T14:01:17.826833
2589,22,questions,"{""difficulty"": 0, ""completeness"": 0, ""correctness_of_responses"": 0, ""notes"": """"}",nhmeljak,2025-11-17T22:02:45.781699
2590,52,questions,"{""difficulty"": 0, ""completeness"": 0, ""correctness_of_responses"": 1, ""notes"": """"}",nhmeljak,2025-11-17T22:11:41.758424
2591,238,questions,"{""difficulty"": 0, ""completeness"": 1, ""correctness_of_responses"": 1, ""notes"": """"}",nhmeljak,2025-11-17T22:14:45.570523
2592,235,questions,"{""difficulty"": 0, ""completeness"": 0, ""correctness_of_responses"": 0, ""notes"": """"}",nhmeljak,2025-11-17T22:28:45.954749
2593,163,questions,"{""difficulty"": 0, ""completeness"": 1, ""correctness_of_responses"": 1, ""notes"": """"}",nhmeljak,2025-11-17T22:32:01.766402
2594,240,questions,"{""difficulty"": 1, ""completeness"": 1, ""correctness_of_responses"": 1, ""notes"": """"}",nhmeljak,2025-11-17T22:35:07.870167
2595,160,questions,"{""difficulty"": 1, ""completeness"": 0, ""correctness_of_responses"": 1, ""notes"": """"}",nhmeljak,2025-11-17T22:38:12.906434
2596,207,questions,"{""difficulty"": 1, ""completeness"": 0, ""correctness_of_responses"": 0, ""notes"": """"}",nhmeljak,2025-11-17T22:40:28.023447
2597,166,questions,"{""difficulty"": 0, ""completeness"": 0, ""correctness_of_responses"": 1, ""notes"": """"}",nhmeljak,2025-11-17T23:04:04.379069
2598,150,questions,"{""difficulty"": 1, ""completeness"": 1, ""correctness_of_responses"": 1, ""notes"": """"}",nhmeljak,2025-11-17T23:05:53.168487
2599,169,questions,"{""difficulty"": 0, ""completeness"": 1, ""correctness_of_responses"": 1, ""notes"": """"}",nhmeljak,2025-11-17T23:08:08.800051
2600,232,questions,"{""difficulty"": 0, ""completeness"": 1, ""correctness_of_responses"": 1, ""notes"": """"}",nhmeljak,2025-11-17T23:10:21.199319
2601,196,questions,"{""difficulty"": 1, ""completeness"": 0, ""correctness_of_responses"": 0, ""notes"": """"}",nhmeljak,2025-11-17T23:14:37.413563
2602,262,questions,"{""difficulty"": 1, ""completeness"": 1, ""correctness_of_responses"": 1, ""notes"": """"}",nhmeljak,2025-11-17T23:19:35.823107
2603,260,questions,"{""difficulty"": 1, ""completeness"": 1, ""correctness_of_responses"": 1, ""notes"": """"}",nhmeljak,2025-11-17T23:21:11.772775
2604,133,questions,"{""difficulty"": 1, ""completeness"": 0, ""correctness_of_responses"": 1, ""notes"": ""i am assuming the age based on the story style since i cannot see what age was in the prompt""}",nhmeljak,2025-11-17T23:23:32.425524
2605,199,questions,"{""difficulty"": 1, ""completeness"": 0, ""correctness_of_responses"": 0, ""notes"": """"}",nhmeljak,2025-11-17T23:25:21.259515
2606,216,questions,"{""difficulty"": 0, ""completeness"": 1, ""correctness_of_responses"": 1, ""notes"": """"}",nhmeljak,2025-11-17T23:27:25.635844
2607,212,questions,"{""difficulty"": 1, ""completeness"": 1, ""correctness_of_responses"": 0, ""notes"": """"}",nhmeljak,2025-11-17T23:29:41.802125
2608,175,questions,"{""difficulty"": 1, ""completeness"": 1, ""correctness_of_responses"": 0, ""notes"": """"}",nhmeljak,2025-11-17T23:31:40.057193
2609,183,questions,"{""difficulty"": 1, ""completeness"": 1, ""correctness_of_responses"": 1, ""notes"": """"}",nhmeljak,2025-11-18T09:47:05.476178
2610,85,questions,"{""difficulty"": 0, ""completeness"": 1, ""correctness_of_responses"": 1, ""notes"": """"}",nhmeljak,2025-11-18T18:41:08.041802
2611,54,questions,"{""difficulty"": 0, ""completeness"": 1, ""correctness_of_responses"": 1, ""notes"": """"}",nhmeljak,2025-11-18T18:43:59.783252
2612,161,questions,"{""difficulty"": 0, ""completeness"": 0, ""correctness_of_responses"": 1, ""notes"": """"}",nhmeljak,2025-11-18T18:56:56.075207
2613,124,questions,"{""difficulty"": 0, ""completeness"": 1, ""correctness_of_responses"": 1, ""notes"": """"}",nhmeljak,2025-11-18T22:48:59.387734
2614,204,questions,"{""difficulty"": 0, ""completeness"": 1, ""correctness_of_responses"": 0, ""notes"": ""not sure about correctness because of creative reflection questions. They do not really have a specific correct answer.""}",nhmeljak,2025-11-18T23:04:10.835496
2615,234,questions,"{""difficulty"": 0, ""completeness"": 1, ""correctness_of_responses"": 1, ""notes"": """"}",nhmeljak,2025-11-18T23:05:22.110927
2616,71,questions,"{""difficulty"": 0, ""completeness"": 1, ""correctness_of_responses"": 1, ""notes"": """"}",nhmeljak,2025-11-18T23:07:10.256729
2617,213,questions,"{""difficulty"": 1, ""completeness"": 1, ""correctness_of_responses"": 0, ""notes"": """"}",nhmeljak,2025-11-18T23:09:34.006029
2618,256,questions,"{""difficulty"": 1, ""completeness"": 1, ""correctness_of_responses"": 1, ""notes"": """"}",nhmeljak,2025-11-18T23:12:10.128076
2619,148,questions,"{""difficulty"": 0, ""completeness"": 1, ""correctness_of_responses"": 1, ""notes"": """"}",nhmeljak,2025-11-18T23:15:19.715756
2620,137,questions,"{""difficulty"": 0, ""completeness"": 1, ""correctness_of_responses"": 1, ""notes"": """"}",nhmeljak,2025-11-18T23:16:33.252169
2621,41,questions,"{""difficulty"": 0, ""completeness"": 1, ""correctness_of_responses"": 1, ""notes"": """"}",nhmeljak,2025-11-18T23:22:49.507176
2622,80,questions,"{""difficulty"": 0, ""completeness"": 0, ""correctness_of_responses"": 1, ""notes"": """"}",nhmeljak,2025-11-18T23:25:38.067524
2623,55,questions,"{""difficulty"": 0, ""completeness"": 0, ""correctness_of_responses"": 0, ""notes"": """"}",nhmeljak,2025-11-18T23:28:35.914979
2624,56,questions,"{""difficulty"": 0, ""completeness"": 1, ""correctness_of_responses"": 1, ""notes"": """"}",nhmeljak,2025-11-18T23:31:54.027154
2625,172,questions,"{""difficulty"": 1, ""completeness"": 1, ""correctness_of_responses"": 1, ""notes"": """"}",nhmeljak,2025-11-18T23:34:18.961394
2626,253,questions,"{""difficulty"": 1, ""completeness"": 1, ""correctness_of_responses"": 1, ""notes"": """"}",nhmeljak,2025-11-18T23:36:02.390189
2627,257,questions,"{""difficulty"": 1, ""completeness"": 1, ""correctness_of_responses"": 1, ""notes"": """"}",nhmeljak,2025-11-18T23:37:49.403549
2628,35,questions,"{""difficulty"": 0, ""completeness"": 1, ""correctness_of_responses"": 0, ""notes"": """"}",nhmeljak,2025-11-18T23:40:49.254299
